<?xml version="1.0" encoding="UTF-8"?><kml xmlns="http://www.opengis.net/kml/2.2" xmlns:ns2="http://www.google.com/kml/ext/2.2" xmlns:ns3="http://www.w3.org/2005/Atom" xmlns:ns4="urn:oasis:names:tc:ciq:xsdschema:xAL:2.0">
    <Document>
        <LookAt>
            <longitude>92.18579515201804</longitude>
            <latitude>9.796859141104619</latitude>
            <altitude>1877825.203636633</altitude>
            <heading>0.0</heading>
            <tilt>0.0</tilt>
            <range>1517381.2596068871</range>
            <altitudeMode>clampToGround</altitudeMode>
        </LookAt>
        <Folder>
            <name>Exclusive Economic Zones (200 NM) (v12, world, 2023)</name>
            <description>Version 12 of the Exclusive Economic Zones from the VLIZ Maritime Boundaries Geodatabase. An exclusive economic zone (EEZ) is a seazone extending from a state's coast or baseline over which the state has special rights over the exploration and use of marine resources. Generally a state's EEZ extends 200 nautical miles out from its coast, except where resulting points would be closer to another country. This dataset also contains delimitation of disputed areas and joint regimes.</description>
            <LookAt>
                <longitude>180.0</longitude>
                <latitude>12.102831589337683</latitude>
                <altitude>1.5223690932214001E7</altitude>
                <heading>0.0</heading>
                <tilt>0.0</tilt>
                <range>1.2301540781246645E7</range>
                <altitudeMode>clampToGround</altitudeMode>
            </LookAt>
            <Placemark id="eez.225">
                <name>eez.225</name>
                <description>&lt;h4&gt;eez&lt;/h4&gt;

&lt;ul class="textattributes"&gt;
  &lt;li&gt;&lt;strong&gt;&lt;span class="atr-name"&gt;mrgid&lt;/span&gt;:&lt;/strong&gt; &lt;span class="atr-value"&gt;8333&lt;/span&gt;&lt;/li&gt;
  &lt;li&gt;&lt;strong&gt;&lt;span class="atr-name"&gt;geoname&lt;/span&gt;:&lt;/strong&gt; &lt;span class="atr-value"&gt;Indian Exclusive Economic Zone (Andaman and Nicobar Islands)&lt;/span&gt;&lt;/li&gt;
  &lt;li&gt;&lt;strong&gt;&lt;span class="atr-name"&gt;mrgid_ter1&lt;/span&gt;:&lt;/strong&gt; &lt;span class="atr-value"&gt;8605&lt;/span&gt;&lt;/li&gt;
  &lt;li&gt;&lt;strong&gt;&lt;span class="atr-name"&gt;pol_type&lt;/span&gt;:&lt;/strong&gt; &lt;span class="atr-value"&gt;200NM&lt;/span&gt;&lt;/li&gt;
  &lt;li&gt;&lt;strong&gt;&lt;span class="atr-name"&gt;mrgid_sov1&lt;/span&gt;:&lt;/strong&gt; &lt;span class="atr-value"&gt;2128&lt;/span&gt;&lt;/li&gt;
  &lt;li&gt;&lt;strong&gt;&lt;span class="atr-name"&gt;territory1&lt;/span&gt;:&lt;/strong&gt; &lt;span class="atr-value"&gt;Andaman and Nicobar&lt;/span&gt;&lt;/li&gt;
  
  &lt;li&gt;&lt;strong&gt;&lt;span class="atr-name"&gt;sovereign1&lt;/span&gt;:&lt;/strong&gt; &lt;span class="atr-value"&gt;India&lt;/span&gt;&lt;/li&gt;
  
  
  
  
  
  
  
  
  
  
  &lt;li&gt;&lt;strong&gt;&lt;span class="atr-name"&gt;x_1&lt;/span&gt;:&lt;/strong&gt; &lt;span class="atr-value"&gt;92.18967&lt;/span&gt;&lt;/li&gt;
  &lt;li&gt;&lt;strong&gt;&lt;span class="atr-name"&gt;y_1&lt;/span&gt;:&lt;/strong&gt; &lt;span class="atr-value"&gt;9.97738&lt;/span&gt;&lt;/li&gt;
  &lt;li&gt;&lt;strong&gt;&lt;span class="atr-name"&gt;mrgid_eez&lt;/span&gt;:&lt;/strong&gt; &lt;span class="atr-value"&gt;8333&lt;/span&gt;&lt;/li&gt;
  &lt;li&gt;&lt;strong&gt;&lt;span class="atr-name"&gt;area_km2&lt;/span&gt;:&lt;/strong&gt; &lt;span class="atr-value"&gt;664448&lt;/span&gt;&lt;/li&gt;
  &lt;li&gt;&lt;strong&gt;&lt;span class="atr-name"&gt;iso_sov1&lt;/span&gt;:&lt;/strong&gt; &lt;span class="atr-value"&gt;IND&lt;/span&gt;&lt;/li&gt;
  
  
  &lt;li&gt;&lt;strong&gt;&lt;span class="atr-name"&gt;un_sov1&lt;/span&gt;:&lt;/strong&gt; &lt;span class="atr-value"&gt;356.0&lt;/span&gt;&lt;/li&gt;
  
  
  
  
  
  
&lt;/ul&gt;
</description>
                <LookAt>
                    <longitude>92.18579515201804</longitude>
                    <latitude>9.796859141104619</latitude>
                    <altitude>1877825.203636633</altitude>
                    <heading>0.0</heading>
                    <tilt>0.0</tilt>
                    <range>1517381.2596068871</range>
                    <altitudeMode>clampToGround</altitudeMode>
                </LookAt>
                <Style>
                    <IconStyle>
                        <color>00ffffff</color>
                        <scale>0.4</scale>
                        <heading>0.0</heading>
                        <Icon>
                            <href>http://icons.opengeo.org/markers/icon-poly.1.png</href>
                        </Icon>
                    </IconStyle>
                    <LabelStyle>
                        <color>00ffffff</color>
                        <scale>0.0</scale>
                    </LabelStyle>
                    <LineStyle>
                        <color>ff000000</color>
                        <width>1.0</width>
                    </LineStyle>
                    <PolyStyle>
                        <color>ff000099</color>
                        <outline>1</outline>
                    </PolyStyle>
                </Style>
                <MultiGeometry>
                    <Point>
                        <coordinates>92.18966657033978,9.977382301943083</coordinates>
                    </Point>
                    <Polygon>
                        <outerBoundaryIs>
                            <LinearRing>
                                <tessellate>1</tessellate>
                                <coordinates>90.22874353648567,15.716835388042995 90.2336111107646,15.713888888861462 92.40472222205366,14.294999999950221 92.83388888906157,14.016388888836374 92.91388888926136,13.95805555591943 93.1347222218536,13.819722221903291 93.6830555557697,13.571666666383791 93.83333333356691,13.800000000399905 94.4999999996418,13.800000000399905 95.03333333296726,13.800000000399905 95.68333333346717,12.901944444380803 95.62651993484789,12.724273453756979 95.49999999990084,12.328611111413736 95.4333333330674,11.72138888928599 95.3666666662343,10.748055555319937 95.26611111113917,10.466666666833518 95.26722222262768,10.311666666783438 95.46666666693332,9.887222222028186 95.59027777799761,9.633333333666684 95.59522185940162,9.624570896329985 95.60343096456793,9.584286911012157 95.60861111081445,9.288333332917247 95.62777777792238,8.801111111089071 95.62833333321694,8.75305555516995 95.65305555596947,8.229722222103106 95.65444444465575,8.16500000014996 95.69666666683347,7.958333333416746 95.54666666623396,7.799999999800235 95.5300000002002,7.783333333766734 95.52000000040013,7.768333333616852 95.42916666700879,7.668333332917555 94.92694444413135,7.039999999700399 94.63333333376707,6.641666666383685 94.54000000020037,6.499999999700421 94.49999999964186,6.4326829266695285 94.40333333296721,6.269999999800703 94.17166666628421,5.999999999800352 93.68666666653385,5.422222221778185 92.85472222205331,4.459444444705923 92.72527777814773,4.308611110714779 92.39861111111449,4.027777777522843 92.16011404762568,3.8406577873275296 92.15932648882679,3.8411126311432895 92.15434291369459,3.8438350921159525 92.1526640350177,3.844788045232278 92.15182539382707,3.8452648693782265 92.14511180636518,3.8490883703321117 92.14418677000393,3.8496161644545737 92.14233662173822,3.850673751892188 92.14141221759999,3.851203139613233 92.13771435643284,3.853324738346018 92.13663436238588,3.8539457067290357 92.13447502180512,3.8551899493569977 92.13300806477062,3.8560377240619204 92.13190219363193,3.856678938882098 92.13140462482411,3.8569677417680595 92.12879067694863,3.8584864484908366 92.12813777993537,3.858866274459203 92.12683205785336,3.859626873381714 92.12617981194879,3.860007307291596 92.12026760136919,3.8634601553619063 92.11952965996628,3.863891757099097 92.11805352085346,3.8647563761060724 92.11731592658904,3.8651890417409476 92.11436504231327,3.866922531749637 92.11362822236518,3.867356007673763 92.11215473085664,3.868224139432698 92.11141911420097,3.8686581738359536 92.09887240973413,3.8760717198342007 92.09730677368887,3.8769996762942327 92.09417631008924,3.8788608709327264 92.09261275957138,3.8797933500833324 92.08636021495235,3.883533806740104 92.0847991816373,3.884470545079793 92.08167880123594,3.8863487890654653 92.08012072758973,3.8872895284890774 92.06765459068717,3.8948394000183697 92.06609903874008,3.8957843671548176 92.0629888008929,3.897679574153358 92.06143538393624,3.8986290423965784 92.05522348507597,3.9024374320420065 92.05367263028816,3.903391129796816 92.05057266000077,3.9053032764250446 92.04902480714955,3.906260942888423 92.03664070460539,3.913946251418622 92.03509542111729,3.9149081186150028 92.03200577414773,3.916837114940961 92.03046267331413,3.917803459862114 92.02429215136189,3.9216793337344455 92.02275165766295,3.922649880287878 92.01967246081577,3.924595703829027 92.01813501222139,3.925570184916225 92.0058344000378,3.9333900257292385 92.0042995648736,3.9343686787717616 92.00123087390605,3.9363312386958427 91.99969826995962,3.937314346080413 91.99356985066848,3.941257249123055 91.99203989972202,3.942244528462311 91.98898183874113,3.9442237995888547 91.9874549751676,3.9452149819858136 91.9752393003541,3.9531684332766304 91.97371509517578,3.954163758850413 91.97066771993971,3.956159650347729 91.96914579364372,3.9571594041833578 91.96306019737077,3.9611688723457235 91.96154096904078,3.962172769357821 91.95850440365595,3.9641852551457077 91.95698830586562,3.9651930210413298 91.94485900553892,3.9732791484141785 91.94334560931262,3.9742910269094835 91.94031990773792,3.9763200161559666 91.9388088389567,3.977336298631471 91.93276678156192,3.9814118597696364 91.93125845481441,3.9824322566434773 91.92824374295438,3.9844777196710623 91.92673858721682,3.9855019503548874 91.9146970886001,3.9937198014278437 91.91319467939107,3.9947481159331346 91.91019100940801,3.9968099628098344 91.90869097440921,3.9978426552143986 91.90269316815571,4.0019838290905625 91.90119592015625,4.003020605316678 91.89820341525584,4.005098805465806 91.89670937963476,4.006139381327557 91.88475710006051,4.014487988429991 91.88326585503572,4.015532616637131 91.88028456917814,4.017627079226358 91.87879574512797,4.018676059252755 91.87284289508378,4.0228823584343445 91.8713569020994,4.023935392604514 91.86838695849181,4.026046085258585 91.86690421835519,4.027102883091743 91.85504256526255,4.035581264164065 91.85356265889007,4.036642083765386 91.8506041078937,4.0387689147538595 91.84912667016013,4.039834059194774 91.84321947779719,4.044104989953425 91.84174491429664,4.045174156162602 91.83879788001829,4.047317094008974 91.837326610735,4.048389988807045 91.82555697897183,4.056997145601983 91.82408858751879,4.058074031591602 91.82115311942121,4.060232981866875 91.81968724157312,4.06131416571634 91.8138264020669,4.0656492235330575 91.81236344251934,4.066734397674267 91.80943966470917,4.068909327103981 91.80798003894765,4.069998192962345 91.79630381616872,4.0787331137423735 91.79484711050603,4.079825939315867 91.79193507154648,4.082016753470668 91.79048092715331,4.083113849025068 91.78466713028396,4.08751252488338 91.78321594645902,4.088613579253547 91.78031576955729,4.090820243959271 91.7788679590893,4.091924953174214 91.76728651945749,4.100786609115005 91.76584167225568,4.101895245669027 91.76295340507605,4.104117666497288 91.76151116500867,4.105230545153617 91.7557450951605,4.109692320144788 91.75430585882887,4.110809124341813 91.75142962457792,4.113047266218629 91.74999380027421,4.11416768838825 91.7385085080617,4.123155035376556 91.73707568929186,4.124279352510257 91.7342115338354,4.126533119208233 91.73278136806587,4.127661649665413 91.72706370512597,4.132185999484463 91.72563658446077,4.1333184231069 91.72278463190585,4.135587776854479 91.72136096373785,4.13672378067821 91.70997317152492,4.145835762010776 91.7085525493612,4.146975627523432 91.70571284467243,4.14926047389207 91.70429492047415,4.150404523050312 91.6986263389347,4.154990916197889 91.69721150210958,4.156138824347224 91.69438416759559,4.1584391237666125 91.69297282193864,4.1595905752449625 91.68168387241306,4.168826118930426 91.6809250352625,4.169447842743736 91.67940673143576,4.170693662782341 91.67864823962461,4.1713169604096265 91.67561372919059,4.173814317476911 91.67485596672972,4.17443887415493 91.67334093913362,4.175689442613759 91.67258429273139,4.176314942680605 91.66652829854266,4.181328699959735 91.66567162774393,4.182039131101121 91.66395863508333,4.183462103193719 91.66310295983428,4.1841741099475485 91.65968085508777,4.187026440218091 91.65864258958405,4.1878936097023995 91.65656733741329,4.189630439792992 91.655184713404,4.190790763083427 91.65427128818996,4.191559576413667 91.6519211141684,4.1935401038929285 91.65137907658331,4.19399740195874 91.65029518667401,4.194912821869465 91.64975383167442,4.195370524630221 91.64462104822317,4.199714787007963 91.64398049530385,4.200257619593515 91.64269936878136,4.201344681412124 91.6420593185833,4.2018884672790335 91.63949907642146,4.204066400444319 91.638859904861,4.2046108167360075 91.6375818926904,4.205700748291065 91.63694397928165,4.206245471251577 91.62585669553064,4.215724862512502 91.6244736641286,4.216910560174426 91.62170930464097,4.219287017781738 91.6203291052042,4.22047680915766 91.6148117509621,4.225246062356064 91.61343476210484,4.226439609300627 91.61068326831835,4.228831107170151 91.60930988394475,4.230028081430916 91.5983253998975,4.239627730935297 91.59695522610318,4.240828429288669 91.59421663758818,4.243234869393888 91.59284934072471,4.24443962998491 91.58738370469447,4.249268723173174 91.58601965888047,4.250477204259582 91.58329409794496,4.252898543433275 91.58193369348547,4.254110412265945 91.57105330506644,4.263829190465046 91.5696961516567,4.265044748316583 91.5669836569705,4.26748088763307 91.56562942365932,4.26870047624611 91.56021615065507,4.273588841052387 91.5588652088625,4.274812114187796 91.55616590273465,4.277263010479757 91.55481863827,4.278489630891926 91.54404362881078,4.288326392948747 91.5426996549655,4.289556667306599 91.54001357426719,4.292022219849613 91.5386725654869,4.293256492593272 91.53331229312803,4.298203553451387 91.53197461543672,4.299441475643789 91.52930188157691,4.301921638573049 91.52796791628643,4.303162867572354 91.51991908829555,4.310812878611671 91.51736116728412,4.313183385405097 91.51602555173858,4.3144228211564695 91.5133545589662,4.316904846581565 91.51202027261783,4.318146425417396 91.50668364073769,4.323119015330391 91.50535952752065,4.324371113536301 91.50272891430828,4.326895933201115 91.50141515498561,4.3281585723605644 91.49247581110981,4.336761689400561 91.49091713132091,4.338285694029821 91.4896196839019,4.339563046097851 91.48687480732681,4.341979236652591 91.48556071795295,4.343242440586494 91.48030834175668,4.348305140769739 91.4789976617129,4.349571920407911 91.47637901847739,4.352109740672333 91.4750721227804,4.3533797443800495 91.46462083238586,4.363563458586896 91.46331734422054,4.364837006522805 91.46071239586112,4.367389042370689 91.45941200046363,4.368666488867447 91.45421450539541,4.373786119733722 91.45291755799937,4.375067104163804 91.45032642502505,4.377633306132324 91.44903329615013,4.378917475061655 91.43869239753647,4.389214460678971 91.43740271396436,4.390502136064853 91.43482542965003,4.393082403430398 91.43353888201423,4.3943739432030355 91.42839688231086,4.399549900407564 91.42711382044664,4.400844940341969 91.42455050440296,4.403439221842788 91.42327129523406,4.404737404008117 91.41304200968105,4.415146449649271 91.41176628448684,4.416448099600302 91.40921696908825,4.419056295411892 91.40794441939968,4.420361776475147 91.40285852390232,4.425593450277674 91.40158949865699,4.426902393730671 91.39905430171493,4.429524449893449 91.3977891642389,4.4308364933098545 91.38767270133454,4.441356373198204 91.38641108470406,4.4426718457292935 91.38389003859496,4.44530766151955 91.38263163883946,4.446626930088868 91.37760244739562,4.451913706252739 91.37634760985455,4.453236397641774 91.37384083238877,4.455885920898751 91.37258991499314,4.457211669083492 91.36258747173477,4.467841145752573 91.36134011205715,4.469170286179974 91.35884763381151,4.471833412582129 91.35760353327666,4.4731663130750405 91.35263164123805,4.478507569268999 91.35139113889036,4.479843853910879 91.34891307677734,4.482520530398261 91.34767652784981,4.483859829567606 91.33778928684629,4.4945976511607455 91.33655633250933,4.4959403021033495 91.33409271710568,4.4986304261532695 91.33286306238088,4.4999768020879145 91.32794905700413,4.505371908786728 91.32672303733878,4.506721629299861 91.32427398465742,4.509425145154523 91.32305195078723,4.510777837027874 91.31328108205676,4.521622739997667 91.31206267874998,4.522978744073882 91.30962821756864,4.525695548311205 91.30841315434421,4.527055240507195 91.30355761838965,4.532503563688508 91.30234622529863,4.533866560893031 91.29992647162985,4.536596598654228 91.298719097609,4.537962523152089 91.28906575767908,4.548913231360757 91.28786204929466,4.550282428491457 91.28545703101733,4.5530255936563435 91.2842567022856,4.5543984429340725 91.2794602104207,4.5598993413815805 91.2782635886941,4.561275454298965 91.27587342002258,4.564031691109662 91.27468084794336,4.565410688152895 91.26514618075211,4.576465912871583 91.2644961633674,4.577220708469255 91.2631959487342,4.578732771900064 91.26254657706309,4.5794890828550905 91.25994932510176,4.582518584964802 91.2593009228996,4.583276032662965 91.2580048865166,4.584792306719848 91.2573577811369,4.585550513445696 91.25217990208083,4.591626444704886 91.25143050781188,4.5925073405416015 91.24993252866395,4.594271253715533 91.24918449956536,4.595153617245771 91.24619389223452,4.598687442072048 91.24525621410348,4.599797870975181 91.24338284624193,4.602021246883282 91.2422451732763,4.603375088989338 91.24172366721413,4.603997409053363 91.24006992998372,4.605972477647811 91.23967812954257,4.606440848166798 91.2388947391016,4.607378202542165 91.23850352411861,4.607846736737699 91.23455502369589,4.612579951403674 91.2340623454011,4.61317122597147 91.23307712910642,4.614354986493709 91.23258499220381,4.614946988612857 91.2306167242829,4.617317418963793 91.23012542554815,4.617909789805054 91.22914323637158,4.619095419118636 91.22865307348113,4.619687798953066 91.2199287763921,4.630243506033125 91.21884091687505,4.631563121740939 91.21666736700573,4.634206570077339 91.21558256338537,4.635529324419053 91.21124770521757,4.640828742352866 91.21016625157174,4.64215426390831 91.20800612228518,4.644808791892316 91.20692832798036,4.646136714637862 91.19831128673687,4.656781011234884 91.19723683701088,4.658111673315318 91.19509014629378,4.660777191914235 91.194018783041,4.662110961152223 91.18973777178135,4.66745439370554 91.18866978638178,4.668790895983179 91.18653663046169,4.671467356633272 91.18547232868505,4.672806221430164 91.17696344350841,4.683538005874297 91.17590251419003,4.684879576731191 91.17378290745549,4.687566889500474 91.17272509698606,4.688911536038859 91.16849837959725,4.694298429229136 91.16744397486022,4.6956457737338155 91.16533801353879,4.698343889159204 91.16428731580723,4.699693558411113 91.15588747522705,4.710511719140754 91.1548401769331,4.711864059379124 91.15274787631412,4.714572888428094 91.15170372834453,4.715928271972345 91.14753174639341,4.721358069119717 91.1464910320357,4.722716115556437 91.1444124856483,4.725435606967707 91.14337550167843,4.726795941279747 91.1350855834335,4.737699356839855 91.13405202588038,4.7390623270649 91.1319872490125,4.74179239180539 91.13095687326145,4.743158372960693 91.12684006291906,4.7486305101900825 91.12581314685977,4.749999119164329 91.12376223304122,4.7527397041740045 91.12273907165141,4.754110562352622 91.11455994088905,4.765098104993783 91.11354023289599,4.76647156311212 91.11150319651605,4.769222580258031 91.11048670000153,4.7705990169312 91.10642549114371,4.77611292946834 91.10541248220082,4.777491957987806 91.1033894149895,4.780253353309817 91.10238018229998,4.781634593261998 91.09431269607435,4.792705124441952 91.09330694376118,4.7940889292607665 91.09129786010865,4.796860613726537 91.09029534895191,4.7982473638249274 91.08629016785764,4.803802478801572 91.08529117035144,4.805191784773257 91.08329616198856,4.8079737044231905 91.08230096411867,4.809365182257395 91.07434596509447,4.820517556240446 91.07335427368147,4.821911563867644 91.07137335319774,4.824703628769598 91.07038493351845,4.826100548401925 91.06643619747311,4.83169629115109 91.06545131752452,4.83309573068361 91.06348457665231,4.835897886878158 91.06250351792337,4.837299459602519 91.05466183977265,4.8485325198600435 91.05368431268138,4.849936585505304 91.05173176311055,4.852748742160941 91.05075753743088,4.854155686535989 91.04686566192109,4.859791477894461 91.04589500115387,4.861200905297693 91.04395673371656,4.864023007555986 91.04298991665158,4.865434529479941 91.03526238045495,4.876747113188841 91.03429912110781,4.878161092060793 91.03237514659602,4.880993049090122 91.03141521743888,4.882409871618478 91.02758060895823,4.888085127926502 91.02662426989465,4.889504398409414 91.02471467913992,4.892346153552353 91.0237622053622,4.893767478086772 91.01614962140823,4.905158413430101 91.01520073052964,4.9065821589396705 91.01330553252464,4.909433622264061 91.012360000614,4.910860178154721 91.00858306116001,4.916574310356268 91.00764114452394,4.9180032764302695 91.0057604301002,4.920864390379492 91.00482239943457,4.922295370934876 90.99732556632242,4.933763478002149 90.99639114283744,4.935196842660318 90.99452492098831,4.938067517302045 90.99359388524985,4.939503657268105 90.98987501142327,4.945256074508421 90.98894761613977,4.9466945877851884 90.987095975899,4.9495747646637795 90.98617248547211,4.951015252851718 90.97879219100739,4.9625593436391 90.97787233294221,4.964002178158168 90.97603528330197,4.96689176734138 90.97511884176154,4.968337342994161 90.97145842386774,4.97412744902276 90.9705456461651,4.975575360214847 90.96872327436009,4.978474302347237 90.9678144230974,4.979924148880386 90.960551440697,4.991543027289026 90.95964624517845,4.992995182381819 90.95783856020174,4.995903386632037 90.95693680908678,4.997358247785002 90.95333523203598,5.003185441854953 90.95084061790087,5.007253831799176 90.94587977043537,5.015409091856213 90.9434156397206,5.019492462707078 90.94135373348846,5.022936844559979 90.93922021514086,5.026409300548764 90.93746080757083,5.029289031363916 90.93538282146054,5.032709600068017 90.9348269253226,5.033625803288416 90.93385656133185,5.035234870293209 90.93348971258038,5.035838456579768 90.93214059641164,5.038053873487556 90.9303067708415,5.041083181343936 90.92984142384287,5.041856484989054 90.9293764329768,5.042629199577988 90.92891153923668,5.0434017486920055 90.92844668416765,5.04417423575255 90.92798239477233,5.04494578032363 90.9275183733748,5.045716875233765 90.92656377180074,5.047308170735718 90.92465888989616,5.050493505571168 90.92370867341654,5.052087440583065 90.9232495542241,5.052860009482046 90.92278906716237,5.0536348788468075 90.92232733364008,5.054411845430408 90.92186660106304,5.055187126684814 90.92140673363437,5.055960953735152 90.92094614045246,5.056735995769884 90.92048440513153,5.057512964152053 90.92002368784333,5.058288215728851 90.91971194415154,5.058812791177445 90.9194418264797,5.059266871469035 90.91815127686053,5.061445686869135 90.91557824274187,5.06580840423463 90.91465997917496,5.067371386380472 90.91364386307387,5.068933888288427 90.91318155398588,5.0697079725451175 90.91271845259504,5.070483385100346 90.91225608684934,5.071257562886501 90.91179445944701,5.072030505004008 90.91133209280238,5.072804682790149 90.91086898781381,5.073580096244569 90.91040662026981,5.074354274929917 90.90994498927026,5.075127217946886 90.90948261992745,5.075901396632219 90.90901951224103,5.0766768109863705 90.90855714199884,5.077450990570981 90.90809550920082,5.078223935386518 90.90763313716016,5.078998114071666 90.90717002677562,5.079773528425548 90.90670809090616,5.080546977760889 90.9062464545108,5.081319922576412 90.90578364270098,5.082094834209499 90.90532053051842,5.082870251261042 90.90485815398065,5.083644432644675 90.90439651578711,5.084417379258852 90.90393413745088,5.085191560642031 90.90347102256968,5.085966977694113 90.90300864423378,5.086741159976839 90.9025470024425,5.0875141074902075 90.90208462230797,5.0882882888735566 90.90162150472875,5.089063707723938 90.9011591227958,5.089837890906026 90.90069747920589,5.090610839319126 90.90023509637288,5.0913850225007735 90.89977197519673,5.092160441351595 90.8993095914648,5.092934626332166 90.8988479451771,5.093707574744812 90.89838555964602,5.0944817588262765 90.89792243577219,5.09525717857602 90.89746004934224,5.096031364455868 90.89699839945663,5.0968043146674376 90.89653601212794,5.097578499648193 90.89607288555547,5.098353920297484 90.89561049642751,5.0991281070766945 90.8951488438444,5.0999010581876405 90.89468645381723,5.100675243168027 90.89422332454691,5.101450665615971 90.8937609318215,5.102224853294558 90.89329969742371,5.102997102934168 90.89283732178549,5.1037712582371455 90.89237375364624,5.104547412733197 90.89191135822287,5.105321602210253 90.89144970024373,5.106094555119839 90.89098730392143,5.106868742798426 90.89052417015452,5.107644167044839 90.89006177203342,5.108418356522165 90.88960011225564,5.109191310330857 90.88913771323487,5.1099654980095295 90.88867457677091,5.110740923155134 90.88821217595151,5.111515113531752 90.88775051347537,5.112288068239991 90.88728811175739,5.113062257717317 90.8868249725949,5.113837683762199 90.88636256997657,5.114611875038179 90.88590090390417,5.11538483064561 90.88543849948772,5.116159021022028 90.88497535852659,5.11693444706718 90.88451368975538,5.1177074053726415 90.88405128354046,5.1184815966484365 90.88358813898165,5.119257023592951 90.88312573186764,5.1200312166674 90.88266406129796,5.120804174073669 90.88220165238491,5.121578366248741 90.88173850512786,5.1223537940924615 90.88127609531617,5.12312798896555 90.88081442204819,5.1239009463717196 90.88035201133661,5.124675138546976 90.87988929845287,5.125449836141058 90.87942806855077,5.126222049807936 90.87831205755586,5.12809744294286 90.87608605113073,5.131851962298356 90.87497667173622,5.1337300417081195 90.8725560745037,5.137843082092672 90.87077630808076,5.140815448474143 90.87001891524122,5.142073091899803 90.86950897715806,5.142927810270464 90.86906241969498,5.143661035628313 90.86664137549954,5.147667627759006 90.86617655370551,5.148442955777952 90.86571527254219,5.1492123806471 90.86525522344996,5.1499797379748316 90.8647428257211,5.1508358520930955 90.86371923535492,5.152548948175408 90.86320821268939,5.153405645054633 90.86116603668378,5.1568349857462294 90.8606562793644,5.157692441652941 90.85963775757696,5.159408579242765 90.85910616651708,5.160305855331217 90.8584295660718,5.161450039388043 90.85753319200333,5.162967807218749 90.85583186265038,5.165852434842279 90.85543234152956,5.1665292097553674 90.85518356566948,5.166950975607207 90.85306857875233,5.170352934640263 90.85260609429608,5.171127196962786 90.85214290477174,5.171902640094885 90.8516804508927,5.1726768493572735 90.85121873535653,5.173449822951028 90.85075628057805,5.174224031314054 90.8502930883557,5.17499947534553 90.84983063177881,5.175773685507281 90.84936891354496,5.176546660899874 90.8489064560683,5.1773208692628 90.8484432611481,5.178096314193738 90.84798080187252,5.178870526154057 90.84751908094117,5.179643501546451 90.84705662076684,5.18041771080884 90.84659342314833,5.181193157538516 90.84613096117519,5.181967369498565 90.84566923754588,5.182740345790521 90.84520677467336,5.183514556851648 90.84474357435678,5.184290004480431 90.84428110968568,5.185064217339843 90.84381938335852,5.1858371945311745 90.8433569177881,5.186611406491224 90.84289371477345,5.187386854119993 90.84243124740473,5.188161068778513 90.84196951837887,5.188934046869122 90.84150705011066,5.189708259728533 90.84104384439811,5.190483708256679 90.84058181230117,5.191257191766098 90.84012008057775,5.1920301698565225 90.83965717254122,5.1928051156637025 90.83919396323083,5.19358056509121 90.83873149136551,5.194354781548029 90.83826975694441,5.195127762336469 90.83780728327989,5.195901976994989 90.83734407217176,5.196677427321603 90.83688159670876,5.1974516437784075 90.83641985958903,5.198224625466139 90.83595738322717,5.198998841923128 90.83549416942085,5.199774293149289 90.83503169125984,5.200548510505655 90.83456995144243,5.2013214930926495 90.83410747238216,5.20209571044893 90.83364425587789,5.202871162574283 90.83318177591863,5.203645380829926 90.83272003250406,5.204418364316211 90.83225755164503,5.205192582571669 90.83179433244291,5.20596803559657 90.83133184888621,5.206742254751404 90.83087010367277,5.207515239137052 90.83040761921663,5.208289458292072 90.82994439731632,5.209064912216078 90.82948191196115,5.209839133169737 90.82902016315015,5.210612118454762 90.82855767599634,5.2113863385088735 90.82809445139836,5.212161793332427 90.82763196334517,5.212936014285901 90.82717066149681,5.21370824953641 90.82670816085349,5.214482488476392 90.82624449648696,5.215258675347783 90.82578200483604,5.2160328998984795 90.82532025062952,5.216805886982328 90.82485775897877,5.217580107935817 90.82439452898475,5.218355565457031 90.82393203463604,5.219129789108706 90.82347027863099,5.219902777091576 90.82300778338302,5.220676998944427 90.82254455069099,5.221452457365103 90.82208205454347,5.222226681916055 90.82162029583995,5.222999670798387 90.82115779789459,5.223773893550515 90.82069456160517,5.22454935376993 90.82023206276025,5.225323579219818 90.81977030135843,5.226096569001513 90.81930780071522,5.226870792653187 90.81884456262654,5.227646252872432 90.81838206108378,5.228420479221853 90.81792029698445,5.229193470802386 90.81745779364289,5.229967695352897 90.81699455285653,5.230743156471675 90.81653204861576,5.231517383720387 90.8160702818187,5.23229037530092 90.81560777577883,5.2330646016502556 90.81514453139559,5.233840063667969 90.81468202445629,5.234614291816229 90.8142202558603,5.235387284295939 90.8137581832942,5.2361607803960055 90.81329493801135,5.236936241514343 90.8128327287479,5.2377099669416225 90.81237021731218,5.2384841959890736 90.81190696933132,5.239259659805612 90.8114444569961,5.240033889752439 90.810982683005,5.240806884030803 90.81052016977051,5.241581112178707 90.81005691909209,5.242356577794155 90.80959440405897,5.243130807740712 90.80913262736911,5.243903802918268 90.80867011143678,5.244678033764373 90.80820685806052,5.2454534993798205 90.80774434032944,5.246227731125032 90.80728256094173,5.247000727202135 90.80682004231133,5.247774957148678 90.8063567853375,5.248550424562609 90.80589426580823,5.249324657207268 90.80543248372223,5.250097654183662 90.80496996239415,5.2508718859289445 90.80450670272265,5.251647353342875 90.80404418049503,5.252421586886996 90.80358239571135,5.253194584762397 90.80311987168491,5.2539688174071415 90.80265660931539,5.2547442866196405 90.80219408439027,5.255518520163761 90.80173229690823,5.256291519837987 90.80126977018435,5.257065752482731 90.80080694308631,5.257840490546386 90.80034441456345,5.2586147258889895 90.79988218731356,5.259388456712131 90.7994196578912,5.260162692054905 90.79895639012548,5.260938162166667 90.79849385980415,5.261712398408449 90.79803206692671,5.262485399881413 90.79756953480663,5.263259635224188 90.7971062643426,5.264035106235326 90.79664373132331,5.264809344276031 90.79618193574814,5.265582345748811 90.79571940092987,5.266356581990692 90.79525612866772,5.267132053901193 90.79479359205104,5.267906292841175 90.79433179377784,5.2686792961127935 90.79386925626173,5.269453533254122 90.79340598130128,5.270229006063914 90.7929436092601,5.271002965314651 90.78928504936604,5.277474378839528 90.78759478527158,5.280206582168262 90.78702505306418,5.281130077991008 90.78647248711601,5.281984386270594 90.78600262821934,5.282752901925093 90.78553218925973,5.283522355572288 90.785000041519,5.284400602006357 90.78459445986701,5.285063893383992 90.78412979995076,5.28583572124171 90.78366457076393,5.286608494286639 90.7831988937144,5.287382009272491 90.78274087888897,5.288159083774744 90.78195292169019,5.2894709437291 90.7811087775485,5.290870785258548 90.7800134977251,5.292690333192468 90.77955655309293,5.293450799015133 90.77780950940152,5.296383041244425 90.77596672568401,5.299503936957137 90.7754034676963,5.300460051190427 90.77438245568598,5.3022067783203966 90.77383427663077,5.30313939326868 90.77351265298685,5.3037174460035175 90.77063410747851,5.3086901825060835 90.76827462997065,5.312881973824048 90.7671899720398,5.314760449835148 90.7646357211618,5.318704436560537 90.7638922318412,5.319976431367536 90.76352093594264,5.320612460696552 90.76203643673281,5.323158594293943 90.76148278800056,5.324109969999171 90.76037684221771,5.326013976863621 90.75965198685006,5.327264990487151 90.75919200700608,5.328060950752501 90.75771626539361,5.330617186434026 90.75736253865043,5.331230659867231 90.7566551085466,5.3324590582392375 90.7563019609668,5.333073020003951 90.75271112721705,5.339323369378292 90.7522632909187,5.340104093329558 90.75136817230393,5.34166699183821 90.75092125691097,5.342448528776657 90.74913470870027,5.345577576843809 90.74868898400976,5.346359452826789 90.74779833592507,5.3479242282208475 90.7473540726327,5.348705967506589 90.73944155128683,5.362650377613022 90.73845597346488,5.364393279026785 90.73648893042017,5.367883920206893 90.73550826919168,5.369630236346495 90.73159387645686,5.376625113758095 90.73061839802105,5.378374349996534 90.72867211312811,5.381876684161796 90.7277021007715,5.383628351267475 90.71995548725621,5.397666259390334 90.71899064600186,5.399420807024896 90.7170651345489,5.402934690283928 90.71610525125632,5.404692592389324 90.712274084482,5.411733716538038 90.71131941725778,5.413494476688953 90.70941480425032,5.417019803821034 90.70846563368283,5.418782930088341 90.70088604765343,5.4329123460280755 90.69994208326048,5.434678289871144 90.69805838218909,5.438214916085698 90.69711941442998,5.4399841559441455 90.69337202759723,5.447070528582344 90.69243831187887,5.44884256353356 90.6905756459494,5.45239038271022 90.68964745386691,5.454164718127387 90.68223599249731,5.468383638194538 90.68131304166369,5.470160728235257 90.67947142256824,5.473719596482383 90.67855350793857,5.475499923183108 90.67489044333948,5.482630538868577 90.67397781312613,5.484413597709505 90.6721573640717,5.4879834071088 90.67125028537296,5.489768698966429 90.66400802335218,5.504075106880848 90.66310621917714,5.505863092208116 90.66130695005589,5.509443697069173 90.66041022165476,5.511234857003316 90.65683200988954,5.518408705797171 90.65594059828041,5.520202534919207 90.65416262960181,5.5237938273235585 90.65327679648729,5.525589824710821 90.64620478422367,5.539981691602108 90.64532425800846,5.541780316808399 90.64356759966549,5.54538215196493 90.64269218699505,5.547183891523716 90.63919934877131,5.554399955393805 90.63832928526884,5.556204301187734 90.63659405507215,5.559816567580668 90.63572959614416,5.561623013291552 90.6288288615635,5.576098298597785 90.62839903958425,5.577001614533174 90.62753980301969,5.578810856236018 90.62711097299362,5.579715551731425 90.62539694341464,5.583338564123665 90.62496933916387,5.5842441454510094 90.62411524762095,5.586056438554067 90.62368910656741,5.586962411086617 90.62028164548192,5.594220576718413 90.61985673470113,5.5951274152981085 90.61900779807198,5.596942713935206 90.61858412026137,5.597850433850439 90.61689118428117,5.6014845483733495 90.61646875203164,5.602393119047335 90.61562500988677,5.604211386346648 90.61520384028509,5.605120779900346 90.61482527336798,5.605939787091572 90.61444622261516,5.606759841993238 90.6140680990641,5.60757788870859 90.61368968503129,5.608396562251684 90.6133109796182,5.609215866219458 90.61293319331267,5.610033179987326 90.61255507605634,5.610851205119317 90.6121757303263,5.611671890445493 90.61179731179689,5.612490568485256 90.6114191846481,5.61330861340177 90.61104140283899,5.614125909183585 90.61066269203005,5.61494521405055 90.61028363318351,5.6157652707506145 90.60990550153824,5.616583320164338 90.6095267880311,5.6174026259305805 90.60914896485312,5.61822000804716 90.60877087097904,5.619037969326925 90.60839180853546,5.619858027825728 90.6080130905323,5.620677337189633 90.60763466480856,5.6214960161285035 90.6072565295656,5.622314062843756 90.606878732468,5.623131379309811 90.6065000207598,5.62395066978786 90.60612095381939,5.624770729186025 90.60574281407978,5.62558878129731 90.60536409337865,5.626408089761682 90.60498631426773,5.627225357664187 90.60460815923929,5.628043437654696 90.60422908780274,5.628863498851601 90.6038503626045,5.629682810913081 90.60347192878672,5.630501491650676 90.60309442486837,5.631318158806096 90.60271569607292,5.6321374726665 90.60233662193801,5.632957534762497 90.60195847500407,5.633775588672449 90.60158003758923,5.634594270309421 90.60120130789451,5.635413581471795 90.6008234928104,5.6362309141254485 90.60044535756757,5.637048935660047 90.60006627803651,5.637868998655605 90.59968754474502,5.638688314314479 90.59930910283325,5.6395069968505425 90.5989315890221,5.640323671200562 90.59855285393135,5.6411429832622275 90.59817377170273,5.641963048056425 90.59779561667463,5.642781103765117 90.59741717116574,5.643599787200557 90.59703907099671,5.644417722400121 90.59666062278998,5.645236407634215 90.59628182744459,5.646055843802202 90.59590308695815,5.646875160360537 90.5955246378521,5.647693845594716 90.59514713932944,5.6485104722807336 90.5947686650421,5.649329206977484 90.59438928333915,5.650149903095837 90.59401083063531,5.650968591927139 90.5936326684135,5.651786649434655 90.59325421481074,5.652605335568111 90.59287610654755,5.653423272565973 90.59249765024694,5.654241960498268 90.59211884680789,5.655061399364101 90.59174044896278,5.6558799577939425 90.58887684748905,5.662159073782433 90.58795787075931,5.6641956029449005 90.58753802765838,5.665094638107206 90.58715645160899,5.665911724346685 90.58677478203091,5.666729015631731 90.58639304050698,5.667546454405553 90.5860110930378,5.668364337444359 90.58562939917763,5.6691816754939595 90.5852503295392,5.669999581915306 90.58486651957449,5.67081525711869 90.58448452084443,5.6716332426802865 90.58410252930841,5.672451212053943 90.58372087322019,5.673268463768679 90.58333983316734,5.6740843934803 90.58295912766218,5.67489960373392 90.58193303448232,5.677107211828556 90.57988878464002,5.681526251935281 90.57887067744016,5.6837375733303475 90.57849488043465,5.684557710969841 90.5781186256743,5.685378848655148 90.57774305979459,5.686198480875291 90.577367493016,5.687018113994881 90.57699334266923,5.687839224700539 90.57661555276579,5.688659136609928 90.57623930969638,5.689480243718549 90.57586369885072,5.690299972166059 90.57548817434022,5.691119506360266 90.57511332791816,5.691937562968221 90.574737201761,5.692758403877519 90.57436039391715,5.693580740359096 90.57397067270895,5.694431255298284 90.57382176925947,5.694746085463507 90.57054574499071,5.70172669872845 90.57016709893307,5.702545716711654 90.56978830718518,5.703365049457659 90.5694098068175,5.704183751778885 90.5690315969309,5.705001824574708 90.5686534410037,5.705819776861404 90.56827493793801,5.7066384791826295 90.56789608683542,5.707457932437933 90.56751758107205,5.708276638356367 90.56713878482722,5.709095971102371 90.56676086722032,5.70991340358097 90.56638270140095,5.710731368457957 90.56600355532035,5.711551453037302 90.56562475547847,5.712370789380699 90.56524624701726,5.713189494399771 90.56486866575679,5.714006190333677 90.56448986411644,5.714825523978774 90.56411071533782,5.7156456094575105 90.56373249375989,5.716463687649366 90.56335398080219,5.7172823935678 90.56297517646354,5.718101729011821 90.56259732720517,5.718918997813702 90.56221907595014,5.71973713266263 90.56183963129425,5.720557849465237 90.5614611138399,5.7213765589810635 90.56108288776537,5.72219463537418 90.56070500703092,5.723011965330073 90.56032619819595,5.723831299874917 90.55994704042402,5.724651388950676 90.55956881075244,5.7254694698403625 90.55919029059962,5.72628817755745 90.55881211578699,5.727106135240021 90.55843359293615,5.727924845655309 90.55805472204813,5.728744306104929 90.5576759069177,5.729563646045534 90.55729738226856,5.730382356460652 90.55691914899992,5.731200435551784 90.55654124308413,5.732017805077803 90.55616244144394,5.73283710634756 90.55578327647723,5.733657197221973 90.55540503871194,5.73447528080969 90.55502621818587,5.735294621649757 90.55464830867302,5.736111992974244 90.55427008709526,5.73693003429382 90.55389091763223,5.737750126067681 90.55351209350843,5.738569470504956 90.55313356166513,5.739388182718628 90.55275595702236,5.740204885846865 90.55237713110026,5.741024227586124 90.55199795803995,5.741844321158723 90.55161971307953,5.742662406544909 90.55124117673896,5.743481120557405 90.55086234811918,5.744300464095133 90.55048441972056,5.745117859701452 90.5501062008407,5.745935881236051 90.54972702328396,5.7467559766072185 90.54934819106646,5.747575322843147 90.54896965022957,5.748394038653927 90.54859203749285,5.749210745379742 90.54821320437648,5.750030088018363 90.54783402322212,5.750850184288808 90.54745576926845,5.7516682732723865 90.54707722483434,5.752486988183989 90.546699026639,5.753304954859885 90.54632047950687,5.754123672469504 90.5459415861358,5.754943140114094 90.54556274672413,5.755762487249214 90.54518455122681,5.7565804431331316 90.54362310512258,5.759982367092732 90.54051909687925,5.766794990596537 90.53977885231271,5.768427480444117 90.5365391939292,5.775360757892983 90.53596006650443,5.776602328634851 90.53499562364917,5.778673624688281 90.53441781193308,5.779916771941586 90.533944403412,5.7809369250991836 90.53356695075459,5.781750439231516 90.53291021093773,5.7831702214287475 90.53159997965562,5.7860114261863345 90.53094669143698,5.787432406280729 90.52878279399104,5.792153560138715 90.52630504034576,5.797435319884286 90.52474111930749,5.800793092527414 90.52436381773626,5.801609040225088 90.52398522743627,5.8024277704253535 90.52360570723798,5.803248511509693 90.52322711513986,5.804067245307337 90.52284881442145,5.804885345982186 90.52247085454687,5.80570270921298 90.52209197466507,5.806522059046117 90.52171274224966,5.807342171504146 90.52133443703522,5.808160277574856 90.52095555085847,5.808979639099263 90.52057754691671,5.809797090463462 90.52019928576917,5.8106150949107445 90.51982004975613,5.811435208268506 90.51944115908267,5.81225457338995 90.51906255889006,5.813073308986063 90.51868425007822,5.813891412358942 90.51830599612535,5.814709397021076 90.51792739323471,5.815528132617189 90.51754844410564,5.81634761734874 90.51716984031626,5.817166352945037 90.51679094514637,5.817985718965929 90.51641300955296,5.818803009351697 90.51603466476857,5.8196211792739945 90.51565541976251,5.820441296228964 90.51527652099477,5.821260664048609 90.51489791360822,5.822079400544098 90.5145202199329,5.822896159430215 90.51414133285644,5.823715493974959 90.51376208605146,5.824535611829219 90.51338376554853,5.825353721497137 90.51300515366543,5.826172458891989 90.51262625040138,5.826991826711719 90.51224828692946,5.827809162063474 90.51186995293645,5.828627294214385 90.5114904093551,5.829448042493425 90.51111179297507,5.830266783485484 90.51073346887475,5.831084892253955 90.51035547572471,5.831902284263137 90.50997658145403,5.832721620606534 90.50959732565647,5.833541741158626 90.5092189970596,5.834359853524575 90.50884037798127,5.835178593617272 90.50846210424291,5.835996583675623 90.50808348246701,5.836815325567159 90.50770451355274,5.837634817493026 90.5073255994972,5.838454188909964 90.50694697592266,5.839272931700691 90.50656864372823,5.840091043167263 90.5061906460817,5.840908428881221 90.50581173922089,5.841727776915519 90.50543247532894,5.84254789926635 90.50505413863809,5.843366015229591 90.50467522008572,5.844185387545721 90.50429723772734,5.845002733689384 90.5039188911442,5.845820864041912 90.50353962275577,5.846640988191041 90.50316070060629,5.847460363205272 90.5027820689377,5.848279107794653 90.5024043707655,5.849095832506862 90.50202573280185,5.849914586988859 90.50164616943542,5.850735341562753 90.50126753416944,5.8515540888501505 90.5008891902846,5.852372205713024 90.500510263638,5.853191579827623 90.50013224171019,5.854008997017829 90.49975391850896,5.854827061719675 90.49937464202665,5.85564718856709 90.49899571088386,5.856466566279082 90.49861707202066,5.857285313566464 90.4982393765462,5.858102016694701 90.49786042831661,5.858921427681864 90.49748114823691,5.859741555428556 90.4971027962574,5.8605596758885525 90.49672415289788,5.861378422276388 90.49634585577704,5.862196421327823 90.49596720971917,5.863015170413945 90.49558821742286,5.863834669534697 90.4952095704655,5.86465341951974 90.49483063212833,5.865472799030655 90.4944519851712,5.866291548116692 90.49407426541555,5.867108289915777 90.49369532438018,5.867927667627768 90.49331603710581,5.868747798072661 90.49293767613304,5.869565921230503 90.49255902467982,5.8703846712157315 90.4921807194651,5.871202672065806 90.49180206621295,5.872021423849773 90.49142306492254,5.872840925668186 90.49104411849177,5.873660307877117 90.49066546433974,5.874479059661084 90.49028773199362,5.8752958149500785 90.48990907964051,5.876114554143598 90.48952949379154,5.8769353159123625 90.48915083424382,5.877754071293552 90.48877246607671,5.878572196250033 90.48839351604838,5.879391578458794 90.48801551480463,5.8802089075150406 90.48763712325487,5.881027075639324 90.48725782339014,5.88184720968097 90.48687886796577,5.882666595487109 90.4865002057202,5.883485349969192 90.48612246078355,5.8843021169494705 90.48574380483322,5.885120849847382 90.48536420999054,5.885941614314092 90.48498554324877,5.886760372393383 90.48460716698767,5.8875784982492405 90.4842288464844,5.888396503596084 90.48385017704416,5.889215259876366 90.48347116136532,5.89003476709108 90.48309249012695,5.890853525170371 90.48271352840723,5.891672911875432 90.48233485716818,5.892491669055445 90.48195712392251,5.893308395566223 90.481578148713,5.894127803855085 90.48119883715722,5.8949479414943085 90.48082045280208,5.895766072746113 90.48044177796581,5.8965848299260415 90.48006344936917,5.897402837970901 90.47968477183522,5.8982215978485755 90.47930574716295,5.8990411068619295 90.47892706783026,5.899859867638881 90.4785480980166,5.9006792570421425 90.47817011925613,5.901496500663015 90.47779166655229,5.902314766813134 90.47741205642191,5.903135536675876 90.4770333734916,5.903954299251481 90.47665498194229,5.904772430503471 90.47627629901248,5.905591190381415 90.47589796142225,5.906409202023312 90.47551927579414,5.9072279645990875 90.47514024302782,5.9080474763101165 90.47476126512063,5.908866869310771 90.47438257769423,5.909685631886461 90.47400481117333,5.910502401564756 90.47362613004216,5.911321146154123 90.47324651181722,5.91214191871488 90.47286782079388,5.912960684887693 90.47248942115041,5.913778817038974 90.4721113740409,5.914596186564992 90.47173268031938,5.915414951838613 90.4691060556004,5.921467014191563 90.46886556159657,5.921957244531541 90.4684338798202,5.922868406152361 90.4679816979972,5.9237692057843105 90.46761584209767,5.92459480500645 90.46723507274092,5.925411508134772 90.46684410237381,5.926223511406249 90.46644256407339,5.9270327366717055 90.4660573664543,5.927849491061522 90.46567258702046,5.928665365014808 90.46528792629684,5.929480982661374 90.46490342025712,5.930296275652722 90.4645185347031,5.931112365443312 90.46413356281417,5.931928645890451 90.46374860621361,5.932744887666487 90.46342381965374,5.9334405924095535 90.4626038322015,5.93519342413741 90.46226357010815,5.935926066734666 90.46190063340808,5.936715141790529 90.46018967411479,5.940440465555298 90.45981428809947,5.941259702973113 90.4594312164775,5.942075384471636 90.45906375169116,5.942897658000717 90.45868012788608,5.9437143287536145 90.45831094179701,5.94454057368857 90.45792781981353,5.945355935927807 90.4575519193863,5.946176183284237 90.45724463183481,5.946871516607345 90.45682411424215,5.947826066919731 90.45645460799378,5.948648755036203 90.45606902636476,5.949466401553366 90.45572118478546,5.950298673744882 90.45533022431093,5.951111355105056 90.4549890934725,5.951945590516729 90.45374410260868,5.9547640478227635 90.45109134089293,5.960618391525642 90.45052406563329,5.961267522178616 90.45014504006159,5.9620869286690095 90.4497669974497,5.962904209161977 90.44938849708191,5.963722474412734 90.44900912257324,5.964542632736482 90.44863009250528,5.965362041924706 90.44825135471652,5.966180821587898 90.44787354412873,5.966997592165285 90.44749451226247,5.967816998655763 90.44711513415646,5.96863715877798 90.44673668235245,5.9694553107140536 90.44635794096646,5.9702740894778685 90.44597954492068,5.971092120005537 90.44560080083656,5.971910901467012 90.44522170961469,5.97273043116472 90.44484296373221,5.973549213525473 90.44446392646958,5.974368624512621 90.44408517968773,5.975187405974282 90.44370737269767,5.976004154968052 90.44332832194456,5.976823589337471 90.44294893484587,5.977643751258256 90.44257047584742,5.978461905892331 90.44219172636727,5.979280687353807 90.44181332132806,5.980098720579505 90.44143456915063,5.9809175038398905 90.44105546893488,5.9817370380340975 90.44067642447763,5.982556451718992 90.44029767050145,5.983375235878668 90.43991984462568,5.98419201095264 90.43954108885075,5.9850107942128545 90.4391614031766,5.985831587458051 90.43878264560303,5.986650375214936 90.43840417851041,5.987468530748217 90.43802542093695,5.988287314907893 90.43764700870295,5.989105349932046 90.43726824753199,5.989924135890462 90.43688913922236,5.9907436727825 90.43651008667123,5.991563089165425 90.43613132460135,5.992381875123485 90.4357534906317,5.9931986537950195 90.43537472586345,5.994017439753165 90.43499503299441,5.994838235696122 90.43461626642775,5.995657025251646 90.43423779214064,5.996475182583751 90.43385937271259,5.997293220305934 90.43348060434667,5.998112008962195 90.43310148884271,5.998931547653058 90.4327229749853,5.999749784125413 90.42986065324718,6.0060215886256 90.42893851629967,6.008063970576018 90.42852025960283,6.008958965983581 90.42813849019942,6.0097758840501 90.42775648157684,6.010593311132482 90.42737449723543,6.011410686953724 90.42699231864125,6.012228477362541 90.42661015443528,6.0130462344962865 90.42622834186457,6.0138632388974855 90.42584638630237,6.014680547269663 90.42546444153109,6.015497834057953 90.4250823132983,6.016315509353433 90.42470000160418,6.0171335767533805 90.42431846872253,6.017949976810186 90.42393762202423,6.0187649055761625 90.42291111965281,6.020971811300285 90.42086604783006,6.02538944306859 90.41984752874092,6.0276000620933985 90.41947053204004,6.028422221408434 90.41909343101727,6.029244616346176 90.41871809626369,6.030063153192131 90.41834148177438,6.030884481533917 90.41796513798127,6.031705219920056 90.41759047861817,6.032522282777336 90.4172144244067,6.033342379946973 90.41683688811239,6.034165713776986 90.41646092922898,6.034985609498605 90.41608521406172,6.035804968324811 90.41570956634357,6.036624180561532 90.41533347166265,6.037444364066104 90.41494041037194,6.038301549277364 90.41479286669804,6.03861368777153 90.41151093568166,6.045601865234005 90.41113228602674,6.046420313946541 90.41075254549403,6.047241125178061 90.4103737312632,6.048059930022077 90.40999520931192,6.048878103541938 90.40961704169345,6.049695507242049 90.40923792618966,6.050514958698599 90.40885847254103,6.051335142203186 90.4084799460932,6.052153318421162 90.40810112916373,6.052972123265178 90.40772201995551,6.053791556735234 90.40734381006908,6.05460904587072 90.40696530970186,6.055427157337746 90.40658556107499,6.056247970367735 90.40620673874994,6.057066777909583 90.40582820870512,6.057884953228196 90.40545002400015,6.058702380310933 90.4050709093951,6.059521814680181 90.40469144675362,6.060342000882599 90.40431291221151,6.061160180697968 90.40393379580823,6.061979615067386 90.40355557153262,6.062797123088927 90.40317707206478,6.063615220166568 90.40279760582544,6.064435407268363 90.40241848582505,6.06525484613455 90.4020396563055,6.066073654575689 90.40166111816669,6.066891832592134 90.40128292446778,6.067709263272079 90.40090380176903,6.068528699440151 90.40052433193276,6.069348888340684 90.40014578929711,6.070167069954607 90.3997666639008,6.0709865088204396 90.39938848099419,6.071803910721982 90.3990099239692,6.072622118416106 90.39863044963582,6.073442308215917 90.39825132064246,6.07426174977995 90.39787248392847,6.075080560019998 90.39749457891239,6.075897353080393 90.39711544452237,6.076716801839012 90.39673596659205,6.07753699253837 90.39635741676173,6.078355176849968 90.39597857555114,6.0791739888886696 90.39559944296039,6.079993429553326 90.39522125735542,6.0808108215625225 90.39484268594148,6.081629045444231 90.39446320351422,6.082449237042965 90.39408406642698,6.08326868130483 90.39370522071974,6.084087494242723 90.39332741822616,6.084904052580029 90.39126002343178,6.089416064599774 90.38900834585868,6.094378521851468 90.38802120051847,6.09649820592773 90.38647658342805,6.099796161064177 90.38608932456307,6.100623956430752 90.38544398005618,6.10200505518921 90.38505717265079,6.102833838011406 90.38461843928982,6.103774909284937 90.38424349124435,6.104579203567582 90.38358536557288,6.105995234692557 90.38227234639194,6.108828939104384 90.38161765792913,6.110246169025629 90.37900470920007,6.115919766983836 90.3783533005649,6.117338514960622 90.37772400895611,6.118713299579213 90.37545930650234,6.1235425186725365 90.37400387427962,6.126666855191374 90.37362532804676,6.127484949570814 90.37324707499292,6.128302408129784 90.37286848469327,6.129120593340744 90.37248866861742,6.129941427055343 90.37210977974294,6.1307602561811905 90.37173118224851,6.131578453083421 90.3713529300941,6.132395902648781 90.37097374804054,6.133215358602101 90.37059421974757,6.134035565489228 90.37021561775688,6.134853766888028 90.36983643480406,6.135673223740454 90.36945754143281,6.136492051966826 90.36907956896712,6.137308889993378 90.36870068099196,6.138127701132632 90.36832085682246,6.138948538444353 90.367941959854,6.139767370268032 90.36756335426585,6.140585569868364 90.3671850868229,6.1414030383196945 90.36680590476888,6.142222479883728 90.36642636748346,6.143042689468871 90.36604775739866,6.1438608935654315 90.36566856545252,6.144680353115959 90.36529032139177,6.145497765809395 90.36491169152188,6.146316005879328 90.36453214973929,6.147136217262755 90.3641529541957,6.147955679511128 90.36377405003262,6.148774513133361 90.36339543635088,6.149592715431638 90.36301687752749,6.150410798119978 90.36263796976667,6.151229630842849 90.3622587157677,6.152049213600421 90.36187980620835,6.152868049021492 90.36150060706771,6.1536875112696805 90.36112234142306,6.154504952741533 90.36074371604994,6.155323169428911 90.36036387569291,6.156144012136679 90.35998496253652,6.15696284935612 90.35960634165954,6.157781054352242 90.3592280661226,6.158598511112558 90.35884886068666,6.159417974260208 90.3584693081124,6.160238188342021 90.35809068183991,6.161056396935351 90.35771176598584,6.161875233255429 90.35733255785172,6.1626946982019035 90.35695429940202,6.163512110895255 90.35657565064619,6.164330361757081 90.3561958012958,6.165151207162509 90.3558168809449,6.165970047080151 90.35543825107479,6.166788254774289 90.35505996744396,6.167605713333089 90.35468075391387,6.168425179178939 90.35430119324556,6.169245396857775 90.35392255887947,6.170063608149121 90.35354334355074,6.170883074894164 90.35316502574565,6.171700602700852 90.35278642195627,6.1725187438449325 90.35240685679119,6.173338962423415 90.35202763696614,6.174158432765566 90.35164870852125,6.174977273582499 90.35127007145687,6.175795483974568 90.3508917788329,6.176612946130746 90.3505125572091,6.177432413774895 90.35013298844709,6.178252633252654 90.34975434598633,6.1790708481412935 90.34937512256388,6.179890317584352 90.34899682364502,6.180707787834422 90.34861818388245,6.181525991931082 90.34823861062338,6.18234621320731 90.34785938270457,6.1831656862474915 90.34748044706552,6.183984527963787 90.3471024386271,6.1848013641917845 90.34672320890931,6.185620833634573 90.3463436329528,6.186441055810349 90.3459649832977,6.187259272497556 90.34558604316172,6.188078116012591 90.34520681164523,6.18889758815331 90.34482851182682,6.18971504491337 90.34444985587632,6.190533268795534 90.34407027452383,6.191353491870416 90.34369103851103,6.1921729676087125 90.34331209477764,6.192991812922045 90.34293407554733,6.193808656344629 90.34255484043379,6.194628123988863 90.3421752554842,6.1954483488623 90.34179659863449,6.1962665673483315 90.34141765040445,6.197085412661849 90.3410390484137,6.19790350973949 90.34066009748611,6.198722355951915 90.34028079941973,6.1995419539983345 90.33990155621231,6.200361431534915 90.33952260438505,6.201180279546449 90.33914394303886,6.201998496233827 90.338765628831,6.202815963785881 90.33838638202636,6.203635442222094 90.33800678808316,6.204455669793376 90.33762812313958,6.205273890977338 90.33724916681584,6.206092738989057 90.33687055583167,6.206910838764358 90.33649159770928,6.207729688574361 90.3361122915492,6.208549288419064 90.3357330402479,6.209368768653846 90.33535408032677,6.210187617564657 90.33497604850643,6.2110044600877785 90.33459708588728,6.211823309897966 90.33421719426823,6.212644168793574 90.33383822985095,6.213463022200784 90.33345955771304,6.214281244284209 90.33308030191469,6.215100724519175 90.3327019967002,6.215918149802903 90.33232329848173,6.21673641955033 90.3319436937467,6.217556650719004 90.33156443345231,6.218376133651802 90.33118546543713,6.219194986160005 90.33080742552292,6.220011831381157 90.33042845480995,6.220830683888991 90.33004855509714,6.221651545482629 90.32966958258541,6.222470400688493 90.32929090235339,6.223288624570657 90.32891227608101,6.22410672974199 90.32853330177059,6.224925584048663 90.32815398032253,6.225745188389951 90.32777500421358,6.226564044495177 90.32739573672407,6.227383528327266 90.32701676061524,6.2282023835334 90.32663871170777,6.229019232351845 90.32625944241997,6.229838716183835 90.32587982599344,6.230658950949817 90.3255011367684,6.23147717932855 90.32512215616319,6.232296035433876 90.32474352179631,6.233114143303325 90.32436453939218,6.233933000307843 90.32398520985018,6.2347526064477705 90.32360622564747,6.235571466150574 90.3232269500642,6.236390952680324 90.32284862776217,6.237208379763146 90.32246990885963,6.238026660302111 90.32208999295935,6.2388475263922345 90.3217110051593,6.239666386994415 90.32133230873947,6.240484617171532 90.32095332004039,6.241303475075412 90.32057467757963,6.2421215847437 90.32019568708151,6.242940445345425 90.31981634854637,6.243760055082561 90.3194370657682,6.244579545209874 90.31905807347155,6.245398404912677 90.31868000477894,6.246215268120338 90.3183010151802,6.24703411793034 90.31792109118581,6.24785498671848 90.31754209529166,6.248673850018406 90.31716339077823,6.249492081994092 90.31678503160455,6.2503095657339 90.31640574253149,6.251129055861213 90.31602610632015,6.251949296023497 90.31564739730968,6.252767532495852 90.31526810643837,6.2535870235225275 90.3148891060479,6.254405886822539 90.31451103375755,6.2552227419362225 90.31413203156816,6.256041604336872 90.31375209948035,6.256862475822857 90.31337309549215,6.257681342719991 90.3129943828852,6.258499576494316 90.31261572423685,6.259317691558465 90.31223671755097,6.260136556656946 90.31185736462626,6.260956170890765 90.31147847934872,6.2617747715884775 90.3086713346149,6.267999267252705 90.30816984386362,6.269069232059508 90.30774760406896,6.270006892204407 90.3073030592893,6.270923117907714 90.30692024757198,6.271741922751559 90.30653789091141,6.27255975452924 90.30615599920051,6.273376590757138 90.30577411648247,6.274193404502228 90.30539186414344,6.275011013247635 90.30500922599552,6.275829439477178 90.30462708787044,6.276646799110765 90.30424488949032,6.277464287347058 90.30386256970215,6.278282033689081 90.30348390655766,6.279100132565276 90.30309888610489,6.279915476817834 90.30271606809285,6.28073428435988 90.30233404597962,6.281551387686477 90.30195244205211,6.282367594389143 90.29990531078195,6.28678788994948 90.29969775894463,6.287697669312166 90.29929704082602,6.288502884500744 90.29891363195898,6.289321769384287 90.29852351864568,6.290131178111707 90.2981570197309,6.29095667211304 90.29775536991465,6.291763001561591 90.29735020734645,6.2925685243179 90.29696209412569,6.2933823298309335 90.29657562396633,6.294197767613113 90.29618903779445,6.29501342572928 90.29591239823921,6.2956529147503915 90.29542673735446,6.2966450018654285 90.29506098577636,6.297473270275461 90.2946793872442,6.2982891460274 90.2931571875549,6.301563717891369 90.29026216646608,6.307635960131606 90.28987682945277,6.3084521380560545 90.2894943558803,6.309270263012181 90.28911818475663,6.31009038266518 90.28874229871852,6.310909876389971 90.28836669596669,6.311728754978105 90.28799031350255,6.312549324292206 90.287613404935,6.313371048335327 90.2872375152995,6.314190546556517 90.28686131899488,6.315010712974228 90.2864854428494,6.315830180618548 90.2861092897123,6.316650249909159 90.28573272378677,6.317471219421435 90.28535625408804,6.318291978492198 90.28498001641466,6.319112231244674 90.28460471583551,6.3199304407375365 90.28422859687262,6.320750426391143 90.28385145088433,6.321572656752707 90.2836852112039,6.321993381189685 90.2834784939379,6.322393174805413 90.28310838604338,6.323215066122458 90.28273770977788,6.3240382200879 90.28240535902037,6.32487547362426 90.28198676777569,6.325675835171793 90.28162241824018,6.326502428144792 90.28125750483011,6.327327896964931 90.2808720724885,6.328142419237324 90.28052036562283,6.328969712782097 90.28014614512895,6.329788571585539 90.27963877550965,6.330561203437014 90.27925970407236,6.3313800919178505 90.27888092401591,6.332198347276176 90.27850219881802,6.333016483923572 90.27812312468299,6.333835370606039 90.27774370430924,6.334655005524382 90.27736462927433,6.335473894005219 90.27698526286011,6.336293410212917 90.2766061878261,6.337112296895029 90.27622803999262,6.337929178089269 90.27584867088004,6.338748692498314 90.275468955528,6.339568958740799 90.27509044167081,6.340386624143477 90.272230222547,6.346649328403998 90.27130434082343,6.348698892340167 90.27088820472719,6.349588713948208 90.27050593440137,6.3504061194469585 90.2701237108412,6.351223426020482 90.26974123546975,6.352041267690694 90.26935860991264,6.352859428619922 90.26897659229653,6.353676290028929 90.26859424642751,6.354493850211142 90.26821199498804,6.3553112134419365 90.26782950073132,6.356129087487574 90.26744684639525,6.356947305973435 90.26706461024358,6.35776462963409 90.26668271853279,6.35858121315259 90.26630144555551,6.359396472869037 90.26527426149849,6.3616032670772 90.26322783169954,6.366020675813601 90.26220863631946,6.3682311806247185 90.26183197236813,6.369052026030133 90.26145416807574,6.369875361658885 90.26107795648309,6.3706952250047095 90.26070187079509,6.371514811359589 90.26032590741508,6.372334129716478 90.25994950516602,6.3731544013548245 90.25957254353833,6.373975895171526 90.25919634183813,6.374795728839956 90.25882018060682,6.375615473475406 90.25844698803806,6.376437850426484 90.25806669981856,6.3772574835460745 90.25769047833293,6.3780773585833686 90.25729530363563,6.3789385331867265 90.2571480810195,6.379250202235255 90.25386024415522,6.386245993357917 90.25348113404718,6.387064872845684 90.25310230182995,6.38788314708988 90.252723179132,6.38870204906037 90.25234376415338,6.389521580556547 90.25196526648435,6.390339129946867 90.2515864432601,6.391157378110492 90.25120638796503,6.39197828826768 90.25082726076997,6.392797193835577 90.25044842495541,6.393615468079403 90.25006993447991,6.394432994087538 90.24969051410633,6.3952525255837145 90.24931074659403,6.396072808013784 90.2489319062831,6.396891086754465 90.24855248411049,6.397710619150004 90.24817399003805,6.398528147855799 90.24779514882752,6.399346421200619 90.24741537681817,6.400166706328534 90.2470359510485,6.400986242321196 90.24665681576002,6.40180514878891 90.24627797185124,6.40262342483139 90.24589947328249,6.403440953537185 90.24552004481447,6.4042604877315625 90.24514026920863,6.405080773758925 90.24476142080366,6.40589905429799 90.24438199053677,6.406718589391559 90.24400348027652,6.40753613698331 90.24362463816684,6.408354396838206 90.24324485896355,6.409174682865483 90.24286631992535,6.409992288013697 90.24132175949197,6.413352625523544 90.23825107832502,6.420081867484271 90.23747691492835,6.421789700734195 90.23426788475538,6.428647271454537 90.23368768713735,6.429889281965075 90.23272146182629,6.431961311865265 90.2321425817149,6.43320489888724 90.23167013097228,6.434221470944351 90.2312937278239,6.4350315073983495 90.23063536203259,6.436452676350115 90.22932188689575,6.439296656415706 90.22866698259546,6.44071902596238 90.22645543636966,6.445536940577469 90.22392719568401,6.450920553041385 90.2223897165126,6.4542175845738825 90.22201211097038,6.45503310059739 90.22163317892856,6.455851475565268 90.22125306517742,6.4566724037085095 90.2208738786268,6.457491328162277 90.22049498345692,6.458309622191436 90.22011579690675,6.459128543048166 90.2197369556965,6.459946716567856 90.21935776554912,6.460765641021794 90.21897822916222,6.461585314610886 90.21859874763433,6.46240486769068 90.21821955658785,6.463223791245156 90.2178412945403,6.464040708411957 90.2174621016949,6.464859631966533 90.21708197895035,6.465680562807876 90.2167027843063,6.466499490858936 90.21632388104288,6.467317785787287 90.21594532401801,6.4681353333790526 90.21556583619483,6.4689548873584926 90.2151860012332,6.469775191372094 90.21480709347284,6.470593490796929 90.2144276047504,6.4714130456756465 90.21404840560982,6.472231971928238 90.21367013546856,6.473048891793155 90.2132909336299,6.4738678180453775 90.21291080279164,6.4746887524840275 90.21253160005355,6.475507681434465 90.2121526886958,6.476325979960208 90.211773832197,6.477144157976738 90.21139462765998,6.477963086927076 90.21101507508578,6.478782764113291 90.21063586875042,6.47960169396309 90.21025637103529,6.480421251539838 90.2098778077154,6.481238791037356 90.20949888466637,6.482057103053009 90.20911903711445,6.482877410664102 90.2087395358009,6.483696970938681 90.20836032586854,6.484515901687573 90.20798140551781,6.485334202911332 90.20760254092514,6.4861523836258925 90.20722332829442,6.486971314374884 90.206843767626,6.487790995158306 90.20646455319726,6.488609927706136 90.20608504738718,6.489429487980715 90.20570647957064,6.490247021183265 90.20532754393142,6.491065343990655 90.20494739780466,6.491886282925975 90.20456817887853,6.492705218171636 90.20418925223274,6.49352352119368 90.20381067092634,6.494341075980046 90.20343115882113,6.4951606371539015 90.20305130047731,6.495980948362373 90.20267236933469,6.4967992558811005 90.2022931468118,6.497618190227385 90.20191363200891,6.498437752300617 90.20153505160172,6.499255298993191 90.20115611326466,6.500073613706604 90.20077595814448,6.500894555339585 90.20039673202402,6.501713493283262 90.20001779638417,6.5025317990035205 90.1996392069843,6.503349356487718 90.19925968678561,6.504168920359689 90.19887982034757,6.504989234265906 90.1985008802121,6.505807544482735 90.19812135911391,6.506627109253813 90.19774271575423,6.507444777354678 90.19736382508083,6.508262975156285 90.19698395324693,6.509083290861241 90.19660442855152,6.50990285833052 90.19622519433736,6.510721797173389 90.19584625060443,6.5115401055916635 90.19546765221062,6.512357665773877 90.19508812481766,6.513177232343693 90.1947082493862,6.513997548947756 90.19432930115656,6.514815861862701 90.19394977196478,6.51563542933188 90.19357115648396,6.516453020090964 90.193192221744,6.517271299731021 90.19281234181668,6.518091618133823 90.19243280812785,6.518911189200125 90.19205356581998,6.519730128942271 90.19167525161228,6.520547064095851 90.19129571612515,6.521366631564931 90.19091583349953,6.522186951766386 90.19053687807471,6.523005265580707 90.1901576321691,6.523824207121777 90.1897780939843,6.524643778188079 90.18939952167099,6.525461261927703 90.18902052757576,6.526279653982982 90.18864063955428,6.527099975083985 90.18826109777174,6.527919548848317 90.18788184736982,6.528738491288479 90.18750352506825,6.529555428240528 90.18712398148662,6.530374999306829 90.18674409076746,6.5311953213071945 90.18636512634967,6.532013638718638 90.18598587325013,6.5328325811589 90.18560696459016,6.5336507762625615 90.18522770789306,6.534469721400669 90.18484810405735,6.535289416573377 90.18446855508009,6.536108991237256 90.18408929658429,6.5369279372746405 90.18371032946814,6.537746252887416 90.18333170769287,6.538563821163606 90.18295215511861,6.539383394927754 90.18257225630478,6.540203719626149 90.18219328469254,6.541022039735594 90.18181402259953,6.541840984873701 90.18143510584574,6.542659182675294 90.18105584105453,6.543478130511517 90.18067622912517,6.544297828382071 90.18029667115505,6.545117405743781 90.17991740546418,6.545936353579904 90.17953906787423,6.5467532950286085 90.17915979948535,6.54757224196554 90.1787796011981,6.548393197987821 90.17840033101075,6.5492121494213364 90.17802135220384,6.550030470430158 90.17764178973741,6.550850047791684 90.17726313648481,6.551667663731877 90.17688417566458,6.5524859388749945 90.17650426426084,6.55330626807006 90.17612469819628,6.554125849028793 90.17574542351306,6.554944798663755 90.17536707782861,6.555761742810304 90.17498780134613,6.556580693344628 90.17460759496461,6.5574016520647405 90.1742283157844,6.558220606196187 90.17384932978271,6.559038928104201 90.17347039774106,6.559857130402463 90.17309111676181,6.5606760836346325 90.17271148954379,6.561495785102579 90.17233220676624,6.562314739233841 90.1719526335078,6.563134321092136 90.17157335162929,6.563953273424929 90.17119499605283,6.564770222068148 90.1708154209953,6.565589803027251 90.17043549790029,6.5664101340206855 90.17005650200642,6.567228462224023 90.16967721563131,6.568047415456192 90.16929827549515,6.568865620452115 90.16891898642237,6.569684576382301 90.16853935021138,6.57050428144764 90.16815976885871,6.571323866903228 90.16778047978559,6.572142821933866 90.16740211791407,6.572959770577086 90.16702282524355,6.573778726507086 90.16664260357382,6.574599689723968 90.16626330910495,6.575418648352169 90.16588430601612,6.576236976555407 90.16550501154748,6.577055932485322 90.16512606331744,6.5778741401797305 90.16474676615044,6.578693097908115 90.1643671218458,6.579512806570833 90.16398753239892,6.580332393824904 90.163608234333,6.581151351553828 90.16322986436697,6.58196830379444 90.16285056360257,6.5827872615230945 90.16247033293993,6.583608226538431 90.16209103127656,6.584427188763854 90.16171202009386,6.5852455187657455 90.16133306377012,6.58606372915807 90.16095375940913,6.58688268958457 90.16057410790918,6.587702398247117 90.16019480174927,6.588521360472711 90.15981520510789,6.589340949525237 90.15943589804843,6.590159909952092 90.15905751998898,6.590976864890635 90.15867821113076,6.591795826216497 90.15829797327322,6.592616793930048 90.15791866261648,6.593435757953927 90.15753964334007,6.594254090653848 90.15716067892279,6.595072303743834 90.15678136646696,6.595891266868804 90.1564017068736,6.596710978229282 90.15602239172009,6.597529943152537 90.15564278698557,6.598349534903264 90.15526409686109,6.599167149044817 90.15488508477884,6.599985454764976 90.15450483882782,6.600806425176444 90.1541255209763,6.601625391898537 90.15374649450584,6.60244372729629 90.15336717575477,6.603262690420976 90.15298820324344,6.604080907108369 90.15260888179469,6.6048998729309005 90.15222921410745,6.60571958698948 90.15184989175933,6.606538554610935 90.15147027803133,6.60735814816023 90.1510915933026,6.60817573712086 90.15071255963753,6.608994074317167 90.15033230559166,6.609815046527203 90.1499529796466,6.610634015947127 90.14957394508181,6.61145235404291 90.14919525585677,6.612269943902902 90.1488156367329,6.613089538351559 90.14843566957117,6.613909884633756 90.14805663050961,6.614728226326562 90.14767720114205,6.615547410684428 90.14444843444804,6.622713057661542 90.14388245511154,6.623875809121543 90.14349935651038,6.6246946229586285 90.14311656817566,6.625512774894787 90.14273412607949,6.6263301830917385 90.14235204101433,6.627146830462095 90.14196950269101,6.627964446402288 90.14158655067914,6.628782941879464 90.14120408340173,6.629600402236903 90.14082155676985,6.630417989398879 90.14043900135928,6.6312356359159565 90.14005675351703,6.632052621431541 90.1396744948826,6.632869635725271 90.13929156535406,6.633688078142399 90.13890876982421,6.634506233675765 90.13852639967396,6.635323479095462 90.13814481553132,6.636139042782801 90.13609755925526,6.640556326513604 90.13572043125319,6.641377837417437 90.13534298489091,6.642200049792592 90.13496687222394,6.643019351961641 90.13459017589659,6.643839925772227 90.13421399038387,6.644659384423392 90.13383745143747,6.645479611095297 90.13346044664272,6.6463008531019625 90.13308356235686,6.647121830708045 90.13270693617679,6.647942247137323 90.13233061576577,6.648761994470803 90.13195477469336,6.649580700389151 90.13157792368244,6.650401596157053 90.13120045303899,6.651223849900802 90.13082454181946,6.652042700610181 90.12933116090474,6.655336753588301 90.12643399223558,6.661408995828523 90.12605424270956,6.662228791725568 90.12567457772005,6.663048403261541 90.1254268936365,6.663940560408534 90.12504710454087,6.664754176164465 90.12464242490822,6.665559605391692 90.12427042214253,6.666382864577756 90.123875520839,6.667193833628687 90.12347958351623,6.668003486072095 90.1230825040549,6.66881240107152 90.12271380270042,6.669635320314043 90.12232657261384,6.6704513822256075 90.12193971844337,6.671266652734033 90.12155258818191,6.672082505103788 90.1211656935424,6.672897855651669 90.12077976117749,6.6737111782285155 90.12039271904908,6.6745268498344075 90.12003293717063,6.675287749130334 90.11962707762771,6.676161797529147 90.1192470322251,6.676980475568641 90.11886730967908,6.677798455734475 90.11848730924251,6.678617035747749 90.11810689062068,6.679436513284429 90.11772684162068,6.680255194921401 90.11734652102567,6.681074461117703 90.11697585645064,6.681896022383569 90.11658737540748,6.682709767641768 90.11620637042844,6.683530502430969 90.11583426064297,6.684352586202948 90.11296953141917,6.69060206323482 90.11204754555806,6.692621242676523 90.11162543076946,6.693543094538299 90.11124695468388,6.694361958737588 90.11086836168622,6.695181074747097 90.11050356159066,6.696006771995002 90.11007392846957,6.696917121528003 90.10973625912155,6.697641055990161 90.10936342987887,6.698462637940722 90.1089907076553,6.699283958188445 90.10861772732645,6.700105873787322 90.10823068519849,6.700920714419624 90.10786964067134,6.701747837992627 90.1075383430206,6.702585825375763 90.10718272500324,6.703411616153389 90.10599101177596,6.705551123985444 90.10394330404065,6.709968078564245 90.1029234710418,6.712178356746051 90.10254655078282,6.7129991625816245 90.102168292333,6.713822888515665 90.10179172101132,6.714642938021299 90.10141546894911,6.715462289653075 90.10103852980458,6.7162831377567045 90.10066230831907,6.7171024219394155 90.10028562008566,6.717922719657878 90.09990833829957,6.718744310601423 90.09953181554093,6.719564245893352 90.09915444921856,6.720386019399314 90.09877860994507,6.72120446811185 90.09840251616336,6.72202346091413 90.09800345729386,6.722892470411381 90.09785877886,6.723198986344471 90.09456427711987,6.730203857022545 90.0941845950434,6.731023390317375 90.09380452086268,6.731843769874374 90.09342537388218,6.732662146640905 90.09304564504103,6.733481777062579 90.09266689556134,6.734299292278635 90.09228769642019,6.735117776064712 90.09190761774258,6.735938157420094 90.0915278853042,6.736757790539784 90.09114891279214,6.737575783295981 90.08961132030683,6.740918587623014 90.0865543924717,6.747612675984499 90.08586637873034,6.749123573894039 90.08485746170291,6.751294790922074 90.0846797430759,6.751678863489076 90.08420724017233,6.75269528086254 90.08247480686717,6.756352958522314 90.0820975520609,6.757161035353803 90.08171974057385,6.75797028669956 90.08106050244035,6.759386634385805 90.07974526463252,6.7622209719206126 90.07908947000342,6.763638519302319 90.07647210110721,6.769313386203947 90.0758195908019,6.770732451641649 90.07484617900823,6.772855898481168 90.07258702716993,6.777662747837766 90.07103601589958,6.780986380417403 90.07065747416331,6.781803368630847 90.07027892073577,6.78262037932727 90.0698991460288,6.783440023238768 90.06951902328458,6.784260418983351 90.06913982864071,6.785078810139268 90.06876034351527,6.78589782722301 90.06838120373001,6.786716096071075 90.06800171500734,6.787535114953926 90.06762188094532,6.788354882072198 90.0672423913235,6.789173902753518 90.0668626103218,6.789993550262409 90.06648372774256,6.790811258832775 90.06610455827936,6.791629582539528 90.06572413695986,6.792450607809428 90.06534464374104,6.793269630289302 90.06496544100267,6.794088022344681 90.06458594778351,6.794907042126454 90.06420679990438,6.7957253136726194 90.06382730308783,6.796544335253131 90.06344746003234,6.797364105968697 90.0630676709367,6.798183757074796 90.06268817412032,6.799002778655492 90.06230960450492,6.799819794747961 90.06193010499081,6.800638816328558 90.0615496755776,6.801459844296389 90.06117017336518,6.802278869474478 90.06079096343271,6.8030972624288495 90.0604120988398,6.803914909845389 90.06003230434769,6.804734560052111 90.05965216271741,6.80555496119274 90.05927294828805,6.8063733586436115 90.05889315199764,6.807193011548449 90.058513646188,6.808012035826891 90.05813506847883,6.808829054617377 90.05775556087062,6.809648077996357 90.05737512336364,6.810469108662389 90.0569956130577,6.811288137437771 90.05661639503094,6.812106533090173 90.05623723186315,6.8129248100322 90.05585771885902,6.813743837008758 90.05547786051503,6.814563611321802 90.0550983466118,6.815382639197637 90.05471854222756,6.816202293900943 90.05433968033222,6.81701991433755 90.05396044162163,6.8178383423657465 90.05358028829991,6.818658746204207 90.05320047941862,6.819478404504991 90.05282096191817,6.820297433280018 90.05244173579788,6.821115832529813 90.05206256363684,6.8219341121696715 90.05168304343809,6.822753140944883 90.05130317610084,6.8235729179561275 90.05092365410374,6.82439194942917 90.05054384162557,6.825211606830237 90.05016496713975,6.826029238059093 90.04978572483188,6.826847659791881 90.04940527113658,6.827668695853774 90.04902574554231,6.828487728226094 90.04864651132746,6.829306129274627 90.04826762335225,6.830123783885568 90.04788780457883,6.8309434412869905 90.04750763866693,6.8317638505213125 90.04712839995616,6.832582256066345 90.04674858028332,6.833401916165684 90.04636905019177,6.834220947638727 90.04599044910006,6.835037974523104 90.04561091631095,6.8358570059961465 90.04523045452211,6.8366780447562405 90.04485092083391,6.837497079826491 90.04447167852541,6.838315483572956 90.04409278245615,6.839133140881927 90.04371295558903,6.839952800981095 90.04333278158279,6.840773212014241 90.04295353477826,6.841591621156567 90.04257370611222,6.842411283054474 90.04219482263332,6.84322890528982 90.04181555784211,6.844047345908379 90.041435380239,6.844867757840902 90.04105554707641,6.845687424235223 90.04067600619331,6.846506460205205 90.04029675579088,6.847324866649501 90.03991755934854,6.848143154383251 90.03953801486799,6.848962191252241 90.03915812414866,6.849781975458015 90.0387785778698,6.850601014125559 90.03839874110972,6.851420678721581 90.03801981806069,6.852238372003555 90.03764057665174,6.853056746971433 90.03726039005497,6.853877162501178 90.03688054879856,6.854696830694408 90.03650099982187,6.855515868462859 90.03612237894535,6.856332902541553 90.03574253588974,6.857152568036767 90.03536234659558,6.857972983566498 90.03498308450239,6.858791396306032 90.03460353102858,6.859610436772243 90.03422368527507,6.860430104066197 90.03384477121963,6.861247763173807 90.03346550463013,6.862066178611542 90.0330850185592,6.862887223666505 90.03270546058891,6.8637062668308175 90.03232619489833,6.864524678670989 90.03194727364794,6.865342343174731 90.03156742339812,6.866162011367791 90.03118722511059,6.866982429595538 90.03080795402448,6.867800845932379 90.03042839335617,6.868619886398847 90.0300491780271,6.869438180427835 90.02966961376237,6.870257222692857 90.02928970325777,6.8710770149923235 90.02890984671265,6.871896687682053 90.02853028154757,6.872715730846366 90.02815100686374,6.873534144485262 90.02777208021794,6.874351808089642 90.02739411224891,6.875167398756645 90.02671208619401,6.876643778887328 90.02535155493061,6.87959829552517 90.02467325926412,6.881075974276882 90.0219664294078,6.886991658938115 90.02129186952456,6.888470596740831 90.01994596033822,6.891430904113051 90.0192751587222,6.892911064993754 90.0139186104561,6.904768403139414 90.01325153473087,6.906249784400188 90.01192023952817,6.909215768293336 90.01125656503885,6.9106991613373765 90.00860758677115,6.916639140284403 90.00794766785103,6.918123726728766 90.0066310612751,6.9210952972102575 90.00597526664583,6.922580258672141 89.99549136593399,6.946396117686817 89.99483909304993,6.947882642170413 89.99353672094324,6.950860501611146 89.992887510251,6.952349813093633 89.9902957423549,6.958315032412941 89.9896499481869,6.959806311612084 89.98836161449711,6.962791238824693 89.98771960017959,6.964283668256812 89.98259231068684,6.976242093797737 89.98195371019588,6.977736455873057 89.98067943021195,6.980728347435374 89.98004427142658,6.982224655643378 89.97750948637415,6.988216188226701 89.9768777782875,6.989714405695452 89.97561764553834,6.992713178870304 89.9749894160291,6.994213271425451 89.97464164369686,6.995046518482226 89.9742938686679,6.995879772733517 89.97394700734921,6.996710833538302 89.97359926829202,6.99754399605871 89.97325152743636,6.998377159478466 89.97290378658104,6.999210321999044 89.97255604392646,7.0000434872173685 89.97220770771972,7.000878074264051 89.9718599605691,7.001711250274184 89.97151281506459,7.002542979275233 89.97116482689577,7.003376727254249 89.97081708154363,7.004209892472758 89.97046957900844,7.0050424731319225 89.97012183185765,7.005875638350346 89.969774082908,7.0067088053670545 89.9694257404058,7.007543394212462 89.96907799145643,7.008376559430786 89.96873083605945,7.009208301921944 89.9683830853115,7.010041467140184 89.96803533366412,7.010874634157332 89.96768758021793,7.01170780117404 89.96733958215626,7.012541553649996 89.96699123425836,7.013376146092526 89.96664372452867,7.014208728550258 89.96629656283656,7.015040471940424 89.96594880669241,7.015873638957487 89.96560104964934,7.016706807772934 89.9652532917066,7.017539975689459 89.96490553286455,7.018373144505006 89.96455777222391,7.019206315119547 89.96420941803049,7.020040908461269 89.96386165828906,7.020874077277085 89.96351424658539,7.021706407025221 89.96316648414646,7.0225395767401295 89.96281896452413,7.0233721627951695 89.96247120118525,7.024205333409711 89.9621234351487,7.025038504923188 89.96177507555953,7.025873099164272 89.96142731042275,7.026706269778558 89.96108013703937,7.027538016766286 89.96073236920378,7.028371187380557 89.96038460046944,7.029204358894205 89.96003683083555,7.0300375322065065 89.9596888156864,7.030871289178947 89.95934045070155,7.031705886117891 89.95899292388495,7.032538474871032 89.95864574510583,7.033370223657045 89.95829797277364,7.034203395170692 89.95795019864309,7.035036568483179 89.95760242271413,7.035869742694487 89.95725464768421,7.036702916006959 89.95690686995627,7.037536092017191 89.956558498676,7.038370689855668 89.95621072184795,7.039203864067346 89.95586329305715,7.040036199211443 89.95551551442983,7.040869373422922 89.95516797772027,7.041701964874093 89.95482019639522,7.042535139984864 89.9544724141713,7.04336831779392 89.95412403659563,7.044202917430866 89.95377625527047,7.045036092541906 89.95342906479996,7.045867844925326 89.9530812798773,7.046701020935643 89.95273349405576,7.0475341978451524 89.95238570733474,7.048367374754832 89.95203767689756,7.049201136223672 89.9516898874787,7.050034316730304 89.95134174822331,7.050868333606942 89.95099396060337,7.05170150961726 89.95064676383745,7.052533265597873 89.95029897351904,7.053366442507382 89.94995118140233,7.05419962121573 89.9496033883859,7.055032799923978 89.94925559447037,7.055865981330157 89.94890720610297,7.056700583665304 89.94855941218779,7.057533763272659 89.94821196630974,7.058366103812887 89.94786417059541,7.059199283420227 89.94751661679882,7.06003188026726 89.94716881838653,7.060865059874786 89.94682101997424,7.061698240381688 89.94647321976382,7.062531423586336 89.94612482510084,7.063366028619413 89.94577702489008,7.06419920912623 89.94542981733244,7.065030966905681 89.94508201442383,7.06586414831213 89.94473421061568,7.066697330617501 89.94438616309137,7.067531096583011 89.94403835748491,7.068364282485774 89.9436902011424,7.069198304758174 89.9433423964347,7.070031484365515 89.942995182582,7.070863246641736 89.94264737517673,7.071696428947277 89.94229956597277,7.072529612152195 89.94195175586916,7.073362797155411 89.94160394576593,7.074195981259692 89.94125613386379,7.07502916716264 89.94090772751028,7.07586377579257 89.94055967189169,7.076697543556918 89.9402124526429,7.077529306732231 89.93986488265861,7.078361907176458 89.93951706805868,7.079195092179859 89.93916925166016,7.080028278082793 89.93882143436244,7.080861465784025 89.9384730226125,7.081696076213234 89.93812520621353,7.08252926121672 89.93777798066984,7.083361024391763 89.93743016157319,7.084194211194074 89.9370823406779,7.085027398895477 89.9367344397431,7.085860778152366 89.93429027307795,7.091904547856629 89.9340352847012,7.092506080990958 89.93368315875139,7.0933367658793 89.93333082235992,7.094167944495368 89.93297841851953,7.094999281391935 89.93262601377975,7.09583061918778 89.93227344626288,7.096662340095122 89.93192084457175,7.097494143739937 89.93156835619513,7.098325670393422 89.93121624553388,7.0991563121143315 89.93086391543775,7.0999874682473205 89.9305114387524,7.100818970619173 89.93015945759308,7.1016493002751275 89.92980767248608,7.102479160484833 89.92746070544766,7.108086210410349 89.9271152524673,7.108922134748909 89.92677035706654,7.1097567137016995 89.9264262872434,7.110589286266631 89.92608130730699,7.111424061271578 89.92573643079217,7.112258585365495 89.92539155427718,7.113093108560221 89.9250467811847,7.1139273808441885 89.92470122478201,7.114763544402308 89.92435597774679,7.115598964220965 89.92401186115868,7.116431643805456 89.9236672049781,7.1172656283062 89.92332228169838,7.118100256721732 89.9229774006869,7.118934782614119 89.92263251877623,7.1197693085070455 89.92226751633294,7.120652530889743 89.92189462054083,7.121555233487399 89.92063015935483,7.124644760847389 89.91864663893173,7.1291869397257415 89.91829889268027,7.130019860328446 89.91795102861741,7.130853063318341 89.91760232728578,7.131688270897257 89.9172544551291,7.132521492772838 89.91690743732855,7.133352664194135 89.91655957146727,7.134185864486184 89.91621170470663,7.135019064778234 89.91586383704671,7.1358522668689375 89.91551596758805,7.13668547075801 89.91516750457689,7.137520094676788 89.91481963601794,7.138353294968667 89.91447235921257,7.139185076130474 89.9141244879552,7.140018278221177 89.91377637208237,7.140852064870941 89.91342849902631,7.141685267861021 89.91308086878715,7.14251788809031 89.91273299393279,7.14335109287876 89.91238452372696,7.144185720394759 89.91203664887266,7.145018923384825 89.91168936667148,7.14585070364727 89.91134148911866,7.146683907536257 89.91099361066685,7.147517112325076 89.91064573131601,7.148350317113795 89.9102981091709,7.1491829067658585 89.90766929820003,7.155576010924278 89.9072324875896,7.1566097726231845 89.90715740409124,7.15710124492675 89.9069739199106,7.1574966057838765 89.90660713770998,7.158311664951498 89.90629410439018,7.159156027628782 89.90590133897595,7.159969518378659 89.90554606090276,7.160799285059085 89.90519082869432,7.161628952814027 89.90483540043354,7.162459073827208 89.90447997217328,7.163289194840559 89.9041244872557,7.164119449852848 89.90378891692515,7.164956803213997 89.9034315326397,7.165784323387982 89.9026814674763,7.167528903835986 89.90098491262395,7.17156610888901 89.90017564059369,7.173496284226175 89.8998284564183,7.174326160623821 89.89947762998864,7.175154985714244 89.89913001863604,7.1759891284957575 89.89878264470374,7.176822702905611 89.8984352240071,7.177656381636822 89.8980932451075,7.178491573927261 89.89775034170518,7.179329014522608 89.89741222449507,7.180167057663809 89.897066808387,7.180998360386113 89.89672409024504,7.181835351320544 89.8963817633082,7.182671391671349 89.89604002362844,7.183505988610463 89.89569790173701,7.184341524441919 89.89535499383831,7.185178968634588 89.89502647149484,7.186022207159283 89.89363542353615,7.189460530279277 89.89323055504676,7.190440052066862 89.89273121097702,7.19168404828028 89.89241957700213,7.19246120552036 89.8917795897568,7.194008441436722 89.89147593456718,7.194788578130542 89.89110536891835,7.195658915026968 89.89074131346084,7.196469241062843 89.89026992931409,7.197257294488736 89.8898774300998,7.198188457931266 89.88909378425089,7.200051486287109 89.88870283906542,7.200982870962804 89.88840831469216,7.201685297238711 89.88820009375993,7.202180151892591 89.8878292709044,7.203062488443436 89.88532906118772,7.209019955606479 89.88488780972514,7.210073017655873 89.88415290623189,7.2118296804953275 89.88371257567533,7.212883890979128 89.8832931381684,7.213889541669047 89.88282442410812,7.215016377803664 89.88188899697982,7.217271010548799 89.88142243319933,7.2183984447325855 89.88007153097689,7.221671237737539 89.87930634910916,7.2234733415216965 89.87723231192174,7.228384986178284 89.87620018788883,7.230842806350651 89.8758533247715,7.231673418393527 89.87550571881414,7.232505805698395 89.87515776122243,7.233339033869299 89.8748100464467,7.234171679279697 89.87446208615634,7.235004908349964 89.87411412676605,7.235838136520869 89.87376616467705,7.23667136828935 89.87341760813618,7.237506020986345 89.87306964694707,7.238339250056626 89.87272227751171,7.239171057298734 89.87237431362396,7.240004287268377 89.87202634883712,7.240837519036575 89.87167813853571,7.241671333565293 89.87133017195046,7.242504567132414 89.87098185372972,7.243338637967824 89.87063388714458,7.244171867937467 89.87028651231273,7.245003676978314 89.86993854302986,7.245836907847249 89.86959057284687,7.246670140514823 89.86924260176542,7.2475033731822975 89.86889462888425,7.248336607648525 89.86854606155183,7.249171263942742 89.86819808957037,7.250004496610586 89.86785046562696,7.25083689110987 89.86750249094749,7.251670124676636 89.86715475908508,7.252502774583434 89.86680678260748,7.25333600815047 89.86645880522983,7.254169243515875 89.86611082605404,7.255002479780842 89.86576225332593,7.255837136974421 89.86541427414997,7.256670371440563 89.8650668885264,7.2575021840785325 89.8647189075518,7.258335418544846 89.8643709247788,7.259168654809713 89.86402269828912,7.260002474734563 89.86367471461656,7.260835713697446 89.86332637930948,7.261669789029725 89.86297839563659,7.2625030243952295 89.86263100461761,7.263334838831938 89.86228301734766,7.26416807509672 89.86193503007783,7.265001313160155 89.86158704190896,7.2658345503244846 89.86123905284066,7.266667788387835 89.86089106287253,7.26750102825001 89.86054247755388,7.268335689940443 89.86019424386976,7.269169511663662 89.85984684565565,7.270001327899195 89.85949909760583,7.270833983201953 89.85915110404076,7.271667222164751 89.85880310957631,7.272500461127464 89.8584551133134,7.273333702788477 89.85810652349787,7.274168365377918 89.85775852813381,7.275001604340716 89.85741112452402,7.275833422374646 89.85706312646263,7.276666662236991 89.85671512750153,7.277499903897464 89.85636688392523,7.278333728319055 89.8560188831652,7.27916697087926 89.85567112522259,7.279999630678674 89.85532252911176,7.280834295066853 89.85497452745298,7.281667535828319 89.85462711754761,7.282499355660889 89.85427911319098,7.283332597321802 89.85393110883402,7.284165839881808 89.85358310267864,7.284999082441743 89.85323509472428,7.285832328599142 89.85288649321743,7.2866669947861595 89.8525382415468,7.287500821006233 89.85219082714556,7.288332643536634 89.85184306110878,7.289165303336333 89.8514950504564,7.2899985467958 89.851147038905,7.290831792053837 89.85079902735376,7.291665036412411 89.85045101310428,7.2924982834692855 89.85010240530201,7.2933329514545875 89.84975439195179,7.294166195813247 89.84940697125504,7.294998019243394 89.8490589552068,7.295831265400793 89.84871069454337,7.296665094318882 89.84836267669684,7.297498342274764 89.84801490166697,7.298331007470139 89.84766628846879,7.299165676355074 89.84731826972259,7.299998922512486 89.84697084363026,7.300830747741088 89.84662282218588,7.301663993898501 89.84627479984246,7.302497241854368 89.84592677660001,7.303330489810435 89.84557875335716,7.304163738665679 89.84523072741675,7.304996990219124 89.84488186420728,7.305832245461872 89.84453383736698,7.306665497914594 89.84418665049387,7.307496736785126 89.84383862365425,7.308329984741192 89.84349059501537,7.309163234495799 89.84314256547728,7.3099964842505045 89.8427945350401,7.310829736703141 89.84244591015133,7.311664410084674 89.84209787971415,7.31249765983938 89.84175044103026,7.3133294877656425 89.84140240789534,7.314162739319087 89.84105413104353,7.314996573633309 89.84070609611004,7.315829826085675 89.84035830489253,7.3166624939790665 89.84001026815994,7.317495747331165 89.83966163697514,7.318330422511167 89.83931360024272,7.319163674963804 89.83896615526405,7.319995504689075 89.83861811673327,7.320828756242349 89.83827007640312,7.321662009594078 89.83792203607348,7.322495262946177 89.83757399304577,7.323328519895483 89.83722511274928,7.324163779634816 89.83687707421805,7.324997025792214 89.83652986486132,7.325828281749793 89.8361818209348,7.326661535101977 89.83583377520935,7.327494790252544 89.83548572948305,7.328328045403211 89.83513768105948,7.329161302352247 89.83478903908329,7.3299959802303505 89.83444099245841,7.330829235380918 89.83409353668745,7.331661068703497 89.83374548736484,7.332494324753426 89.8333971925268,7.333328164463339 89.83304914050589,7.334161422311922 89.83270133220108,7.334994095601175 89.83235327838136,7.335827354349135 89.8320046301101,7.336662034025707 89.8316565762905,7.3374952909750135 89.83130911512373,7.338327126095976 89.83096105950588,7.339160383045552 89.83061300208843,7.339993641793328 89.83026494377239,7.340826900541288 89.82991664084065,7.341660744747671 89.82956798717319,7.3424954280216355 89.82922017167405,7.343328103109727 89.82887270511176,7.344159939130236 89.82852464409726,7.344993197877827 89.82817658128474,7.345826457525163 89.82782851847159,7.3466597180716775 89.82748045386015,7.3474929786183765 89.82713238834916,7.348326240963544 89.82678372838674,7.34916092423741 89.8264356637753,7.349994184783938 89.8260879463019,7.350826608061524 89.82573987899244,7.351659868608408 89.82539205450021,7.352492547293252 89.82504398449262,7.353325808739314 89.82469591358577,7.3541590728829505 89.82434724822716,7.354993757955754 89.82399917822008,7.3558270203009215 89.82365169996595,7.356658860817831 89.82330362636188,7.357492122263622 89.82295555275718,7.358325386407529 89.82260747735339,7.359158650551535 89.82225915823389,7.3599924974559485 89.8219110810318,7.3608257651971485 89.8215626530941,7.361659867509076 89.82121457679139,7.362493130753535 89.82086709224288,7.363324973968645 89.82051901234277,7.364158238112282 89.82017093244318,7.364991503155551 89.81982285164347,7.365824768198479 89.81947476904534,7.366658035939778 89.8191260919958,7.367492724609505 89.81877800939768,7.3683259905522505 89.8184302757372,7.369158418326606 89.81808219134072,7.369991684268982 89.81773434886136,7.370824368350128 89.8173862626663,7.371657635191795 89.81703817557187,7.372490902033633 89.81669008667834,7.373324171573401 89.81634140333338,7.3741588620420515 89.81599331533945,7.374992128883889 89.81564581909961,7.37582397479666 89.81529772840796,7.376657243437066 89.81494963591749,7.377490512077642 89.81460129971046,7.378324364378088 89.81425320542152,7.379157636615616 89.81390476039698,7.379991745222867 89.81355666700713,7.380825012964166 89.81320916537092,7.381656860675761 89.81286106928317,7.382490130215444 89.81251297139684,7.383323400654575 89.81216487351068,7.384156671093635 89.81181677472497,7.38498994153268 89.81146867414034,7.385823215569118 89.81111997910412,7.386657909634977 89.81077163570288,7.38749176373409 89.81042412777165,7.3883236141435304 89.81007626910505,7.389156301822069 89.80972816582235,7.389989573160491 89.80938006164078,7.390822845398006 89.8090319556608,7.3916561203338205 89.80868325522871,7.392490816198517 89.80833515014771,7.3933240875367545 89.80798763682017,7.394155939744849 89.80763952904138,7.394989211982818 89.80729141946361,7.395822486019256 89.80694306617002,7.396656343715563 89.80659495479384,7.397489620449662 89.80624649358143,7.398323734452774 89.8058983822049,7.399157008489212 89.80555086348195,7.399988860697576 89.80520275030696,7.4008221356333905 89.80485463623293,7.40165541056875 89.80450652125947,7.402488686404013 89.80415840538663,7.403321962238749 89.80381028771521,7.404155240771942 89.8034615755918,7.4049899393344845 89.80311321510297,7.40582379882953 89.80276569008507,7.406655654634832 89.802417814331,7.407488346810055 89.80206969396173,7.408321623544154 89.80172157269314,7.409154902077077 89.80137344962534,7.409988181509377 89.80102473210636,7.410822881870658 89.80067660993805,7.4116561595044885 89.800329079524,7.4124880153097905 89.79998095465757,7.413321292943621 89.79963282889256,7.414154573275013 89.799284457612,7.414988435468274 89.79893633004818,7.4158217157997655 89.79858844530068,7.416654414269942 89.79823972148623,7.417489115530586 89.7978915930232,7.418322394962885 89.79754405721249,7.419154252566841 89.79720633750284,7.4199626117852375 89.79106839798843,7.433217760791123 89.79030323590612,7.434876019812506 89.78877658906865,7.438196412134843 89.78801572934285,7.43985719195598 89.78497965948404,7.446508013933837 89.78422330446213,7.448170848705843 89.78271470701853,7.451499468925562 89.78196307883334,7.4531638954974255 89.77596240823905,7.466499845891462 89.7752152685704,7.468166295038571 89.77372470972776,7.471503028941797 89.77298190119396,7.4731719530234955 89.77001811794233,7.479855270204766 89.76927983659519,7.481526199774493 89.76780741887748,7.4848709646234965 89.76707388145476,7.4865434356312335 89.76121816808413,7.499943598518357 89.76048914256009,7.501618042638881 89.75903485517463,7.504970725118866 89.75831018776526,7.5066475974087865 89.75541905444621,7.513362623786222 89.75469893670689,7.5150414512022365 89.75326287857936,7.5184019685761285 89.75254752275058,7.520082286168929 89.74683748426267,7.533545086836625 89.74612666191618,7.535227328078832 89.74470882315396,7.538595566132457 89.74400238590161,7.540280187880342 89.74118425774785,7.547026133849201 89.74048239264883,7.548712663059177 89.73908287037867,7.552088537256154 89.73838578337748,7.5537765035829665 89.73282211944561,7.56730035832507 89.73212958841052,7.568990199738096 89.73074837273978,7.572373596764294 89.73006025197915,7.574065771018695 89.72731547522918,7.580841842477298 89.72663194820652,7.582535874730979 89.72526913446333,7.585926707351788 89.72459040172615,7.587622125460811 89.71917379763269,7.6012054433766 89.71849964244504,7.602902686210257 89.71715521983802,7.606300842909661 89.71648550100545,7.60800037002133 89.71381441290524,7.614805771969074 89.71314930939369,7.6165071067177195 89.71182337055237,7.619912500261933 89.7111630766149,7.621615168705233 89.70589419965759,7.635256351699439 89.70551579551793,7.6362382998578795 89.70475981281524,7.63820464233055 89.70105448817455,7.6480733626956265 89.70067649502451,7.649140516222062 89.69858216283703,7.654562346275426 89.69817168617439,7.6556478612600785 89.69713873116771,7.658384131322791 89.69520760974345,7.663502540010256 89.69383200404414,7.667151979880018 89.69306597861217,7.669178464514786 89.69268734964194,7.670092728796405 89.69234188766816,7.67092722591093 89.69199729354071,7.671759617712368 89.69165155007911,7.672594787519458 89.69130600626741,7.6734294725924315 89.69096054429397,7.674263958914693 89.69061464075386,7.6750995091351655 89.6902692696116,7.675933776922292 89.68992323387047,7.676769642805027 89.68957753177827,7.677604707391296 89.68923293405308,7.678437099193104 89.68888718519563,7.679272270798663 89.68851851801529,7.680162800173264 89.68720246542162,7.683243243481158 89.6850570004809,7.688316673476038 89.68470865977704,7.68914993042516 89.68436027590624,7.689983288997894 89.6840115412999,7.690817483040618 89.68366315832836,7.691650838015775 89.68331536711074,7.692482772961782 89.68296698144164,7.693316128836486 89.68261859487254,7.694149485610382 89.6822702074044,7.694982843283739 89.68192181813774,7.695816201856289 89.68157283441909,7.69665098135782 89.68122444515242,7.697484339030993 89.68087640572199,7.698316858536245 89.68052801465657,7.699150217108965 89.68017986550856,7.699982992021646 89.67983147264474,7.700816350594195 89.67948307888142,7.701649710066292 89.67913468331952,7.702483071336857 89.678785694205,7.703317851737481 89.6784372986427,7.704151210310215 89.67808949573387,7.704983149752522 89.6777410992726,7.705816508325526 89.67739270011347,7.706649869595907 89.67704405723774,7.707483813627249 89.67669565627969,7.708317176696468 89.6763469045865,7.709151376135239 89.67599850452783,7.709984736506527 89.6756506962229,7.71081667684831 89.67530229346684,7.711650037219599 89.67495388981061,7.7124833993895265 89.67476252936783,7.7133953766952885 89.67440990789126,7.714225838551826 89.67402702422837,7.7150421234953654 89.67367716367042,7.715875813018471 89.6733012893234,7.716696426399196 89.67298603377876,7.717496600887543 89.67257743130372,7.7183434295057936 89.67222628381629,7.719175629751575 89.67187513453021,7.720007831796096 89.67152398524408,7.720840036538547 89.67117223700964,7.721673658612673 89.67082108772357,7.722505859757916 89.6705008751155,7.723350376219031 89.67014797305094,7.724181777867102 89.66979507008685,7.725013181313358 89.66944193689633,7.725845128849912 89.6690889988586,7.726676609637863 89.66873635759723,7.727507395250356 89.66838289165744,7.728340123398127 89.66802990505661,7.729171714802931 89.66767764151055,7.73000160918707 89.66732473494912,7.730833013532887 89.66697182838729,7.7316644187779815 89.66661892002745,7.732495824922438 89.66626601076794,7.733327232865733 89.66591254033173,7.7341599637115195 89.66555931990715,7.734992101004636 89.66520701768982,7.73582207452931 89.66485437103276,7.736652861040895 89.6645014123109,7.7374843724060725 89.66415613919449,7.738318895600798 89.66381082021351,7.739153524915352 89.66346550033327,7.739988156928092 89.66311963006743,7.740824115440645 89.66277423464348,7.741658934512287 89.66242954069085,7.742492046670847 89.66208421991124,7.743326676884848 89.66173867160276,7.744161852987347 89.66139331754809,7.744996563241159 89.66104825127636,7.745830573822104 89.66070237741329,7.746666535032759 89.6603569765937,7.747501355902884 89.66001227904391,7.748334470759275 89.65966695466673,7.749169102772015 89.65932162849063,7.7500037356840465 89.6589763014156,7.75083836949527 89.65870742211021,7.751522097067252 89.65835104956167,7.7524648545695385 89.656950639661,7.7552793134897655 89.65616296215129,7.757009680152791 89.65459208036035,7.760473570099222 89.65380951639614,7.762205679648616 89.64756266538498,7.776084168549559 89.6467849829414,7.777818423881257 89.64523368388765,7.781291010272241 89.64446070219984,7.783027924899031 89.64137692330635,7.789983677304903 89.6406088726018,7.791722703540188 89.63907728129212,7.795203863167956 89.63831465259912,7.796943911932132 89.63375313739809,7.807391583455171 89.6297360717625,7.816493752284927 89.62889844320895,7.818399664812816 89.62722776275129,7.822217121423293 89.62639560927053,7.824126621346807 89.62307667744719,7.8317746592733215 89.62225034797578,7.833686917417424 89.62060317759463,7.837515018403494 89.61978300668059,7.839429300022218 89.6132387255872,7.854768788848844 89.61242438227973,7.856685735158791 89.61080076154624,7.860524222414924 89.60999214871916,7.862444197641821 89.6067678516554,7.87013321677459 89.60596515726641,7.872055742478835 89.60436530381597,7.875904312034578 89.60356874280345,7.877828914273323 89.59799662254662,7.891350838170794 89.59730303570691,7.893040439464684 89.59591970932732,7.896423355353704 89.59523053546118,7.898115289488985 89.59248154448792,7.904890405867761 89.59179696615755,7.906584198901939 89.59043204890045,7.909974556680638 89.58975226755334,7.911669737368456 89.58432726289325,7.925251160412785 89.5836520590955,7.926948167623991 89.58230554016879,7.9303458530788475 89.58163477542482,7.932045145467157 89.57895950187978,7.938849609422206 89.57829335245654,7.94055071034721 89.57696532628884,7.943955638042468 89.57630399003719,7.9456580744607095 89.57102677096898,7.959297400354927 89.57064585951932,7.960284166181495 89.56988487838467,7.962260149386736 89.5695052700527,7.963248170666816 89.56798882512467,7.967204372883657 89.5676106970765,7.968193182869285 89.56685579625875,7.9701719350868245 89.56647933105663,7.971161068828323 89.56347066264098,7.979084760653393 89.56299555530128,7.980339770863722 89.56204744413438,7.982851813860279 89.56157477395689,7.984107966209706 89.55968819145707,7.989136882461125 89.5591015268146,7.990706655387882 89.5579318658632,7.993848338929922 89.55734902873488,7.995419822367168 89.55683702940573,7.996805710015721 89.5565311717767,7.997634709574228 89.55472129605161,8.002548109707561 89.55450774843425,8.00312867964493 89.55404267482973,8.004394927783892 89.55387056257675,8.004864274966437 89.55302244343179,8.007179887142215 89.5528108788192,8.007758340974874 89.55238816508236,8.00891575495828 89.55217735769943,8.009493779814179 89.54800453128465,8.020951454746111 89.54748502891144,8.022382905646765 89.54644871223897,8.02524853509179 89.54593232151998,8.026681545417134 89.5438721365903,8.032419015025695 89.54335899242366,8.033853186375651 89.54233568444462,8.036723465315774 89.54182593701742,8.038158401988994 89.53775707762739,8.049653253095244 89.53725056596082,8.051089331907292 89.53624025318541,8.053964193792638 89.53573686576416,8.05540180415015 89.53372874618518,8.061157624425036 89.53322861790664,8.062596366129569 89.5322313578911,8.065475759698742 89.53173463264741,8.066915235250121 89.52777009281616,8.078446322739694 89.52727661412464,8.07988691165194 89.52629239337946,8.082770770355069 89.52580205332274,8.084212862933313 89.52384617446191,8.08998656262979 89.52335910344041,8.091429757777178 89.52238797772335,8.094318029453675 89.52190431783012,8.095761927870853 89.51804444379641,8.10732830655644 89.51756404034873,8.108773288656366 89.51660599617034,8.11166590765572 89.51612874754395,8.11311236464421 89.51422527847436,8.118903471617998 89.51375130877605,8.120351001497596 89.51280640189432,8.12324791565895 89.5123358496202,8.124696117332121 89.5085809750324,8.136296842025772 89.50811369089436,8.137746098603628 89.50718190691967,8.14064724137738 89.50671778929498,8.142097944065142 89.50486689728999,8.14790598437365 89.50440606938483,8.149357730275199 89.50348746407568,8.152263049500391 89.50303005988977,8.153715436618072 89.49938051479901,8.165349557636205 89.49892638864233,8.166802969981347 89.49802094760881,8.16971239820866 89.49757000235442,8.171167227885391 89.49577184839225,8.176991727586426 89.49532420275054,8.178447569899618 89.49443197905319,8.181361056767557 89.49398776342511,8.182817510619827 89.49044386709139,8.19448407378114 89.4900029393846,8.195941523182839 89.4891239195338,8.198858999443516 89.48868618621898,8.200317837398387 89.4869409276819,8.206158317152799 89.48650650477182,8.207618138965913 89.48564074092783,8.210539553357918 89.48520975252828,8.211999954334416 89.48177181611717,8.223698006358106 89.4813441264304,8.225159373206793 89.48049160510371,8.228084659179885 89.48006712240013,8.22954738490408 89.47837491307237,8.23540336807099 89.47795374976627,8.236867047975906 89.47711452221793,8.239796151571312 89.47669679971787,8.241260380062656 89.47336512540082,8.252988962270848 89.47295071060731,8.254454126057155 89.47212476334775,8.257386981624094 89.47171356902649,8.258853476407126 89.47007455819434,8.26472448184937 89.46966669136535,8.266191901135628 89.46885407475614,8.269128454714505 89.46844965502785,8.270596390211495 89.46522453778269,8.28235454122931 89.46482343475421,8.283823383242563 89.46402413530589,8.286763568284229 89.46362626444082,8.288233711616542 89.46204059779555,8.29411925909676 89.46164606431492,8.295590296355257 89.46086012969184,8.298534058899733 89.46046904870789,8.30000558269171 89.45735077451926,8.31179233934516 89.45670604065154,8.31424812615046 89.45542546901063,8.319163715233614 89.45479001524743,8.321622046220739 89.4522657351757,8.331464323819716 89.45163965684483,8.333924758321189 89.45039649430348,8.338849305551179 89.44977991551119,8.341311408294914 89.44488019946212,8.36103439602077 89.44427299340416,8.363498427810484 89.4430672696395,8.368431443056735 89.44246924655872,8.370898412931695 89.44009456061602,8.380776057269529 89.43950590757194,8.383245131557757 89.43833698406516,8.388189667119548 89.4382101598716,8.388699683443917 89.43799216870408,8.389576035905634 89.43777467396231,8.390450391872193 89.43755744991645,8.391323652464564 89.43733975192836,8.39219881242525 89.43712175716391,8.393075165786499 89.43690415630195,8.393949938139187 89.43668693765258,8.394823161859549 89.43646933049584,8.395697946802954 89.43625133303308,8.39657430106314 89.43603372857402,8.397449072516906 89.43581650722618,8.39832229713663 89.43559899000175,8.399196706163238 89.43538098894172,8.400073059524232 89.43516328016156,8.400948238370688 89.43494606241129,8.401821435111117 89.4347284489593,8.402696220953985 89.43451044430188,8.403572576113717 89.43429280656827,8.404447453687212 89.43407560500563,8.405320576683607 89.43385798795603,8.406195362526034 89.4336399797019,8.40707171858513 89.4334224777659,8.407946039478247 89.43320522763966,8.408819341439482 89.43298751346302,8.409694505896823 89.4327695016116,8.410570862855295 89.43255191244154,8.411445520094901 89.43233464882573,8.412318865223483 89.43211702548061,8.41319365106635 89.43189940123656,8.414068439606808 89.43168138488826,8.414944797464557 89.43146375434955,8.415819608488434 89.43124661753782,8.41669242481565 89.43102898969639,8.417567212457172 89.43081087712065,8.418443948029946 89.43059327715824,8.419318623255876 89.43037600904611,8.42019195309615 89.43015837850649,8.421066743435517 89.42994035586335,8.421943101293266 89.42972274331075,8.422817811592836 89.42950548149295,8.42369110815821 89.42928784645764,8.424565898497576 89.42906991464523,8.42544188133779 89.42885226611943,8.426316722938552 89.42863493955113,8.427190265918284 89.42841730181752,8.428065056257651 89.42819927287863,8.42894141681306 89.42798164773504,8.42981615499167 89.42776438501878,8.430689426376205 89.42754674368777,8.431564217614763 89.42732871115166,8.432440578170358 89.42711108510869,8.433315306456507 89.42689391052593,8.434188212716137 89.42667626559737,8.43506300395444 89.42645813683404,8.4359397422254 89.42624046492617,8.436814638684766 89.42602323548462,8.437687755385753 89.42580558695849,8.438562547523759 89.42558754812731,8.439438909877921 89.42536988161513,8.4403137730623 89.42515264048248,8.44118692393755 89.42493498925867,8.44206171517628 89.42471743066531,8.442936133196142 89.42449938733702,8.44381249555039 89.42428164618119,8.444687644719167 89.42406437716951,8.4455608873253 89.42384672144922,8.44643568126196 89.42362867542354,8.447312045414762 89.42341097833403,8.44818700392726 89.42319375249022,8.449060062172336 89.42297609317237,8.449934857008188 89.4227580435493,8.450811222060452 89.4225404588752,8.451685714724064 89.42232320785021,8.452558862001922 89.42210545140577,8.45343403455324 89.4218873981853,8.454310399605504 89.42166973706915,8.455185186347308 89.4214524617619,8.45605841906108 89.42123479614943,8.456933215695415 89.42101673933124,8.45780958164704 89.42079904404144,8.458684493394628 89.42058179661322,8.45955760290137 89.4203641274029,8.460432399535705 89.42014616141668,8.461308388671327 89.41992849310603,8.462183179010694 89.41971111797423,8.463056787640753 89.41949344516692,8.463931585174805 89.41927538205348,8.464807952025453 89.41905773442753,8.465682646137438 89.41884042584527,8.466555975977528 89.41862275033967,8.467430774410957 89.41840468362946,8.468307142161052 89.41818699823185,8.469181977466505 89.41796981375629,8.4700547901965 89.41775213465345,8.470929588629929 89.41753397081632,8.471806333195943 89.41731629351276,8.472681125333779 89.41709900111837,8.473554359846034 89.4168813193177,8.474429159178655 89.41666363571838,8.475303959410553 89.41644556181384,8.476180328060025 89.41622784314089,8.477055269485206 89.4160105840214,8.477928356508585 89.41579299125382,8.478802780823685 89.4155749137519,8.47967914857405 89.41535712313296,8.480554362494047 89.41513983433632,8.481427555637353 89.41492214534131,8.482302356768443 89.41470406424165,8.483178727216739 89.4144863266828,8.484053714507453 89.4142690720607,8.484926758363414 89.41405137946813,8.485801560393881 89.41383329477125,8.486677931741369 89.41361572088906,8.487552249936456 89.41339839072353,8.488425586071955 89.41318060010511,8.489300764918596 89.41296289492234,8.490175598425296 89.41181340846211,8.49486699821368 89.41052323116244,8.500213412918853 89.41029490138911,8.50111274485738 89.41007300266725,8.501986741095422 89.40985139442651,8.502859594294918 89.4096294903093,8.503733598626852 89.40940731639492,8.504608672252672 89.40918543206206,8.50548260194067 89.40896386519054,8.506355281571189 89.40874271920146,8.50722629116062 89.40833977705941,8.508821547276796 89.40753778683981,8.51201315578264 89.40713886106974,8.51360901444474 89.40555053153216,8.51999621994986 89.40515552141048,8.521593045382986 89.40436921266942,8.524788523671631 89.40397803635781,8.526386682799341 89.40376481519459,8.527262471386052 89.40355153827332,8.528138483904044 89.40333738990918,8.529018073025767 89.40312405363292,8.529894338253257 89.40291168862396,8.530766594302861 89.40269833975677,8.531642897302092 89.40245510461958,8.532641944270537 89.4008242650282,8.539016353322253 89.39968165838226,8.54353940901676 89.39946366991288,8.544415185012937 89.39924585051605,8.545290280222389 89.39801887846889,8.550773144565014 89.39787979111978,8.551311103724629 89.39765376810695,8.552185322994589 89.39727968161245,8.553686372428317 89.39675090992691,8.555677386902047 89.39652525114005,8.556550187940786 89.39622786062765,8.5577152686447 89.39599170585316,8.558620246527198 89.39418441208133,8.56570598514331 89.39403068646735,8.566322329212255 89.39388312930353,8.566910084732854 89.39322279309764,8.569562017273356 89.39296631634286,8.57060127023243 89.39149560014212,8.576572344138583 89.39114826218284,8.577989202639785 89.39093486295425,8.578863823007282 89.39072122540463,8.579739414642575 89.39003716508373,8.582569793361529 89.38987225999708,8.583258674948055 89.38939677853878,8.585258551341255 89.38914528672606,8.586323599554703 89.38899024360515,8.586982076861432 89.38770405569804,8.591655044145043 89.38748658613727,8.592528558346373 89.3872688845519,8.593403002446792 89.3870510867387,8.594277826060875 89.38683280509011,8.59515459400943 89.38661501627033,8.596029380751403 89.38639759887033,8.5969026692229 89.38617979835973,8.597777492837153 89.38596160664329,8.598653884868995 89.38574378095123,8.59952880740883 89.38552639412839,8.600401961881289 89.38530859091932,8.601276785495543 89.38509048913514,8.602152801610657 89.38487267513406,8.603027663895588 89.38465517589626,8.6039012554387 89.38443736908968,8.604776080851522 89.38421917017902,8.605652474682174 89.38400135707744,8.60652732347728 89.3837839441741,8.607400553492866 89.38356613377036,8.608275378905773 89.38334793216157,8.609151773635631 89.38313012895233,8.61002656937086 89.38291269986186,8.610899853345856 89.38269497938998,8.611774303741242 89.38247677418414,8.612650697571894 89.38225887564718,8.613525861129787 89.38204144116006,8.614399156795798 89.3818236235617,8.615273984007445 89.38160541565802,8.616150378737117 89.38138764392502,8.617025021587708 89.38117016896851,8.617898462943842 89.38095234867231,8.618773290155318 89.38073413717089,8.619649686683815 89.38051641849822,8.620524102005831 89.38029897771585,8.621397393175343 89.38008106029335,8.622272596303276 89.37986323550004,8.623147426212768 89.37964501950242,8.624023823640641 89.37942719920639,8.624898631966502 89.37920975842385,8.625771909646005 89.37899193003412,8.626646739555497 89.37877371043865,8.6275231369832 89.37855587845146,8.62839798218134 89.3783385365945,8.629270847971483 89.3781207055064,8.630145676981599 89.37790238878435,8.631022452124668 89.37768456669002,8.631897242463864 89.37746711421633,8.632770540828062 89.37724927953084,8.633645371636746 89.3770310527415,8.634521770863088 89.37681322704904,8.635396562101832 89.37659577187779,8.636269861365221 89.37637793359525,8.637144693073182 89.37615979763714,8.638020715483705 89.37594196475041,8.638895524708857 89.3757244160494,8.639769183701034 89.37550657416958,8.640644015409165 89.37528834198358,8.641520415534885 89.37507049470778,8.642395268826746 89.37485304673137,8.643268508734863 89.37463520215314,8.644143341342371 89.37441696547094,8.645019742367367 89.37437372606715,8.64594955952468 89.3741348517423,8.646814577830469 89.37388745724067,8.647680317392812 89.37367897190725,8.648559022481152 89.37347046768812,8.649436664570644 89.37320078438896,8.6502942769593 89.37296029308325,8.651162330477348 89.37274852702328,8.652039805292915 89.37254590167211,8.652939161513245 89.3722992976748,8.65378215812035 89.37207846824717,8.654656218209993 89.37185772785213,8.655529929362842 89.37163654139366,8.656405403187023 89.37143984527293,8.65728627654066 89.371195147838,8.658152463965209 89.37097431571252,8.659026525853676 89.37075311486493,8.659902051838273 89.37055055606399,8.660781041112443 89.37031181843591,8.661648713317547 89.37009098361241,8.662522777004753 89.36986978006681,8.663398302989265 89.36966139006157,8.66427529756703 89.369428580765,8.665144563371072 89.369207642519,8.666019029055121 89.36898643627526,8.666894557737734 89.36877197674548,8.667770501008007 89.36855030645174,8.668641613120144 89.36793553169983,8.671100497190366 89.36674031831129,8.676027249558217 89.36620006408228,8.678262590046572 89.36590421680674,8.679491306778402 89.36576788677903,8.680063577772103 89.36463606300433,8.68482627041628 89.36435379818968,8.686016448500538 89.36378718483107,8.6883930113285 89.36334488745686,8.689551355211094 89.36097899418579,8.699054953523486 89.36068457863084,8.700242195321252 89.3600975992251,8.702618503641233 89.35980527549341,8.703806600694236 89.35869538078768,8.708335367983068 89.35806072562255,8.71081565951522 89.35757043682676,8.712743658493025 89.35645242663875,8.717167601703636 89.35589720858982,8.71938045824173 89.3556795276887,8.720254352856273 89.35546121906063,8.721130767371278 89.35524330253693,8.72200560627384 89.35502577092316,8.72287889204732 89.35480784990236,8.723753740842767 89.35458953767747,8.724630156256964 89.35437164003966,8.725504905227467 89.3541541767743,8.726377905016463 89.3539362521565,8.727252753811726 89.35371784280474,8.728129546941204 89.35349992088484,8.729004380447918 89.35328238117754,8.72987767341607 89.35306445386144,8.730752523110539 89.3528461344417,8.731628941222937 89.35262819813309,8.73250381879626 89.35241066651966,8.733377069496271 89.35219273560696,8.73425191919091 89.35197450611915,8.73512796138641 89.3517565815014,8.736002781403371 89.35153893837176,8.73687646647602 89.35132100296212,8.737751317969128 89.35110267724721,8.73862773608117 89.3508847400391,8.73950259566844 89.35066719583486,8.740375867952082 89.35044925862692,8.74125071944519 89.35023092841524,8.74212713845695 89.3500130154886,8.743001889226022 89.34979553513611,8.743874894411135 89.34957759343118,8.744749744105434 89.34935955729847,8.745624974213456 89.34914122438832,8.746501394124323 89.348923271892,8.74737628248964 89.34870572768793,8.748249528692895 89.34848778238594,8.749124381984757 89.34826944497948,8.750000802794986 89.3480515014758,8.750875647093764 89.34783394198305,8.751748938263106 89.34761608661367,8.75262341563841 89.34739774650924,8.753499836448384 89.34717973106027,8.754374956838944 89.3469621436885,8.7552483496317 89.34674419119168,8.756123204722371 89.34652584749043,8.756999626431806 89.34630791747648,8.757874388892049 89.34609033100426,8.758747765497048 89.34587237491056,8.75962262058772 89.34565402761146,8.760499043196262 89.34543608141038,8.761373859616185 89.34521859836005,8.762246806345047 89.34500063956816,8.763121661435719 89.34478219604185,8.76399846086035 89.34456426333034,8.764873207133007 89.3443466660664,8.765746602623608 89.34412870367728,8.766621458613656 89.34391034918386,8.767497883021107 89.34369239848584,8.768372691346883 89.34347481291255,8.769246025683728 89.3432568469265,8.770120882572712 89.34303858416368,8.770996931063792 89.34282061817746,8.771871786154122 89.34260294626958,8.772745450542331 89.34238497758523,8.773620307431486 89.34216700800144,8.77449516611938 89.34194864631323,8.775371591426108 89.34173070910529,8.776246317013985 89.34151309475388,8.777119736786403 89.34129512157304,8.777994595474297 89.34107675718715,8.778871022579764 89.34085887483795,8.779745510746793 89.3406412919625,8.780618791124411 89.3404232216549,8.781494027527671 89.3402048536714,8.782370455532245 89.33998688408812,8.783245283642998 89.3397692886222,8.784118602691365 89.33955130824668,8.784993463177997 89.33933293666595,8.78586989028355 89.33911496978024,8.786744695911125 89.33889736532163,8.78761804014077 89.33867947577735,8.78849252471025 89.33846110059991,8.789368952715165 89.33824302039952,8.790244198111509 89.33802542853121,8.79111747938822 89.33780744186018,8.791992341673506 89.33758906308495,8.792868770577442 89.3373710323473,8.79374380823036 89.33715347825094,8.794616923132693 89.33693548798297,8.795491784518433 89.33671710650938,8.796368214321646 89.3364991899858,8.79724277983064 89.33628160801007,8.798115990960355 89.336063520615,8.79899123006146 89.33584513644448,8.799867660764221 89.33562715786755,8.800742459197124 89.33540953722095,8.801615816017318 89.33519154065769,8.802490679201696 89.33497315199,8.803367109904386 89.33475516711772,8.804241922726746 89.33453754647113,8.805115266956292 89.33431964073938,8.805989753324681 89.33410163967969,8.806864617408266 89.33388315298535,8.80774142492703 89.33366515102628,8.808616290809255 89.33344753937288,8.809489583777335 89.3332295347158,8.810364448760538 89.33301113885332,8.811240881261867 89.33279312160587,8.812115796606847 89.33257551804635,8.812989041011633 89.33235751069125,8.81386390599475 89.3321392056603,8.814739963478644 89.33192121539199,8.815614752918734 89.33170348412884,8.816488500044315 89.33148547317657,8.817363365926894 89.33126707011937,8.818239800226706 89.33104906546234,8.819114639129623 89.33083143672175,8.819987962674475 89.33061342217249,8.820862829456075 89.33039501551812,8.821739263756228 89.33017700276704,8.822614122443952 89.32995946935446,8.823487051186746 89.32974145120718,8.824361917968346 89.32952294832577,8.825238729983525 89.32930491668932,8.82611364982516 89.32908730053916,8.826986894229776 89.32886927879477,8.827861762810286 89.32865086674437,8.828738198909093 89.32843282701381,8.829613139434898 89.3282152126624,8.830486365853446 89.32799718732079,8.8313612344337 89.32777877167345,8.832237670532322 89.32756085245185,8.833112112833916 89.3273432048255,8.833985461559962 89.32712508325645,8.83486070605693 89.32690705431773,8.835735577335114 89.32668863417345,8.836612014333284 89.32647058455038,8.837486962953335 89.32625296480265,8.838360183975496 89.32603509234619,8.839234412238511 89.32488376947086,8.843926430760234 89.32359329629375,8.849266722881097 89.32336578040682,8.850161524035158 89.32314355433218,8.851035519373838 89.32292162773129,8.851908336600602 89.32269927125495,8.852782831962415 89.32247681765168,8.853657716730424 89.3222545735903,8.85453176872636 89.3220326433918,8.85540459044961 89.32181126357929,8.856275234014944 89.32140802556032,8.857869295831449 89.32060544088861,8.86105851573818 89.32020621654411,8.862653180100253 89.3186166882098,8.869035603910163 89.31822137681561,8.870631234144412 89.31743446372971,8.87382432023621 89.31704298434656,8.875421283265766 89.31682943762885,8.876297061960031 89.31661546283388,8.877174599728093 89.31645252726256,8.87784281849143 89.31558460324706,8.88122718948324 89.31447803603274,8.885603428155662 89.31425967344572,8.886479451465561 89.31404149342055,8.887354740928515 89.31382381431806,8.888228016809634 89.3136057341176,8.889102897081145 89.31338726271255,8.889979344871051 89.31316918251204,8.89085421974653 89.31295149081896,8.891727535197774 89.31273340702145,8.892602416368561 89.31251493201907,8.893478864158382 89.31229693635456,8.894353390097066 89.31207924735955,8.895226677669186 89.31186106733483,8.8961019347567 89.31164297904073,8.896976817726156 89.31142449954135,8.897853266415424 89.31120642743477,8.898728085532753 89.3109887123596,8.899601459440078 89.31077062136771,8.900476342409263 89.31055213917031,8.901352791997894 89.3103340373863,8.902227713638283 89.3101164392227,8.903100610005197 89.30989834463313,8.90397549207546 89.30967976530943,8.90485231847991 89.30946165453216,8.905727262603293 89.30924396463743,8.906600515101786 89.30902586645098,8.90747539897069 89.30880737705925,8.908351850357619 89.30858927977206,8.909226730629143 89.30837157009219,8.910100047879212 89.30815346830846,8.910974932647136 89.3079349762186,8.911851383135044 89.30771695897099,8.91272592616069 89.30749925558669,8.913599205638931 89.30728105757518,8.91447446722303 89.30706256098895,8.915350919509422 89.30684446190278,8.9162257826939 89.30662683406152,8.917098746510064 89.30453934031843,8.925761747606714 89.30426969119335,8.926822246149925 89.30404749569587,8.927696110187583 89.30382519138013,8.928570394208506 89.30360293652691,8.929444492069877 89.30338070145845,8.930318500898395 89.30315849606811,8.931192399110145 89.30293624121501,8.932066478085744 89.30271398456298,8.932940567853151 89.30249174679685,8.933814580278792 89.30226927071058,8.934689531596675 89.3020483027876,8.935562800283193 89.30182581051295,8.936433547270596 89.30160378588644,8.937306703541708 89.29888620193728,8.948827092696433 89.29839096956803,8.950707290908937 89.29739459988119,8.954521645757438 89.29701205256461,8.955987299674334 89.29561111745934,8.961378991647322 89.29538891656549,8.962253032851436 89.29516636673472,8.96312844821955 89.29497044493044,8.96390872071106 89.29479424435934,8.964608648670207 89.29457485474612,8.965483353573916 89.29310856950534,8.971358502193254 89.29289536363066,8.972233734998952 89.29268183759686,8.97311027002307 89.29247173168542,8.973988297022444 89.292254951905,8.974862675472352 89.29204169926518,8.975738087243073 89.29182812466868,8.976614812923387 89.29162290207555,8.977493463152769 89.29140126415766,8.978367092467522 89.29118792428389,8.9792428567726 89.29097440184754,8.98011935672308 89.2907738943999,8.980999316365569 89.29054750536332,8.981871764870206 89.29033422844239,8.982747260278018 89.2901206691341,8.983623905019272 89.2899587749778,8.984352615780779 89.28906135230014,8.987905930714177 89.28743001898025,8.994089788713083 89.28721148642123,8.994966094410074 89.28699330909447,8.995840979177999 89.28677551218064,8.996714327004767 89.28655732765881,8.997589227960532 89.28633875193205,8.9984656955355 89.28612054852462,8.999340668437355 89.28590277139611,9.000213928130279 89.28568467680671,9.001088454069134 89.2854660974829,9.001964921643832 89.28524781583431,9.002840194919031 89.28503001622252,9.003713531954077 89.2848118245063,9.00458843470858 89.28459324158527,9.005464904082373 89.28437503547994,9.006339863494134 89.2841572475597,9.007213139375082 89.2839390531449,9.008088043028962 89.28372046662642,9.008964512402486 89.28350234955425,9.009839100394288 89.28328455893532,9.0107123726782 89.28306626739439,9.011587653147728 89.28284767817823,9.012464123420884 89.2826294819653,9.013339015383224 89.28241166976315,9.014212362310886 89.28219346815453,9.015087266863873 89.28197487534058,9.015963737137028 89.28175669171813,9.016838569744365 89.28153886063038,9.017711977825513 89.28132075075249,9.018586503764297 89.2811028702013,9.019460104300649 89.28054659544924,9.021707088311686 89.27944180079899,9.026203066318644 89.27889382948703,9.02844979582153 89.27864112358955,9.02948152505246 89.27835892262661,9.030590184989123 89.27815832524712,9.031380266386222 89.27775806398395,9.032960788909392 89.27755847024767,9.033750955742164 89.2767617689411,9.036913079974838 89.27656318244536,9.03770330076702 89.2761668647095,9.039284412345921 89.2759692953471,9.040074657419666 89.2743912558523,9.04640282243247 89.27419464336847,9.047193304027928 89.27380216843594,9.048775363492254 89.27360646606607,9.049566297446859 89.27282515665618,9.052732219516429 89.2726303715946,9.053523573454186 89.2722416594253,9.055106945928912 89.27204780066594,9.055898689273306 89.27183468832075,9.056771371601585 89.2716202350862,9.057649536197289 89.2714127372083,9.058499227357743 89.27101219895442,9.060057325285399 89.27042122565959,9.06237335834389 89.26924637022401,9.067012218838997 89.26866310771655,9.069332628897769 89.26844471455226,9.070208098225464 89.26822646168236,9.071083008174398 89.26800868905028,9.07195598278247 89.26779043258298,9.072830897228243 89.2675716895823,9.073707756008318 89.26735339984,9.074582801755113 89.26713556425548,9.07545601828069 89.26691730419046,9.076330932726478 89.26669904232747,9.077205850769644 89.26648038925876,9.078082333632992 89.26626214808019,9.078957166240329 89.26604425493863,9.07983059680491 89.265826083907,9.080705138931194 89.26560742814033,9.081581620895179 89.26538908443925,9.082456851902393 89.26517119309634,9.083330262681656 89.26495292493794,9.084205180724652 89.26473426557433,9.085081664487461 89.26451599651651,9.085956583429649 89.26429811776441,9.086829931256418 89.26407984600863,9.087704851098053 89.26386118304745,9.088581335760239 89.26364298233833,9.08945596781875 89.263425122472,9.090329225713276 89.26320675358929,9.091204521471468 89.262988087031,9.092081007033016 89.26276978829529,9.09295601950491 89.26255192573157,9.093829276499989 89.26233364768021,9.094704197241 89.2621149775247,9.095580682802378 89.26189670666813,9.09645557296642 89.26167880992969,9.097328954068175 89.26146062181047,9.098203498892644 89.2612419489574,9.099079983554475 89.26102358547038,9.09995523164882 89.26097629012398,9.100882552288041 89.26072259677082,9.101746283664326 89.26050293106582,9.102621594711081 89.26027822016428,9.103494616083694 89.26004741455668,9.10436282698305 89.25981078853764,9.105232240275868 89.25957316966665,9.106103038524495 89.25940050702789,9.106966370601526 89.25913429691073,9.107847287122851 89.25891196471551,9.108721569345107 89.2586897341445,9.109595453167842 89.2584671321529,9.110470797489484 89.25827437506294,9.111352642110816 89.25802303883265,9.112217101038539 89.257800805563,9.113090984861273 89.25757820087338,9.113966330082292 89.25737757561475,9.114846064894138 89.2571341920897,9.115712284694197 89.25691196961193,9.116586119054361 89.2566892615005,9.117461865372931 89.25648078246266,9.118339439113981 89.2562451591871,9.119208172519379 89.25602292052159,9.12008205904003 89.25580031133572,9.120957406059617 89.25558394973999,9.121832942836122 89.25535620452584,9.122703715004533 89.25513396406157,9.123577600625993 89.2549114043384,9.124452731808276 89.25469677483684,9.125328524891572 89.25447999415675,9.126202512136544 89.25426413348359,9.127078027329333 89.25404791038287,9.127955005719159 89.25383813632172,9.128832144188308 89.25361654876522,9.12970457110923 89.25340068629308,9.130580087201395 89.25318446139411,9.13145706739003 89.25297960932218,9.132335281448306 89.25275318161411,9.133206282943775 89.25253732813556,9.134081748673907 89.25229259113078,9.135100464714853 89.2521256041135,9.135838918731281 89.25189761608229,9.136709875260578 89.2516866738014,9.137586446257785 89.25147572972142,9.13846302085203 89.25126443130861,9.139341058643126 89.2510893656819,9.140225742424207 89.2508428974821,9.141092737440076 89.25061918572729,9.141964139134075 89.25042281606036,9.142844501672414 89.25026016557447,9.143730108158067 89.25001275398566,9.144594282000682 89.2496720934927,9.14544978368076 89.2494533738741,9.146326279134485 89.24923503826673,9.147201240344998 89.24901710825358,9.148074570185528 89.24879877804145,9.148949500819072 89.24858005572534,9.149825997172172 89.24836171202358,9.15070097636918 89.24814387643917,9.151573913205596 89.24792554263027,9.152448842940032 89.24770672318735,9.153325716109123 89.24748839387448,9.154200625158865 89.24727044407601,9.155074009857742 89.24705210666983,9.155948942289854 89.24683337715888,9.156825439542672 89.24661503885355,9.157700374672615 89.24639709085366,9.158573734190654 89.24617875074935,9.159448666622765 89.2459601120701,9.160324788857963 89.24574178185841,9.161199675424712 89.2455237250401,9.162073460322219 89.24530538133834,9.162948393653608 89.24508664553278,9.163824892704724 89.24486830902586,9.164699790962743 89.24465034573737,9.165573190050722 89.24443199843844,9.166448124281658 89.24421325903464,9.167324623332945 89.24399491623299,9.168199534181255 89.24377704647381,9.169072546560969 89.24355869557795,9.169947478993251 89.24334025025283,9.170822790040006 89.24312150725197,9.171699290889862 89.24290316624845,9.172574179255093 89.24268519216835,9.17344759093372 89.24246683677521,9.174322526963124 89.24224809017781,9.17519902781298 89.24202975187191,9.176073893695559 89.24181176879833,9.176947329655647 89.24159350423727,9.177821889768595 89.24137475404243,9.178698390618365 89.24115631501272,9.179573645007778 89.24093833103925,9.180447070176328 89.2407199693516,9.181322007105095 89.24050121645828,9.182198509753604 89.24028286466316,9.183073402615761 89.24006488068997,9.183946814294117 89.23984651540448,9.18482175212226 89.23962775891422,9.18569825477077 89.23940948805799,9.186572812185702 89.23919151038004,9.18744618339474 89.2389732188391,9.188320813654784 89.23786202011664,9.19284005712312 89.2365055196145,9.198440924209422 89.23630298689395,9.199236283727657 89.23608017446091,9.200111291703067 89.23585760034817,9.200985353591363 89.23563528793844,9.201858392051292 89.23541263918221,9.20273273542756 89.23518987441335,9.20360754195461 89.23496890649002,9.204475287005081 89.23474752667741,9.205344628351995 89.2343436492404,9.206938829563398 89.23353978843093,9.210128328259927 89.23313992916488,9.21172313201707 89.23154786744047,9.218106117903218 89.2311519247223,9.219701887532366 89.2303637525853,9.222895254212972 89.22997164637471,9.224492356637143 89.22975926517816,9.225362040625882 89.22954661778274,9.226232786713922 89.22937644806487,9.226929599421624 89.22850307775528,9.230330543120203 89.22739815540095,9.23469408786201 89.2271799133226,9.235568347601358 89.22696110736965,9.236444860142228 89.22674271330587,9.237319723326607 89.22652466728019,9.238193186266628 89.22630624983393,9.239068133088196 89.22608753381317,9.239944271511078 89.22586912625971,9.240819176064335 89.22565099389854,9.24169297355212 89.22543257285534,9.242567922172157 89.22521375970788,9.24344443651158 89.22499534136219,9.244319372541256 89.22477730612835,9.24519276533401 89.2245588814873,9.246067713954048 89.22434006564211,9.246944229193105 89.22412161941762,9.24781926324863 89.22390369929693,9.248692182998013 89.22368527105894,9.24956713161788 89.22346635808631,9.250444022773479 89.22324793524436,9.251318949809715 89.22302989101715,9.25219235429374 89.22281146008115,9.253067305611808 89.222592637041,9.253943821750227 89.22237420070897,9.254818788356602 89.22215616277705,9.255692154169694 89.22193772824394,9.256567104588214 89.2217189960356,9.257443245709553 89.2215005543076,9.258318223107551 89.22128242194654,9.259191954944924 89.22106398381621,9.26006690536353 89.2208455447865,9.260941858480237 89.22062671455186,9.261818375517862 89.22040828361585,9.26269329266131 89.22019022589873,9.263566711534793 89.2199717832718,9.264441664651244 89.21975294943965,9.265318182588317 89.219534620127,9.266192680647805 89.21931654802077,9.26706614268845 89.21909800826697,9.267941472621075 89.21887917083748,9.26881799145734 89.21866074619655,9.26969285823894 89.21844266779524,9.270566329272754 89.21822421887319,9.271441284188029 89.21800537874557,9.272317803024393 89.21778692622618,9.273192767832015 89.2175688694081,9.274066142638446 89.2173505104179,9.274940722536641 89.21713166669318,9.275817241372735 89.21691313863076,9.276692499359612 89.216695056632,9.277565958702255 89.21647660141426,9.278440914516807 89.2162577531931,9.27931743515164 89.21603926829815,9.280192507878098 89.21582133109004,9.281065373668227 89.21369323385588,9.28987538693967 89.21346158108744,9.290785048491273 89.21323871649426,9.291660204854736 89.21302116869262,9.29253577850352 89.21279381108573,9.293407258438492 89.21257115513518,9.294281578432319 89.21234828784318,9.295156734795611 89.21212883977458,9.296031238251032 89.21190352902497,9.296903193927491 89.21168076245746,9.297777937501962 89.21145814517755,9.298652099215289 89.21123549012654,9.299526399424053 89.21101331081584,9.300398835338058 89.21079141749001,9.301270134509181 89.20998159957148,9.304483341133334 89.20837788083512,9.310913802230274 89.20758401059393,9.31413093979124 89.20736943325315,9.315009883199878 89.20715556817524,9.315885919999332 89.20694235420652,9.316759274121338 89.20672860064465,9.317634840575522 89.20651399542507,9.318513881110903 89.2062998506581,9.319391056452332 89.20614491635504,9.32002568104059 89.20424142030564,9.327439976174162 89.20402334640093,9.328313216981655 89.20380484172054,9.32918818089 89.2035858514063,9.330065087333992 89.20336734762563,9.330940046745852 89.20314923055278,9.331813449431309 89.20293072227562,9.332688416037854 89.20271194330192,9.33356446093137 89.20052433343179,9.34261507162853 89.20023567893415,9.343731146475477 89.20001289617827,9.344606067216489 89.19979025101983,9.345480435773695 89.19956788824803,9.346353703560666 89.19934542205394,9.347227368848152 89.19912276250571,9.34810179406253 89.19889987632891,9.348977110505587 89.1986833024927,9.34985278397896 89.1984551175099,9.350723745904304 89.19823253800152,9.351597843765589 89.19800961135499,9.35247331399222 89.19778913805865,9.353347511678635 89.19756511963467,9.354218880097392 89.19734265344138,9.355092519304492 89.19572638106811,9.36157528407226 89.19551243595075,9.362452085295786 89.19530080299009,9.363329756163509 89.19508487037089,9.36420436214182 89.19487123731781,9.365079881831363 89.19465730389189,9.36595662280007 89.19445049849199,9.36683514892313 89.19422984713017,9.367708438293903 89.19401612864212,9.368584294329864 89.19380203603535,9.369461676515343 89.1922370025363,9.376275515902464 89.19012042112084,9.384073271164581 89.18952446827998,9.386441362379173 89.1892277351723,9.387625032069707 89.18686052439423,9.397104290231141 89.18656593976661,9.39828849052168 89.1859786168205,9.40065871133055 89.18568611682153,9.401843764178395 89.18450806159794,9.406635574172526 89.18407032198812,9.408338531298511 89.1834818443123,9.410641720239411 89.18231194504042,9.415254667668876 89.18173111879636,9.41756211130263 89.18151285333599,9.418435788281215 89.18129426142164,9.419310771075445 89.18107527740281,9.420187317790734 89.18085669538064,9.4210622592161 89.18063848208058,9.421935715860798 89.1804198865693,9.422810699554475 89.1802008989529,9.423687246269424 89.17998231063538,9.424562198486854 89.17976418996571,9.42543527022167 89.17954559175595,9.42631025301607 89.17932650701314,9.427187176547193 89.17910787642788,9.428062286145575 89.17888969820163,9.428935578214464 89.17867109549528,9.429810562807333 89.17845210158359,9.430687111321106 89.1782335159642,9.431562024867773 89.17801528557729,9.432435513888095 89.17779668017337,9.433310498480694 89.17757777619354,9.434186672876933 89.17735918337965,9.435061602611015 89.17714085946355,9.435935450460747 89.17692225046179,9.43681043685244 89.17670324935582,9.437686987164952 89.17648463855554,9.438561977153597 89.17626641985945,9.439435392429516 89.17604780816012,9.440310377022385 89.17582919466233,9.441185364313185 89.17561018905926,9.442061915525073 89.17539158455409,9.442936867742503 89.17517344499905,9.44380994667192 89.17495482880261,9.444684933063442 89.17473572607341,9.445561860191773 89.17451713505804,9.446436744060676 89.17429888128876,9.447310268154453 89.1740802614955,9.4481852563448 89.1738612495972,9.449061809355157 89.17364263789787,9.449936761572587 89.17342439761833,9.4508102182172 89.1732057742274,9.451685206407362 89.17298685316123,9.452561384400553 89.17276824236066,9.45343631683265 89.17254990045788,9.454310169179053 89.17233127346978,9.455185159167954 89.17211225527663,9.456061713077858 89.17189360670508,9.45693678490494 89.17167538980758,9.45781012463766 89.17145675922248,9.458685114626562 89.17123773743182,9.459561669435573 89.17101908796067,9.4604367322695 89.17080095919735,9.461309706877657 89.17058232591378,9.462184696866473 89.17036320609762,9.463061627592197 89.17014457910946,9.463936590601179 89.1699263280382,9.4648100418501 89.16970769025832,9.465685034536762 89.16948866127333,9.466561590245405 89.1692700162985,9.467436610811092 89.16905177601902,9.46831000540277 89.16883313644033,9.469184995391231 89.1686145885927,9.470059613960359 89.16839555511129,9.470936169668732 89.16817680761395,9.471811585036832 89.16795856733441,9.47268496254111 89.16773992235974,9.47355995522804 89.16752088618048,9.474436512735153 89.16730225019901,9.475311470348274 89.16708398563819,9.476184931489556 89.16686533706579,9.47705992507558 89.16664629728896,9.477936483482154 89.1664277755219,9.478810969850542 89.16620948398096,9.479684527219206 89.16599073828243,9.480559897621319 89.16577169490805,9.481436456027893 89.16555306702062,9.482311355185104 89.16533478087555,9.483184877480312 89.16511612600854,9.484059872865075 89.16489707903705,9.48493643217084 89.16467844035841,9.48581136100573 89.16446015781028,9.486684854522636 89.1642415928757,9.48755947578951 89.16402254320636,9.488436034195729 89.1638037867161,9.489311419886235 89.1635855212551,9.490184834262877 89.16336686009313,9.491059831446123 89.16314780592674,9.491936391651436 89.16292915465723,9.492811345667334 89.16271087121001,9.493684817600524 89.16249220645042,9.49455981478377 89.1622731495867,9.495436374988898 89.16205457385993,9.49631101154425 89.16183630210381,9.497184425920807 89.16161753931814,9.498059799020595 89.16139847885725,9.498936361923754 89.16117981499664,9.49981134022147 89.16096153065067,9.500684789671482 89.16074285959579,9.501559786854997 89.16052418674238,9.502434785836883 89.1603051217842,9.503311348740041 89.16008645522592,9.504186319843072 89.1598682590135,9.505059403268987 89.15964958256237,9.505934402250887 89.15943042137681,9.506811341070758 89.15921173593327,9.507686372428168 89.15919553554593,9.508601263537798 89.15891499293278,9.509455608689493 89.1586339619877,9.510311447615265 89.15835810124545,9.511160850992667 89.15807248465765,9.51202078003513 89.15779164616802,9.512875837450224 89.15751036701002,9.513732201580055 89.1569972507227,9.514487135672809 89.15665449031277,9.51532167955206 89.15631090882178,9.516158219926012 89.15596826172643,9.51699248321664 89.15562526299604,9.517827599964036 89.15528167880703,9.518664142136629 89.15493926463537,9.519497835256956 89.15459626320731,9.520332952004352 89.15425267721989,9.521169494177045 89.15391026035101,9.52200318819672 89.15356725712368,9.522838304943946 89.15322366843773,9.523674848016 89.15288124887107,9.524508542935152 89.15253824384527,9.525343660581655 89.15219465246165,9.526180204552986 89.151852231096,9.527013899472138 89.15150922337253,9.527849017118555 89.151165864913,9.528684990020565 89.15082344084985,9.529518684939532 89.150480195705,9.530354376353557 89.15013659982472,9.531190922123457 89.14979417306293,9.532024618841248 89.14945115994325,9.53285973828649 89.14910756226467,9.533696284056475 89.14876513280487,9.534529981673472 89.14842211788678,9.535365102018076 89.14807851750984,9.536201648687438 89.14773608625174,9.537035347203698 89.14739306863547,9.537870467548316 89.14704946556057,9.538707015116685 89.14670703160473,9.53954071363313 89.14636401218982,9.54037583487711 89.14602064203919,9.541211810476796 89.1456782062846,9.542045509892432 89.14533494854956,9.542881204004559 89.14499134097801,9.543717753371766 89.14464890252512,9.544551453686765 89.14430587771423,9.545386576729399 89.14396226744512,9.546223126096592 89.1436198262945,9.547056826411605 89.14327679968463,9.547891950353517 89.14293318671722,9.548728500620086 89.14259074376801,9.549562201834462 89.14224771446092,9.550397325776188 89.14190467705933,9.551232470402269 89.13842673070965,9.559914134229928 89.13800037561683,9.56092489846553 89.1376490050981,9.561757907201738 89.13597927522372,9.565803555090085 89.13580067436234,9.566227838144286 89.13545991584263,9.567058956505704 89.13520294985645,9.567686005205246 89.13417744123629,9.570189646734988 89.13392012721258,9.570818147839304 89.1326481216137,9.57390148336691 89.13183011626697,9.575809679273618 89.13077020228363,9.578394246297577 89.12974891508091,9.58089950300996 89.12860664568078,9.583719859684038 89.12834951601766,9.584358909835942 89.12777274661542,9.585779956480039 89.12743398459068,9.58662014630282 89.12710025787115,9.58745599509841 89.1267597043973,9.588292456331942 89.12642084254824,9.589132888072584 89.12602642058337,9.590123875316579 89.12584550666477,9.5905696782483 89.1237642146472,9.595477288546363 89.12341913758374,9.596310083243836 89.1230729336693,9.597145595692837 89.12272721628861,9.597979936325146 89.12238217879482,9.598812632996939 89.12203592721679,9.59964825516299 89.12169220902874,9.600477767335178 89.12134989917885,9.601303864781627 89.12110105586916,9.60190522704481 89.12060390614582,9.603108304105191 89.12035569056329,9.603709799467865 89.1193636807898,9.6061170201844 89.11911610462508,9.606718617170756 89.11862140285601,9.607922375917042 89.11837447869951,9.608524046647617 89.11639974914968,9.613342384843335 89.11615340415662,9.6139442902969 89.1156610316315,9.615148993331388 89.11541520554775,9.615751298983412 89.1144325334349,9.618162302248535 89.1141872361525,9.618764978421325 89.11369709304702,9.619970893741993 89.11345233895466,9.620573911656876 89.11311672275909,9.62140194624294 89.11290360321911,9.621927747467723 89.11093479930199,9.6266591958655 89.11035630410075,9.62805385460183 89.1092021474615,9.630845215334432 89.10862666768728,9.632241482058973 89.10828386860598,9.633075876650537 89.10794017470002,9.6339124494001 89.10759764991192,9.634746174896293 89.10725453876657,9.63558132222039 89.1069108430614,9.6364178958695 89.10656831557586,9.637251621365337 89.10622520173203,9.63808676958881 89.10588150332885,9.638923344137197 89.10553897404517,9.639757070532582 89.1051958584026,9.640592219655503 89.10485215730117,9.641428794203804 89.10450962531937,9.64226252149848 89.10416650697894,9.643097670621316 89.1038230388028,9.643933674100026 89.10348050412253,9.644767401394688 89.1031371483613,9.645603123385683 89.10279344276356,9.64643970063183 89.10245090538493,9.64727342882587 89.10210778254847,9.648108579747259 89.10176407425323,9.648945156993761 89.1014215350763,9.649778886086722 89.10107841044046,9.650614037907758 89.10073469944703,9.651450616053353 89.10039215757243,9.652284345146768 89.10004903023886,9.653119497866726 89.09970531654747,9.653956076911697 89.09936277287423,9.654789806904034 89.09901964284282,9.655624959624163 89.09867592735262,9.656461538669134 89.09833361570426,9.657294698491512 89.09799048387393,9.658129850312548 89.09764653096298,9.658967001326218 89.09730398189387,9.659800734016741 89.09696084736535,9.6606358894349 89.09661712647929,9.661472469379234 89.09627457561126,9.662306202069772 89.09593143838569,9.663141357487746 89.09558771570087,9.663977938331286 89.09524516213449,9.664811671921186 89.0949020222109,9.665646827339515 89.09455829682852,9.666483409082147 89.09421574146373,9.667317143571424 89.09387259884195,9.668152298989753 89.09352887166048,9.668988881631762 89.09318654832103,9.669822045051433 89.09284340390056,9.670657200469506 89.09249943929828,9.67149435508064 89.09215687763853,9.672328091368385 89.09181373141874,9.67316324948439 89.09146999884146,9.673999833026116 89.09112743538336,9.674833569313861 89.09078428646606,9.675668728329228 89.09044055209009,9.676505311870685 89.09009798593357,9.677339049058148 89.08975483431837,9.678174208073344 89.08941109724472,9.679010793413724 89.08906852928956,9.679844530600747 89.08872537497669,9.68067969051566 89.08838163610395,9.681516276754792 89.08803906635038,9.682350013042878 89.08769614406222,9.683184602787307 89.08735240249192,9.684021189026794 89.08700959441754,9.684855499082062 89.0866664356079,9.685690660795615 89.08632269133957,9.686527247934123 89.08598011618963,9.687360987819432 89.08563695468197,9.688196149532814 89.0852932086149,9.689032736671493 89.0849506307674,9.689866477456164 89.08460746656172,9.690701640068653 89.08426371779652,9.691538228106879 89.08392113815037,9.692371969790656 89.08357797214629,9.693207132403415 89.08323422068318,9.694043721340833 89.08289163833919,9.694877462125419 89.08254870435965,9.69571205546697 89.08220495109808,9.696548644404558 89.08186213133288,9.697382957158013 89.08151895993225,9.698218123367724 89.08117520397317,9.69905471410378 89.08083261623258,9.699888456687106 89.08048944303394,9.70072362199771 89.08014568437605,9.701560212733682 89.07980309483744,9.702393957115575 89.07945991984005,9.703229123325457 89.07911615848431,9.70406571496089 89.07877356624707,9.704899459342684 89.078430388552,9.705734626452113 89.07808662449807,9.706571218087277 89.07774403046315,9.707404963368447 89.07740085006961,9.70824013047779 89.0770573198395,9.709076151043632 89.07671472310662,9.709909896324803 89.07637130439238,9.710745637201569 89.07602753584266,9.711582230635472 89.07568493731046,9.712415976816018 89.07534175152105,9.713251146623278 89.07499798117252,9.714087740956472 89.07465537994236,9.714921488036381 89.07431219235426,9.71575665694428 89.07396841840833,9.716593252176835 89.07362581447981,9.717427001055569 89.0732826250933,9.718262170862658 89.07293884934896,9.719098766095385 89.07259624272254,9.719932514973777 89.07225305063801,9.720767684780867 89.07190950781776,9.721603708944187 89.07156689939345,9.72243745782248 89.07122346898828,9.723273201397092 89.0708796887466,9.724109799327934 89.07053707762455,9.72494354910559 89.07019388104325,9.725778719812226 89.0698511988742,9.726612638662559 89.06940301543725,9.727706043399436 89.06850853354203,9.729893744101275 89.0680623807747,9.730987686632602 89.06628109359784,9.735366299515178 89.06583697599584,9.736460745667102 89.06495043331623,9.738651005839358 89.06450836886646,9.739745925933946 89.06097661877621,9.748515536263241 89.06053658319732,9.749610935696452 89.05965796894085,9.751803691487169 89.0592197490927,9.752900153019766 89.05746978080597,9.757289900408907 89.05703360961391,9.758386823293435 89.05616296784697,9.760582024341034 89.055729087228,9.761678807830933 89.04878910982998,9.779266299600181 89.04829296015257,9.780527324476623 89.04730227687875,9.78305275568016 89.04680835032573,9.784315622368183 89.04483628636606,9.789372816902073 89.04434481496176,9.79063692195649 89.04336417082007,9.793166800307745 89.04287539738189,9.794431541182789 89.03897130817975,9.80456390320154 89.03836212990879,9.80615087836047 89.03714728162223,9.809327727193079 89.03654204238174,9.810916481210768 89.03412797332774,9.817277603678733 89.03338744097786,9.819238145524139 89.03191220208694,9.823162374144417 89.0311776969933,9.825125527621253 89.03056560581857,9.826769473032968 89.03019410127732,9.827768835663392 89.02802023034977,9.833627676876105 89.02776308359958,9.834321907630155 89.02719074785492,9.835869825232336 89.02699520646391,9.836399678802422 89.02597354694214,9.839171970310417 89.02571875461686,9.839864527426172 89.0252097958959,9.841250294565612 89.02495604138878,9.841942383134722 89.01992660083235,9.855682418708838 89.01930083186849,9.857399162441695 89.01805331211094,9.860836197732553 89.01743207123329,9.862555088147005 89.01495514946114,9.869437696892419 89.01433859854788,9.871158251951826 89.01310987012468,9.874601953917022 89.0124981935372,9.876323695182577 89.00761890468894,9.890117023681782 89.0070118964824,9.891840397216683 89.00580193870914,9.89529064984383 89.00519948376987,9.897016121496947 89.00279778309178,9.90392496886227 89.00220003700238,9.905652054798836 89.00100894790481,9.909108770853308 89.00041609053059,9.910836989935362 88.99568756762758,9.924681989882217 88.99509939841866,9.926411791770974 88.99392715551434,9.929874856139847 88.99334356205625,9.931606706684235 88.99101738734285,9.938540979682614 88.99043852162075,9.940274393248899 88.98928522203548,9.943743717798498 88.98871125761869,9.945478212349869 88.98413410230714,9.959373257769641 88.98356484494198,9.961109283866392 88.98243046619362,9.964584752584358 88.98186580886002,9.96632277877329 88.97961545508932,9.973281663518264 88.9790555425798,9.975021201467413 88.97794017999556,9.978502726220086 88.97738518228064,9.980243292094357 88.97295997552274,9.99418674981888 88.97240970374517,9.995928795977136 88.97131333304426,9.999416260752056 88.97076768378233,10.001160257539937 88.96859343693816,10.008142936547472 88.96805255048528,10.009888393834444 88.96697526609594,10.013381709598306 88.96643930522995,10.015128141750438 88.96216661269924,10.029118373214416 88.9616353966567,10.030866234389407 88.96057717519673,10.034365286029228 88.96005060325305,10.036115048371002 88.95795274212585,10.04312070056011 88.95743095097797,10.04487187213941 88.95639188237962,10.04837656792455 88.95587502851001,10.050128662208166 88.95175539789332,10.064164020753068 88.95124330593453,10.065917492798405 88.95022336861396,10.069427718514461 88.94971594233706,10.071183040465087 88.94769473672304,10.078210842056706 88.94719210743031,10.079967521983733 88.94619138952149,10.083483185900604 88.94569370829825,10.085240734572537 88.94172767109549,10.0993195708417 88.94123476797043,10.101078446912979 88.94025324699012,10.10459943481618 88.93976503113194,10.106360110430728 88.93782074273358,10.113409233149682 88.93733734004681,10.115171215479322 88.93637510143006,10.118697433839657 88.93589665760524,10.120460230955132 88.93208472732888,10.134580887498203 88.93161107778931,10.136344959852352 88.93066810085278,10.139876295354938 88.93019915836501,10.141642117789615 88.92833203989235,10.148711733359903 88.92786792586455,10.150478810349 88.92694429244537,10.154015167666103 88.92648514807175,10.155783006380986 88.92282782024805,10.169943821250683 88.92237348634777,10.171712883043298 88.92146917576233,10.175254150658702 88.92101956869848,10.17702491127072 88.91922986206927,10.184114187819716 88.91878509965292,10.185886150825283 88.91790019104158,10.189432231612429 88.9174604054738,10.191204903283833 88.91395816034131,10.205404210036534 88.91352320053582,10.207178052625181 88.9126576750123,10.210728835067911 88.91222746272766,10.212504326114015 88.91051540356327,10.219612428171104 88.9100900494166,10.221389068550806 88.90924398342369,10.224944456421497 88.90882361511811,10.226721751507796 88.90547691133085,10.240957878303604 88.90506138497548,10.242736293045652 88.90423475782822,10.24629617213077 88.90382399608112,10.248076184068793 88.90218981191063,10.255202275264935 88.9017839217909,10.256983384375985 88.90097680903276,10.260547658447692 88.90057591464708,10.26232936920512 88.89738519736963,10.276600637909155 88.89698915752402,10.278383416161816 88.89620153936986,10.281951972805516 88.89581028301873,10.283736295193933 88.89425418967929,10.290879535562212 88.89386781934488,10.29266490386243 88.89309976774055,10.296237645051292 88.89271839943481,10.298023561038733 88.88968409404609,10.312328291717392 88.8893075946705,10.314115222139947 88.88855909073007,10.317692035459174 88.88818739283406,10.319480459655722 88.88670959896925,10.326640007430626 88.88634279878144,10.328429423579223 88.88561391175293,10.332010211901874 88.88525212078926,10.333800121778367 88.8823746355811,10.348136627303688 88.88215961487461,10.349212468280882 88.8817309584177,10.35136644530536 88.88151757627534,10.352443314207676 88.88066697859861,10.356754592150935 88.88045533124901,10.357831998847686 88.88003369939602,10.359987739442701 88.8798238866635,10.36106519380398 88.8781507195803,10.369695106144377 88.87787368612223,10.37113241882605 88.87732255459278,10.374008812257046 88.87704864537889,10.375446914543545 88.87595880915248,10.381203224049841 88.87564126393355,10.382892341508452 88.8750103922163,10.386272156534972 88.87469715115307,10.387962396347618 88.87448999591717,10.389088454568594 88.87435146614783,10.38984301004723 88.8733946936106,10.395065777863408 88.87326967615505,10.395750241980352 88.87308624413507,10.396757498859586 88.87299069206702,10.397283390016526 88.87254828047938,10.399723850575583 88.87243806946194,10.40033341915209 88.87221758627325,10.401556137406018 88.8721086352057,10.40216196210514 88.86983409956454,10.41484261159745 88.86955195346027,10.41642654255105 88.86899118749355,10.419596793057778 88.86871279695848,10.421181819385481 88.86760629449523,10.42752666682253 88.86733173237374,10.429112347856744 88.86678629625081,10.432285219887092 88.86651564348253,10.433871115859503 88.86436367554339,10.446572723152826 88.86409683949776,10.44815925314731 88.86356671793007,10.451334669359696 88.86330364914411,10.45292225875555 88.8622584804447,10.45927729371249 88.86199924816728,10.460865502740873 88.86148448522104,10.46404339388755 88.86122916409502,10.46563178008256 88.85919999588336,10.478353182353544 88.85894849957421,10.479942166597809 88.85844907996139,10.483122456236558 88.85820136170398,10.484712464808737 88.85721764188125,10.49107710452472 88.8569737655271,10.49266769495813 88.85648973241555,10.495850314740423 88.85624977170986,10.497441045468008 88.85434362445889,10.510181078094377 88.85410749576434,10.5117723708983 88.8536388338658,10.514957243482002 88.85340649311578,10.51654952374173 88.85248432918868,10.522923185456861 88.85225583753706,10.52451601250418 88.85180258731978,10.527703068641756 88.85157801221604,10.529295998211964 88.84979509906478,10.542053492974603 88.84957436316651,10.543646947748513 88.84913651024218,10.54683611099773 88.84891957307988,10.548430518154078 88.84805906847171,10.554812618207848 88.84784598670305,10.556407534380398 88.84742357064178,10.559598735493452 88.84721440721964,10.561193717316414 88.84555492691894,10.573967505096391 88.84534960899751,10.575562976150593 88.84494261451007,10.578756137785703 88.84474110521833,10.58035252614836 88.84394235885318,10.586742478182884 88.84374471035065,10.588339337790273 88.84335317520927,10.591534390699891 88.84315944775065,10.593131279984618 88.84162359005708,10.605920188066307 88.8414337134956,10.607517529710421 88.84105762510993,10.610714397451702 88.8408715670694,10.61231261863253 88.84013466888044,10.618709837189371 88.83995247792458,10.620308494541462 88.83959186956926,10.623507106068303 88.83941359875897,10.625105756225977 88.8380015426375,10.637908611892897 88.83740069928334,10.643579581132883 88.83623641447937,10.6550425962389 88.83613316421443,10.656015616827446 88.83573505772725,10.659829967179277 88.83495169426536,10.668714763575665 88.8347564613421,10.670639926091823 88.83432912868668,10.67448958292806 88.83418989564754,10.675752426233714 88.8341244025194,10.676413900081684 88.83349466124994,10.682821895214602 88.83330839816429,10.684731388842621 88.83293855197317,10.688551467876252 88.83276445761365,10.690461769095506 88.83199271788979,10.699485513446007 88.83166446804105,10.703392281728483 88.83161376606304,10.70408606641898 88.83051882438477,10.715549118397277 88.83003496034544,10.721221314312288 88.82899526761813,10.73405896025298 88.82886736513709,10.735662314764099 88.82861530855021,10.738871067945567 88.82849125876501,10.740475158102186 88.82800256626601,10.746895565677903 88.82788240245102,10.74849994361756 88.82764589963884,10.751709853327156 88.82752965686868,10.753314074784953 88.82661436915808,10.766160961259502 88.82650200426448,10.76776545161448 88.8262810453343,10.77097644051041 88.82617254123014,10.772581628739147 88.82574607552127,10.77900636205419 88.82564146098494,10.780611802093233 88.82543607021867,10.783823799129138 88.82533537672688,10.785429045814041 88.82454461634174,10.798283992912218 88.82444780522226,10.79988947162201 88.82425797272757,10.803102400355655 88.82416503049197,10.804708540966658 88.82380084823117,10.81113700826647 88.8237117982612,10.812743362916123 88.82353754831988,10.815957153200245 88.82345241759518,10.817563277623478 88.82278629695023,10.83042510363589 88.82270505309592,10.832031422312454 88.82254637581482,10.835245997704817 88.82246900713918,10.8368529414102 88.82216716318473,10.84328455274003 88.82209369127108,10.844891674511516 88.82195060733503,10.848106962166753 88.82188105286858,10.849713815939992 88.8213396717887,10.8625813391576 88.82130638338307,10.863384053331572 88.82124070859228,10.864991268632238 88.82120836717289,10.86579467708276 88.82108084600443,10.869011007951869 88.82104946955783,10.869814672709182 88.82098767624106,10.871422476166401 88.82095728275297,10.872225958361582 88.82071777170856,10.878660934054949 88.8206883440923,10.879464654570427 88.82063043224915,10.881073005714867 88.82060197230365,10.881876979839035 88.82049002199747,10.885094688469152 88.82046253062154,10.885898883826655 88.82040850924537,10.887507743088122 88.8203819891381,10.888312128202287 88.82035294193523,10.889209731643902 88.8203239046247,10.890106962766367 88.82029486821429,10.891004148922491 88.82026583450087,10.891901234354734 88.8202367908955,10.892798594979396 88.8202077580822,10.893695603069602 88.82017871087939,10.89459302394907 88.82014966817312,10.895490266762451 88.82012067582914,10.896385927668689 88.82009163672043,10.8972830005103 88.8200625373565,10.898181899874942 88.8200334955499,10.899079012286677 88.82000445104487,10.899976189449816 88.81997541013757,10.900873216425893 88.8199463566394,10.901770617520128 88.81991730943653,10.902667765904866 88.81988825144239,10.903565256031968 88.81985920603765,10.904462300994453 88.81983014984198,10.905359670612356 88.81980110713604,10.906256604958614 88.81977204734235,10.907154027636395 88.819742995643,10.908051170625356 88.81971394034659,10.908948396351605 88.81968489314366,10.909845335194177 88.81965583604861,10.910742569014573 88.81962677175844,10.911639981799908 88.81959771376367,10.912537200331641 88.81956865397026,10.913434422460682 88.8195396454386,10.914330044695987 88.81951058654491,10.91522715800727 88.81948147818801,10.916125804662485 88.81945241120027,10.917023149998656 88.8194233487092,10.91792032716154 88.81939428441908,10.918817525008933 88.81936521922992,10.919714718359657 88.8193361513427,10.920611991750263 88.81930708525451,10.921509150926724 88.81927801826632,10.922406348774118 88.81924894768153,10.923303593386152 88.81921987170008,10.924201003473726 88.81919080651099,10.925098030449973 88.8191617359254,10.925995199518965 88.8191326545489,10.926892707632575 88.819103579467,10.927789949546764 88.81907450528482,10.928687154588758 88.81904543649816,10.929584175269781 88.8190163623158,10.930481331748226 88.81898733579729,10.93137696747327 88.81895825891709,10.932274143736947 88.81892911818451,10.93317325714024 88.81890005029757,10.934070106050669 88.81887096532321,10.934967457682248 88.8188418794496,10.93586480121968 88.81881279987104,10.936761919926823 88.81878372119226,10.937658989171211 88.81875464071462,10.938556090791224 88.81872554584757,10.939453612394573 88.81869646447026,10.940350671746273 88.818667381295,10.941247768869616 88.81863829002535,10.942145098917479 88.81860920145377,10.943042314751366 88.81858011018406,10.94393958454441 88.81855101351871,10.944837000027675 88.81852193034311,10.945733961353241 88.8184928408721,10.946631085456247 88.8184637415088,10.94752848834922 88.81843465563512,10.94842545866804 88.81840561113071,10.9493211015877 88.81837651266645,10.950218375877668 88.81834736833665,10.95111707019673 88.81831826447663,10.95201446409645 88.81828916691174,10.952911648454005 88.8182600684481,10.953808835509506 88.8182309663861,10.95470611969192 88.81820186522444,10.955603335525822 88.818172771257,10.956500298650042 88.81814366110163,10.957397732119716 88.81811455634218,10.958294983027244 88.81808546147548,10.959191886796361 88.81805635401824,10.960089161085989 88.81802724656038,10.960986419188202 88.81799813011006,10.961883913811619 88.81796902624998,10.962780990250792 88.81793991699377,10.963678207882992 88.81791080324129,10.96457553073617 88.81788169308604,10.965472728583563 88.81785263868883,10.966368165558436 88.81782352673466,10.967265332829129 88.81779436082113,10.968164162945868 88.81776524437092,10.969061448027489 88.81773613511476,10.96995845881598 88.81770701236886,10.970855894084295 88.81767789771706,10.971753020885501 88.81764877497145,10.972650377912942 88.81761966301761,10.973547374311963 88.8175905456674,10.97444451370363 88.81756142202258,10.9753418185703 88.81753230107532,10.97623902900807 88.81750317922862,10.977136219661134 88.8174740510872,10.978033576688574 88.81744493193858,10.978930627047006 88.81741580199784,10.97982798767167 88.81738667295704,10.980725292538338 88.8173575484125,10.981622458010293 88.8173284256666,10.982519497577016 88.81729930022286,10.98341661178749 88.8172702197451,10.98431231586089 88.81724108710708,10.985209573063557 88.8172119032071,10.986108408576513 88.81718277146817,10.987005594732636 88.81715363793032,10.987902835747363 88.81712450529241,10.988799994024632 88.81709537265388,10.989697144208023 88.81706623641824,10.990594379826973 88.81703709838385,10.991491617244492 88.81700795855065,10.992388905024129 88.81697882231518,10.993286065999243 88.81694968518016,10.994183187404403 88.81692053455558,10.995080736886607 88.81689139652102,10.995977841204635 88.81686225848662,10.996874952717178 88.81683311595592,10.997772134376817 88.81680397342487,10.998669331324834 88.81677482999496,10.999566496796703 88.81674567937031,11.000463867313712 88.81671658989913,11.001359314181215 88.81668744197239,11.00225653541088 88.81665823828749,11.003155433876316 88.81662908766256,11.004052714461181 88.81659994063537,11.00494983047048 88.81657078461413,11.005847207282898 88.81654163668739,11.006744290017124 88.81651248786133,11.007641374550005 88.81648333543777,11.008538571498207 88.8164541704239,11.009436098497417 88.81633520900292,11.016173118694766 88.81599882748438,11.024853222198644 88.81588261708939,11.0278942527177 88.81584238411901,11.028944539459005 88.8158176320783,11.029688009893732 88.8156446789591,11.035070971248444 88.81558020566254,11.037380682972454 88.8155510892116,11.038289436208672 88.81552489285977,11.039176428549581 88.81549831879263,11.040073788274867 88.81547341386741,11.040970149752795 88.81540282607997,11.043021019504678 88.81537780963887,11.043918536611272 88.81535279049913,11.044816183220405 88.81529720610152,11.048501031197816 88.81496050712198,11.056031079870593 88.81492841751279,11.056928709392594 88.81489633959487,11.05782598548096 88.81486424728772,11.058723659968948 88.81483215228198,11.059621376725431 88.81479133834992,11.06079195408563 88.81471177622805,11.063133299462322 88.8146730406286,11.064303688864342 88.81452218744951,11.068986760930386 88.81448551939141,11.070157214184178 88.81441423283084,11.072498818565677 88.81437962601947,11.073669590179563 88.81435388382496,11.074567372586372 88.81432814612756,11.075464951746355 88.8143024066309,11.076362577670963 88.81427667702721,11.07725982138362 88.81425093573225,11.078157434717866 88.81422518904148,11.079055230614514 88.81420099458049,11.079952093014853 88.81417358324464,11.080854610351992 88.81413947195963,11.081715561024609 88.81390651967061,11.087959517118108 88.81379740672551,11.091081701559574 88.81376816257071,11.091979158411618 88.81373892291359,11.092876446191156 88.81370968235652,11.093773713286268 88.81368044269871,11.094670957898572 88.81365120843694,11.095567983975457 88.81362194899432,11.09646577267732 88.81356192824089,11.098393661038813 88.81344749760413,11.102249721047883 88.81339310660726,11.104177191224593 88.8133375132164,11.106254507339813 88.813312408641,11.106924310708493 88.81328160865948,11.107760192778983 88.81322106000417,11.10943211430066 88.81319132122294,11.110267866868696 88.81307443993413,11.11361197521245 88.81304576325212,11.114447566801786 88.8129894477054,11.116119238312422 88.81296183222324,11.116954636547462 88.81274493912784,11.123643507042459 88.81271837675197,11.124478938552386 88.81266627632809,11.12615074226305 88.81264076166215,11.126986432777969 88.81254075435263,11.130331071721912 88.81251628739719,11.131166989764878 88.81246839669942,11.132839309686617 88.8124530048025,11.133388920462437 88.81228588558511,11.137870233224916 88.81223037493211,11.139406593639535 88.81212289065942,11.14248027044816 88.81207093502607,11.144017109302297 88.8120416324156,11.144914722636528 88.81201234599351,11.145811837746294 88.81198305417493,11.146709087754274 88.81195376235664,11.147606304487624 88.81192446694084,11.148503599461762 88.81189517422362,11.149400783819246 88.81186587610992,11.150298113867109 88.8118365851906,11.151195191205304 88.81180727988257,11.152092672339151 88.81177799345986,11.152989571611784 88.81174868545398,11.153887081523862 88.81171939903109,11.154783912447613 88.81169009282385,11.155681324334012 88.811660793811,11.15657850149671 88.81163148850263,11.15747582974575 88.81160219128853,11.158372863017235 88.81157294173786,11.159268427696006 88.81154363463125,11.160165707381836 88.81151427716244,11.161064525807305 88.81148497005566,11.161961765923024 88.81145566115057,11.162859052803114 88.81142635134537,11.163756330690305 88.8113970442387,11.164653492564696 88.8113677335347,11.165550743472224 88.81133842912541,11.166447769549109 88.81130912021999,11.167344906242576 88.81127980232148,11.168242294746435 88.81125048712099,11.169139562740824 88.81122117641635,11.170036668857335 88.81119185941705,11.170933943147134 88.81116253792098,11.171831349637145 88.81113322811635,11.172728342439129 88.8111039156137,11.173625402690277 88.81107458872148,11.174522869435108 88.81104527801759,11.175419829861482 88.81101595562214,11.176317102352641 88.8109866907835,11.177212571702952 88.81095736209315,11.178109981790442 88.81092799113426,11.17900865002946 88.81089866244392,11.17990600705673 88.81086934004824,11.180803169830583 88.81084000866005,11.181700549341016 88.81081068446613,11.182597695927015 88.81078135577522,11.183494937841203 88.81075203248068,11.184392004387576 88.81072270738738,11.1852890727327 88.810693373301,11.186186409075788 88.81066404281151,11.187083609620856 88.8106347078257,11.187980932474034 88.81060538183331,11.18887791718231 88.81057603605578,11.189775512530048 88.81054670556662,11.190672597062928 88.81051736968143,11.191569829084585 88.81048803379625,11.192467018837931 88.81045870150862,11.19336407459241 88.81042941328727,11.194259779565357 88.81040007380469,11.195156978312113 88.81037068036304,11.196055829113376 88.81034133908182,11.196953062034481 88.81031199780094,11.197850237398711 88.8102826538217,11.19874750719184 88.81025330894343,11.199644767991728 88.81022396586357,11.200541944255576 88.81019462638133,11.201438974828875 88.81016527610731,11.202336300380239 88.81013592763148,11.203233574669866 88.81010657915593,11.20413079589963 88.81007722888162,11.205028035115888 88.81004787950624,11.20592523925859 88.81001853103069,11.206822400233705 88.80998918165594,11.207719552215565 88.80995982958305,11.208616734774566 88.80993046761742,11.209514215009051 88.80990111644374,11.210411353501343 88.80987175987437,11.211308611603215 88.80984245906248,11.212204118725182 88.80981310519124,11.21310122484168 88.8097836919641,11.214000118810631 88.80975432909932,11.214897469542663 88.80972496713403,11.215794751926524 88.80969561146375,11.216691825667496 88.80966625399466,11.21758891919346 88.80963689292824,11.218486085564606 88.80960752197004,11.219383555007369 88.8095781618031,11.22028062874817 88.80954879803906,11.22117781760231 88.80951942977836,11.222075108979425 88.80949007320837,11.22297201005044 88.80946069505549,11.22386953165379 88.80943132589542,11.224766773567794 88.80940196033274,11.225663882382491 88.80937259027317,11.226561080229885 88.80934321661661,11.227458365311506 88.80931384565795,11.228355536179151 88.80928452775927,11.229251082871244 88.80925515410209,11.23014826093383 88.80922573098294,11.231046933669347 88.80919634563546,11.231944457071265 88.80916696028723,11.232841940902958 88.80893045927363,11.242002753624249 88.80890013953004,11.242839477459981 88.80871542957388,11.247520557527992 88.80868319337495,11.24841814837906 88.80865095627681,11.249315742827605 88.80862049893713,11.250212963157992 88.80858650995972,11.25111009805272 88.8085542638685,11.252007871466105 88.80852274263097,11.252905162843135 88.80848979237041,11.253802822042815 88.80845754448072,11.254700590060168 88.80835146404925,11.257864879860563 88.80815443338102,11.264194038624225 88.8080990926994,11.266109000130314 88.80803887139714,11.26811622668265 88.8080132892824,11.269014194349722 88.80799062726604,11.269910952428802 88.80796214933403,11.270809156617517 88.80793656092388,11.271707314041507 88.80791100578872,11.272604223206315 88.80787994320511,11.27394703063112 88.80783315237844,11.275361134508941 88.80768768793675,11.278831514862702 88.80756013619171,11.284885496368759 88.80751838966253,11.285782363265682 88.80747666022015,11.286678869534455 88.80743493347578,11.287575283172984 88.80740534578061,11.288254023104798 88.80736369457904,11.289367962961236 88.80733014716876,11.2902651769964 88.80729660965116,11.291162114040503 88.80726306673742,11.292059207566624 88.80722952562238,11.292956205764483 88.80719597911164,11.293853362243098 88.80716244519104,11.29475016618727 88.80712889778059,11.2956473181694 88.80709536116248,11.296544162583245 88.80706180296019,11.297441583462543 88.80702826544248,11.298338431473596 88.80699477558883,11.299233988957596 88.80696123357407,11.300130899921314 88.80693858234989,11.301029805581265 88.80691596619923,11.30192723455444 88.80689335634392,11.302824436898334 88.80687074019275,11.303721825402192 88.80684812314283,11.304619266965744 88.80682550429381,11.305516757992038 88.80680289443822,11.306413886591713 88.80678028008614,11.307311140197086 88.80675765764036,11.308208704967953 88.80673504508675,11.309105891124076 88.80671243253315,11.310003017925098 88.80668981368413,11.31090040822761 88.80666719393636,11.311797806623474 88.80664457508752,11.312695150161346 88.80662195713788,11.313592425350336 88.80659933559085,11.314489857920819 88.80657671314506,11.315387302182216 88.80655409789367,11.31628442088936 88.80648844918332,11.317179825488708 88.8064408750466,11.318076834478461 88.80643906201365,11.31897646499202 88.80646016010868,11.320069935379408 88.80640891853707,11.320766020535416 88.80640823954874,11.32166264821285 88.80637571556727,11.322559209340227 88.80635651234311,11.323455332497687 88.80616586056644,11.324357366899264 88.80613639158182,11.32525458183379 88.80610692079782,11.326151832741047 88.80607745720934,11.327048847126932 88.80604798282829,11.327946145698377 88.80601850664928,11.328843475746154 88.80598904126182,11.32974047214526 88.80595955788775,11.330637948782453 88.8059300898021,11.331534978456546 88.80590060552859,11.332432436208308 88.80587112934958,11.333329622364431 88.80584170712919,11.33422516545913 88.8058122336482,11.335122184341685 88.80578269541527,11.336021194322981 88.80575321833672,11.336918319325093 88.80572374125816,11.33781540655599 88.8056942560851,11.338712698832126 88.80566477540961,11.339609840921625 88.80563528843842,11.340507142191086 88.80560580326554,11.341404379608605 88.80557631719356,11.342301617026223 88.80554683112163,11.34319879508864 88.80551734954659,11.344095841849693 88.80548786617263,11.344992894007135 88.80545836750994,11.345890401221197 88.80542887694182,11.3467876125585 88.80539938457414,11.347684885949022 88.80536989670387,11.34858197857561 88.80534040613523,11.349479104477268 88.8053109101705,11.350376391357528 88.80528141510601,11.351273619781978 88.80525197849633,11.352169041468287 88.80522247353863,11.353066491125716 88.80519292451444,11.353965278974485 88.80516342225442,11.354862607223708 88.8051339226927,11.355759834748696 88.805104425829,11.356656948059879 88.80507491997176,11.357554309583904 88.8050454267055,11.35845126191623 88.8050159181503,11.359348656715497 88.80498641319289,11.360245913917808 88.80495691542981,11.361142922907831 88.80492740777393,11.36204020259349 88.8048979037159,11.362937366266621 88.80486838976461,11.363834768260048 88.80483888930351,11.364731745773653 88.80480937625205,11.36562908661324 88.80477985870382,11.3665265344722 88.80475035824273,11.36742343284537 88.80472084698991,11.368320636987903 88.8046913878974,11.36921623494139 88.8046618712489,11.370113516425974 88.80463230513695,11.371012315066466 88.80460278938781,11.371909538994245 88.80457327363823,11.37280672335163 88.80454375159351,11.373704102862064 88.80451423404529,11.374601289018358 88.80448471379887,11.37549856061041 88.80445519445189,11.376395770148804 88.8044256787023,11.377292834896707 88.80439615306065,11.378190169440984 88.80436662292178,11.379087606508037 88.80433710447417,11.379984685645056 88.80430758422759,11.380881759385773 88.80427806308259,11.38177886550254 88.80424853833941,11.38267602917567 88.80421901179855,11.38357325130454 88.80418948345815,11.38447048242682 88.80415994702415,11.385367934782721 88.80413042587887,11.386264891611617 88.80410094790105,11.387160500357012 88.80407141326569,11.388057794431788 88.80404182916757,11.38895658587785 88.80401228913618,11.389854001361286 88.80398275899748,11.390751102081751 88.80395322436212,11.391648290936075 88.80392368702908,11.392545553534433 88.80389414879627,11.393442821529092 88.80386461146307,11.394340015779449 88.80383508132437,11.395236963615275 88.8038055403936,11.396134223515787 88.80377599046986,11.397031739723275 88.80374645673422,11.39792873162581 88.80371691670283,11.398825880909996 88.80368737037637,11.399723183078478 88.8036578114592,11.40062085756665 88.80353507018796,11.404738123865386 88.80342605616786,11.408821654795759 88.8034002905911,11.409534502415625 88.80336785384341,11.41043189451652 88.8033354081031,11.411329536628898 88.80330405413949,11.412226731778446 88.80327054989655,11.41312377853977 88.80323809965913,11.414021479108143 88.80320564852232,11.414919158992163 88.80318675826257,11.415447570948842 88.80316695788932,11.415999373372514 88.80314086226159,11.416711266811646 88.80310837245386,11.417609956634294 88.80306704590814,11.418781823622453 88.80298646575332,11.42112575005335 88.80294722383579,11.422297429083244 88.80279436336977,11.426985665955996 88.80266070612711,11.434626515601437 88.8025951563416,11.436140303032673 88.80231656975437,11.442734375990653 88.80215216109374,11.447147280023145 88.80209588871472,11.448707128930877 88.80206456442843,11.44960483579466 88.80203325003461,11.450502236888894 88.80200192934606,11.451399813350847 88.80197061225422,11.452297245022052 88.8019392906663,11.453194823282658 88.80179320479297,11.457851760150788 88.8016856144001,11.461715831320745 88.80160733740891,11.464782765012828 88.8015241564149,11.468325866345864 88.80147683948493,11.469359024599484 88.80140211211798,11.473393093716538 88.80101520039145,11.48089618521088 88.80097950450076,11.48200999016909 88.80096189667464,11.48256674785732 88.8008923628926,11.484795019674777 88.80087521911642,11.48535191316033 88.80084139201696,11.486466016693484 88.80082471498903,11.487023013601288 88.8007982155656,11.487920709673332 88.8007717251352,11.488818088284404 88.80074523110798,11.489715535243988 88.80071874157662,11.490612801439909 88.80069225114667,11.491510092816497 88.80066575711933,11.492407444448077 88.80063925769625,11.493304985836573 88.80061276007135,11.494202421104987 88.80058626154718,11.49509986266871 88.80055976032489,11.495997363587719 88.80053326539829,11.496894609098945 88.80050676417645,11.49779204976339 88.8004802647529,11.498689430173101 88.80045375183985,11.499587203586756 88.80043149631692,11.500355969252723 88.80038787560048,11.501893648073619 88.8003665185004,11.502662291431747 88.80028284917435,11.50573786401155 88.80026239049747,11.506506318511853 88.80022235447862,11.508043668181017 88.8002027942243,11.508811956306943 88.80015436842965,11.510758359011376 88.79988810615143,11.519899276030955 88.79984334419501,11.521502693494824 88.79975766038783,11.524711428689614 88.79971677630843,11.526315410927666 88.79956092919409,11.532735221353505 88.79952393378258,11.534339349281865 88.79945381634084,11.537548559318779 88.79942072128964,11.539152327518082 88.79916989947182,11.552065462551354 88.79913388162348,11.554077314316885 88.79906793793535,11.558102867753178 88.7990380381751,11.56011514669683 88.79893063214374,11.568168323809275 88.79890368395846,11.57049607323529 88.79885797411683,11.575152745702837 88.79883922055379,11.577481034722197 88.79883033974889,11.57889823316701 88.79882483499838,11.57984471206396 88.79879257631697,11.585884416832357 88.7987888702107,11.586665658793265 88.79878364245141,11.587924446156578 88.79878129252316,11.588564896552938 88.79877220127665,11.591419842052062 88.79877054832232,11.592029742478758 88.79876731076305,11.593559373266487 88.79876619470443,11.594271622837354 88.79875114634879,11.608887296811304 88.79875178576665,11.610712552742314 88.79875810890022,11.614365043112386 88.79876379081648,11.616190786475727 88.79879662506451,11.623497661188296 88.79880735037912,11.625323382068643 88.79883385340005,11.62897578070799 88.79884961851556,11.630800968290131 88.79899603264082,11.645415899424506 88.79901683665801,11.647241035745253 88.79906351327091,11.65089323203722 88.79908936788038,11.65271880273076 88.79920293606713,11.660024872549855 88.79923383497405,11.661850365901714 88.79930069597057,11.66550225282684 88.79933663018133,11.667327158921353 88.79964455265471,11.68193961422196 88.79968552756546,11.683764414196546 88.79977256844964,11.68741588383618 88.79981859934927,11.689241063324616 88.80001291946084,11.696545462203517 88.80006399555717,11.698370510390859 88.80017122352368,11.702021454826422 88.80022732952787,11.703845860897886 88.8006967873275,11.718454106471981 88.8007579367297,11.720278354262845 88.80088534638239,11.723928662877697 88.80095155716893,11.725753235323793 88.80122663819915,11.733055096315908 88.80129789418302,11.734879482602139 88.80144549181634,11.738529049276337 88.80152177141284,11.740352741286188 88.8021527726331,11.754955041442074 88.8022340965264,11.756778519413274 88.80240187764483,11.760427234429528 88.80248826742016,11.762250983096635 88.80284410936875,11.76954943835608 88.80293554434027,11.771372946904236 88.80312350984238,11.775020703243001 88.80321996123254,11.776843462655833 88.80401249598006,11.79143808529966 88.8041139925671,11.793260576714431 88.80432214065448,11.796907264658842 88.80442870761934,11.798729972810179 88.80486529969428,11.806024155390617 88.80497691095647,11.807846569463777 88.80520523803168,11.811492081994118 88.80532185941658,11.813313692972883 88.80627589801483,11.827898902412457 88.80639756369672,11.82972019143375 88.80664606886151,11.833364417933694 88.80677280851867,11.835185868833037 88.80729013183449,11.842474912687408 88.80742191399045,11.844296015548977 88.80769059274704,11.847938850797547 88.80782737693241,11.849759096605055 88.80894286991824,11.864333158948398 88.80908469840071,11.866153028839449 88.8093735489505,11.869794362220148 88.80952045410592,11.871614339130744 88.8101184789846,11.878897377312342 88.81027042574013,11.88071695222584 88.81057943909033,11.884356676719378 88.81073637888127,11.886175341518936 88.81201325880502,11.900736523771783 88.81217524109482,11.902554758695203 88.81250441814498,11.906192764584716 88.81267147980557,11.908011051668993 88.81335016847598,11.915287217231423 88.81352226813843,11.91710504835936 88.81387159629745,11.920741228624863 88.81404868090212,11.922558095679719 88.81548686232887,11.937104666647315 88.81566898763393,11.938921048967416 88.81603846780163,11.942555295690454 88.81622567427567,11.944371676212086 88.81698497907374,11.951640104007808 88.8171772199527,11.953455973714412 88.81756683773997,11.957088178976392 88.81776405366818,11.958903032449143 88.81936343047838,11.973433259137835 88.81956568440896,11.97524757391652 88.81997544161348,11.978877627101042 88.82018277851242,11.98069188522247 88.82102264098248,11.98795171010346 88.82123500868883,11.98976540345079 88.8216648864258,11.993393200236085 88.82188221928939,11.995205823390322 88.82364266557673,12.009717976403564 88.82386503374485,12.011530007803955 88.82431503561102,12.01515543667432 88.82454248584756,12.016967356558496 88.82546283943876,12.024217712477423 88.82569531598645,12.02602901362836 88.82616541859957,12.029651969362973 88.82640285041182,12.031462146361136 88.82832422408396,12.045954498101764 88.82856668760294,12.047764029386755 88.82905689545956,12.051384401369134 88.82930444194668,12.053193766279477 88.83030520931848,12.060433791686236 88.83055777672061,12.06224248390383 88.83106806463982,12.065860167812716 88.8313255756153,12.067667683716863 88.83340771299609,12.082138506586986 88.83367025118153,12.083945321019982 88.83420062455937,12.087560206238706 88.8344682448143,12.08936680123719 88.83554933963038,12.096595630983629 88.83582197540389,12.098401500229329 88.8363724045632,12.102013479738332 88.83664997221891,12.10381811871143 88.83889269164482,12.118265687811345 88.83906383892534,12.119362081894778 88.83940829006113,12.121556553592299 88.83958139336696,12.122653350572023 88.84027801092171,12.127043119544439 88.84045299740816,12.128139823893989 88.84080491561483,12.130333542858963 88.84098170344285,12.13142966174972 88.84240489766833,12.140206509822676 88.84264827579753,12.141696588426996 88.84313864553232,12.144677394046582 88.84338547256189,12.146167120116544 88.84438009126839,12.152127714222658 88.84468335075658,12.153929693001203 88.84529501025705,12.157533638866411 88.84560332663241,12.159335116722374 88.84584590706342,12.160740553833591 88.84600835430231,12.161679174454548 88.8470450783681,12.167652205285208 88.84717970957612,12.168425104235382 88.8473967006972,12.169666444750916 88.84750748188517,12.170298376768912 88.84800341212818,12.173119237063418 88.84811244503365,12.173737653170278 88.84837698511015,12.175232897480427 88.84850185687552,12.175936448808372 88.85106511985978,12.190332342863428 88.85138773365716,12.192129719810794 88.85203830322533,12.195725557388798 88.85236599369583,12.197522550325573 88.85368746110768,12.204712630084074 88.85402014641326,12.206508735390159 88.85469068632656,12.210101023343839 88.85502826484318,12.211895740995757 88.85775144887097,12.22626321827299 88.85809403121496,12.228057020415463 88.85878455046705,12.231645648128321 88.85913220588716,12.23343901140123 88.86053356097531,12.240614455592763 88.86088620403567,12.242406878175117 88.86159665945851,12.245991743124634 88.86195418134074,12.247782724093497 88.86483702920597,12.262120070484855 88.86519954682197,12.263910081984761 88.86592995010713,12.267491072654977 88.86629753810112,12.269280591326364 88.86777864686766,12.276440543796298 88.8681512135079,12.278229067817449 88.86890151699149,12.281806081685488 88.8692789471659,12.283593112832193 88.87232118097833,12.29789861422988 88.87270359969173,12.29968462194796 88.8734738159641,12.303257548397411 88.87386130055935,12.305043009327548 88.8754220200108,12.312186613021993 88.87581447335972,12.3139710262422 88.8766045529579,12.317539761850739 88.87700185455222,12.319322629136366 88.88020317753492,12.333594575929098 88.8806054595747,12.335376366726052 88.8814154141904,12.338940800877523 88.88182275671508,12.34072199002793 88.88346293306816,12.34784839238948 88.88387523535434,12.349628479870717 88.88470501192748,12.353188510941365 88.88512214716965,12.35496700122637 88.88848224276128,12.3692036874005 88.88890434945657,12.370981048137125 88.88975396147677,12.374536563711715 88.89018112236138,12.376313268842466 88.89190059373769,12.383421616414623 88.8923327035919,12.385197166815999 88.89320209530067,12.388748066170635 88.89363902102426,12.390521967215363 88.89715755557714,12.404721689454561 88.89759944286052,12.406494406991499 88.89848862864747,12.410040579509356 88.89893556472478,12.411812586581888 88.90073415845526,12.418902030404638 88.90118603270972,12.420672829687405 88.90209495142122,12.424214173745312 88.9025516244582,12.425983273309498 88.90622824363922,12.440144332794716 88.9066898683432,12.44191219489204 88.90761853706627,12.445448598973712 88.90808520337,12.447215697546426 88.90996273689134,12.454285386861102 88.91043432968073,12.456051224584428 88.9113826854626,12.45958258886543 88.91185905904845,12.461346674709489 88.91569338873919,12.475467375319269 88.91617470320026,12.477230170636005 88.91714276132993,12.480756383600394 88.91762911109518,12.482518360534073 88.91958539285204,12.489567450877246 88.92007665651326,12.491328114800964 88.92106435043982,12.494849075724503 88.92156037691021,12.496607937406495 88.92555202500617,12.510686587516034 88.9260529797618,12.512444105610996 88.92706032747228,12.515959703877456 88.92756631033731,12.51771634963005 88.92960114068066,12.524743994739808 88.93011202395101,12.526499274422122 88.93113895529862,12.530009411105652 88.93165458249351,12.531762836386008 88.9358031380049,12.54579774976655 88.9363236817928,12.547549779299118 88.93737021476366,12.551054341984411 88.9378957776685,12.552805445215185 88.94000894615615,12.559810804225492 88.94053939687595,12.561560488325938 88.94160545862556,12.56505937988669 88.94214063348406,12.56680715922323 88.94644566563525,12.580796652343963 88.94698574449725,12.582542983771873 88.94807135391002,12.586036090893117 88.94861644289526,12.587781442059907 88.95080772919343,12.594763674104627 88.95135769160444,12.59650755308131 88.95246277223944,12.599994779535493 88.95301743900396,12.601736703386166 88.9574784981344,12.615679099011388 88.95803805541217,12.617419522792929 88.95916262795353,12.620900755265708 88.95972718636071,12.622640143927526 88.96199636024417,12.629598411737376 88.96256577678938,12.631336276947692 88.96370976119667,12.634811420111063 88.96428386141159,12.636547279833152 88.96890047807486,12.650440904324398 88.96947945531318,12.65217521091732 88.9706428731707,12.65564415145667 88.97122684074643,12.65737736986982 88.97357366299443,12.664310837075789 88.97416247341963,12.666042480775957 88.9753452410902,12.669505122463462 88.97593871450053,12.671234709414463 88.98071040126436,12.685077895428662 88.98107081716475,12.68612062067028 88.98179405465211,12.688207367076359 88.98215645175893,12.689250164263797 88.98361061054155,12.693423181334978 88.98397483327264,12.694465574726678 88.98470523116183,12.696550338127793 88.9850711077456,12.697591858277733 88.98800823239426,12.70593024728332 88.98850536323235,12.70733647040197 88.98950322129716,12.710148958008332 88.99000361307654,12.711554273710817 88.992012534851,12.717175984384141 88.9927038553989,12.719101106431253 88.99409277106477,12.722950032118305 88.99479794476972,12.724894626285959 88.99563657426907,12.727195973415618 88.9958478322122,12.727774858023338 88.9962268847635,12.728811787134532 88.99889567599499,12.73609822475349 88.99921952186386,12.736980403922587 88.99987369771335,12.738758506600036 89.00019402723271,12.739627247199849 89.00149806128687,12.743156151835194 89.00182440187476,12.744037337253516 89.00247852376518,12.745799737767854 89.00280578615846,12.74667956071346 89.0091253752361,12.763631372989664 89.00991827690726,12.765747079364303 89.01151223350323,12.769978156666681 89.01231263911737,12.772091799996815 89.01553060225572,12.78054558730922 89.01633831306273,12.782656563249759 89.01796144636413,12.786876974592914 89.01877620605742,12.788984690491176 89.02532966563214,12.805851081562352 89.02615175929677,12.807956071615635 89.02780409538306,12.812165607456961 89.02863366601113,12.814268435540086 89.03196828470894,12.822678742430114 89.0328051272555,12.824778805997255 89.03448650424903,12.8289772900701 89.0353303516147,12.831073999165866 89.0421166033988,12.847851873565261 89.04296775325943,12.849945761487959 89.04467819724144,12.85413298335071 89.04553679618644,12.856224609478474 89.04898751915906,12.864589892709475 89.04985335404942,12.866678657194413 89.05159269684569,12.870854443278162 89.05246549338838,12.87293976246012 89.05948341412821,12.889626040009944 89.06036347809257,12.891708439992712 89.06213174668315,12.8958725789564 89.06301923095302,12.8979526191182 89.06658548713088,12.906271340849841 89.06748017137286,12.908348424040526 89.0692771903908,12.912500745912823 89.07017879041913,12.914574290271446 89.07742721279564,12.93116590428319 89.0783360460724,12.933236434114335 89.08016184429422,12.937376725755428 89.08107806729927,12.939444796839936 89.08475926043164,12.947715430023322 89.08568264473868,12.949780449708086 89.08753704140159,12.953908542045554 89.08846729473035,12.955969932066907 89.09594500825588,12.972463833839015 89.09688245795954,12.974522112205705 89.09876548004328,12.97863779389911 89.09971028799995,12.980693517292309 89.10350580295093,12.988914539374775 89.10445773263828,12.990967116039585 89.10636919488266,12.995070220714283 89.10732794592852,12.997119076884246 89.11503369604864,13.013512230305196 89.11551530818511,13.014534473487387 89.11648134553835,13.016580387974713 89.11696511604757,13.017602667129552 89.11890532062424,13.021693507749148 89.11939099409946,13.0227152617001 89.12036437171858,13.024758518690987 89.12085167656394,13.025779188958495 89.12476147825996,13.033950126897025 89.1252506941648,13.03497024857819 89.12623142104363,13.037010789616374 89.12672253271913,13.038030377100412 89.12869158125224,13.042109305300414 89.12918458240281,13.043128327110821 89.13017261267649,13.045166105431576 89.13084693513818,13.046109558109777 89.13120327171382,13.046926025615562 89.13158629747025,13.047726143446923 89.13198353701117,13.048520671991568 89.13235075987981,13.049331551110356 89.1327168172277,13.050141366331275 89.13312011819917,13.050932758040517 89.1335573065248,13.051875026311393 89.13387450190694,13.052541166741491 89.13425813470545,13.053341676677164 89.13464225493689,13.054143202846774 89.13502773853989,13.054947575370306 89.13541183628772,13.055749054775106 89.1357962128254,13.05655112053789 89.13618091761558,13.057353868886125 89.13656495870649,13.058155234076864 89.136948033925,13.058954585685683 89.13733295725038,13.059757792688103 89.13771793723348,13.06056111930053 89.13810261684253,13.06136381818584 89.13848615521229,13.062164137465047 89.13887101018926,13.062967205971859 89.13925570059072,13.063769929139085 89.13963910765906,13.064569978621748 89.14002330073535,13.06537166666925 89.14040858738682,13.066175638095217 89.14079263747047,13.06697700688352 89.14118500268634,13.067773038195227 89.14157949479821,13.068573367367321 89.14197222244061,13.069370115438744 89.14236464431295,13.070166246575226 89.1427578449989,13.070963957820467 89.14315178672578,13.07176317363178 89.14354529767789,13.072561514402693 89.14393742457301,13.073357049288575 89.14433143195012,13.074156399997932 89.14472456788471,13.074953982640352 89.14511681618868,13.07574976663851 89.14551063201057,13.076548729740239 89.14590446941585,13.077347738707317 89.14636335208709,13.078278706097691 89.1466949375214,13.078938667285968 89.14709592813492,13.079732860383388 89.14749650056356,13.080526225205404 89.14789659005604,13.081318634947309 89.14829661839431,13.08211092507922 89.1486724747551,13.082921067653217 89.14908088387611,13.083708636344724 89.14948826417228,13.08449682826624 89.1498715147591,13.085299343689769 89.15028728842819,13.086083568701895 89.15067763196734,13.086877808564225 89.15091563125182,13.08776595833244 89.1513053695476,13.08856635765136 89.15169508176317,13.0893667039104 89.15208354571953,13.090164487101731 89.15247351334236,13.090965362161953 89.152863105948,13.091765466503134 89.15325168052087,13.09256348261873 89.15364095926319,13.093362946642856 89.15403077580018,13.09416351593363 89.15442008062226,13.094963035715566 89.15480924515103,13.095762269513372 89.15519872983785,13.096562159815903 89.15558830985302,13.0973622479695 89.15597751754879,13.098161574397125 89.15636620903356,13.098959840524287 89.15675612449624,13.099760624753344 89.15714599409276,13.100561311855117 89.15753448772674,13.101359175086074 89.15792439059877,13.102159936831697 89.15831366394494,13.102959403553939 89.15870182123265,13.103756582400521 89.15909208743008,13.104558094180845 89.15948142193028,13.105357691304732 89.15987107389125,13.106157944034237 89.16026000909275,13.106956723674088 89.16065021323712,13.10775811134782 89.16549539169947,13.116897903315703 89.16675622412097,13.119594069910576 89.16722079950083,13.120596319364765 89.16759524752328,13.12140419834536 89.1679493214044,13.122222626373286 89.1683638405191,13.122946094087297 89.17248163472019,13.1320431313856 89.17284670371257,13.132792285535515 89.17434997357262,13.135857063552919 89.17535578254356,13.137894344548556 89.17579129273432,13.13877818206764 89.17602522438509,13.139253977389274 89.17798822857415,13.143207853959424 89.17817237915241,13.14358172012048 89.17878371849437,13.14487730954032 89.18245067086238,13.152533322654904 89.18284058182812,13.153334185124663 89.18322940911023,13.154132824470523 89.18361848100838,13.154931965637715 89.18400830743784,13.155732661733097 89.1843977030916,13.156532469298256 89.1847863792884,13.157330804673038 89.18517618863072,13.15813146839281 89.18556594131528,13.158932016099868 89.18595475330952,13.15973063116381 89.18634336295602,13.160528835237756 89.18673282875741,13.161328796586744 89.18712272533404,13.162129644667402 89.18751166053497,13.16292852053499 89.18790033223522,13.163726855909772 89.18829049141365,13.164528249878913 89.18867966583403,13.165327617675587 89.18906851380163,13.16612632177248 89.18945852818891,13.166927420764068 89.1898475587183,13.167726498079674 89.19023601188294,13.168524394585347 89.19062594443218,13.16932532810165 89.19101502532354,13.170124515134475 89.19140457745951,13.170924671636328 89.19179329862251,13.171723122124547 89.19218324286297,13.172524087116926 89.19257282017978,13.17332429757846 89.19296091721313,13.174121469230442 89.19335033624944,13.17492135953323 89.19374076432544,13.175723323672685 89.19412955923255,13.176521931542027 89.19451763827888,13.177319074415877 89.19490827409786,13.178121468431186 89.19529730822481,13.178920573625746 89.19568578926797,13.179718543875879 89.19607536928348,13.18051877412239 89.19646507250528,13.18131925977616 89.19685476223768,13.182119714853044 89.19724307330986,13.182917343360828 89.19763290513472,13.183718096113282 89.19802221445397,13.184517775075449 89.1984107440608,13.18531585594235 89.1988002458348,13.186115935102336 89.19918991038665,13.186916347911264 89.19957925477902,13.187716105114305 89.19996858568166,13.188515836237045 89.20035821515992,13.189316183395192 89.20074711258931,13.190115025987893 89.20113609815272,13.190914052042103 89.20152492183823,13.191712748944497 89.20191475366292,13.192513516086066 89.20230400722457,13.193313096122822 89.202693030559,13.194112205813951 89.20308296130989,13.194913180698947 89.20347173013667,13.195711766984672 89.20386056191583,13.196510488168713 89.20424989191955,13.197310233680568 89.20463883791254,13.198109190486889 89.20502866344233,13.198909954930613 89.20541733514236,13.199708350560044 89.2058072622959,13.20050932814324 89.20619664985591,13.201309195962779 89.20658505265854,13.202107043905244 89.2069748449139,13.202907749892972 89.20736474328882,13.203708671717933 89.20775339430375,13.20450703227391 89.20814269193184,13.205306724725801 89.20853186815171,13.206106168964709 89.2089212233358,13.206905981026352 89.20931019810749,13.207705013375971 89.20969893635734,13.208503560990764 89.21008884372552,13.209304512493475 89.21047843543161,13.21010481468555 89.21086675189966,13.21090249985059 89.21125650908121,13.211703147382593 89.21164588225216,13.212503004410223 89.21203417623641,13.213300649106031 89.21242387496241,13.21410118062515 89.21281347476221,13.214901508897697 89.21320265098208,13.215700967525706 89.21359154481442,13.216499847889963 89.21398142070635,13.21730074903057 89.21437019223075,13.218099380282283 89.21475903300339,13.21889815542555 89.2151481984312,13.219697600563904 89.21553802216224,13.220498400081269 89.21592729730745,13.221298070949544 89.21631508857072,13.222094697612405 89.21670629006351,13.22289832999411 89.21709496086405,13.223696764294388 89.21748324765414,13.224494411687942 89.21787333398751,13.22529575799291 89.21826276021895,13.226095748120471 89.21865177006364,13.226894883891802 89.21904036801888,13.227693176099521 89.21943017646183,13.228493958529484 89.21981979514791,13.229294347955872 89.22020803877027,13.230091917108368 89.22059733549898,13.230891650929138 89.22098749737555,13.231693162709462 89.22137625810788,13.232491795759813 89.22176505661238,13.233290510648715 89.22215467979507,13.23409091986042 89.22254381014906,13.234890316435042 89.22293255739217,13.235688929700515 89.22332157173335,13.236488091552232 89.22371160500674,13.237289350623243 89.22410107620428,13.23808945046801 89.22448945022833,13.238887302007697 89.22487927396,13.239688133900586 89.22526842409863,13.240487581736602 89.22565697888697,13.241285809192831 89.22604642220475,13.242085862272788 89.22643631068749,13.24288683086273 89.22682527017051,13.243685891091204 89.22721437444429,13.244485252592469 89.2276040893577,13.245285869547502 89.22799280782246,13.246084439645287 89.22838121871874,13.246882380217755 89.22877032029467,13.247681742618553 89.22916070790089,13.248483746328134 89.22955028701645,13.249284088090334 89.23366531400345,13.257534210435708 89.23404680371763,13.258330524134507 89.23477412502618,13.259779797799581 89.23653046590877,13.263453993307166 89.23814225606034,13.266749566139751 89.23962181079835,13.269845190902856 89.24008009542061,13.27078393742896 89.24047051180506,13.271583666752974 89.24086152623906,13.272363494979501 89.24126261307916,13.273176152957305 89.24165587222129,13.273976991145503 89.2436165489651,13.277992743770255 89.24409160414464,13.278975116408603 89.24450706934627,13.27985531437156 89.24954294095451,13.29027721132438 89.25013039070532,13.291484089819207 89.25106875052299,13.29340402817337 89.2514455547691,13.294172917946113 89.25205284176562,13.295408831952273 89.25270056228166,13.29672356524047 89.25529577368107,13.302145776606494 89.25717855924373,13.30604657788733 89.25756938302098,13.306849577146238 89.25795816263926,13.30764837837016 89.25834783708333,13.308449017808115 89.25873654565558,13.30924767603966 89.25912616344218,13.310048202162918 89.25951524613194,13.310847631113504 89.2599038108124,13.311645997065341 89.26029334046555,13.312446347820966 89.26068290878956,13.313246778615948 89.26107186647383,13.314045954857136 89.26146023060537,13.314843915214567 89.2619449004371,13.31563343723353 89.26219433100405,13.316450472211784 89.26266101079753,13.320336424786433 89.26290219817852,13.322146101761462 89.26338987983937,13.325766774117525 89.2636361762691,13.327576291912692 89.26463199826836,13.334816941448992 89.26488334349185,13.336625793745554 89.265391214034,13.340243803209134 89.26564753070917,13.342051484588566 89.2677202198129,13.356523660039045 89.2679815924773,13.358330647141926 89.26850965999304,13.361945883096254 89.26877614170601,13.363752656160315 89.26985273631519,13.370982215257115 89.27012426142593,13.372788268863687 89.2706724953396,13.376400626088056 89.27094897931195,13.378205456616726 89.27318314438676,13.392654583342505 89.27335710564628,13.393773209566234 89.27370726927532,13.396012133853091 89.27388327199563,13.3971311467851 89.27459165897838,13.401609784064533 89.27476962851554,13.402728689077719 89.27512760185797,13.404966812068835 89.27530745907225,13.406085116335177 89.27675556991372,13.415039548136903 89.27700921470395,13.416596047969392 89.27752045140804,13.419709674461942 89.27777787424984,13.421265770499119 89.27881555699267,13.427491844473195 89.27911849092564,13.42929393027093 89.27972953079367,13.432898131543752 89.28004603459746,13.43474893181785 89.28029560365977,13.436195428376479 89.28135744489035,13.44232713109244 89.2815275939237,13.443306410062803 89.28164671362518,13.443989592645664 89.28177507655872,13.444723302738439 89.28228006387397,13.447602986788581 89.28240013236038,13.448285506571139 89.28264105803899,13.44965079524819 89.28274660427272,13.450247266098685 89.28438810172989,13.45888692169433 89.28489311962207,13.462100787521408 89.28500387922608,13.46297122963881 89.28514091522143,13.463850758505885 89.28525621999907,13.464733695803645 89.2853906254771,13.465614268783597 89.28551550443726,13.466496197941396 89.28564027367966,13.467377350084732 89.2857610544294,13.468259745990494 89.28589000192201,13.469141012348075 89.28601350581934,13.470023039531725 89.2861396708096,13.470904237540765 89.28627300249715,13.471784554214011 89.28641077054081,13.472664243160509 89.28653977289255,13.473545858454699 89.2866819584057,13.47442478297755 89.28680639579878,13.475306204018239 89.28695302126496,13.476184525095789 89.28707312392558,13.477067257348324 89.28722441957146,13.477946451667549 89.2873596632185,13.47882446517717 89.2874731261841,13.479708273018488 89.28763077913763,13.48058458141331 89.28773985700931,13.481469386603223 89.287901923835,13.482344891004118 89.28800650869371,13.483229985775367 89.28817297410345,13.484104602545571 89.28827321343832,13.484990960864408 89.28844412419747,13.485864970592104 89.28853983544528,13.486751399057937 89.28865240178746,13.487635953336735 89.28878473972443,13.488516327566614 89.28891717119077,13.48939732592595 89.28908507191912,13.490346503688556 89.28920958845194,13.4911484111704 89.28934315756104,13.492028583951992 89.28953401888006,13.492897530496748 89.28963299376815,13.493783983244313 89.28978740556457,13.494658306835618 89.28974920686065,13.495575389592645 89.28987817054136,13.496456935639117 89.29000704698777,13.497337904320943 89.29013591713911,13.49821882623786 89.29026479898155,13.499099845281805 89.29039372399168,13.499981154806449 89.29052263461236,13.500862377996597 89.29065149127351,13.501743230665724 89.29078038750541,13.502624372916443 89.29090924776372,13.503505261558914 89.29103820155225,13.504386809403854 89.29116711487066,13.50526807036539 89.29129596793504,13.506148938323165 89.29210939393354,13.511177421101252 89.29219804640334,13.512315885469889 89.29232708832521,13.513198096115318 89.29245592610042,13.514078905617097 89.29258477826497,13.514959826634922 89.29271369158394,13.515841165837159 89.2928425527422,13.51672215970018 89.29297144267846,13.517603355011033 89.29310027235996,13.51848414922442 89.29322919377259,13.519365565768439 89.29335810619185,13.520246933749078 89.29348696555152,13.52112794200103 89.293615811421,13.522008871112732 89.29374466718323,13.522889864076205 89.2938736515483,13.523771751865127 89.29515801473113,13.532172748074046 89.29607222954999,13.537903631947188 89.29668981558271,13.542368148971079 89.29686230465214,13.543514852928297 89.29694668174446,13.544084134575357 89.29741433640285,13.546979871523988 89.29814274139497,13.552797512994957 89.29829052159087,13.553775966387931 89.29836797839951,13.554290276075392 89.29904735954827,13.558741404892032 89.29932406115691,13.560531525209782 89.29996530385577,13.565226415267034 89.3008309723721,13.571348875650074 89.30096005746103,13.57223178327041 89.30108887725035,13.573112880555058 89.3012177330123,13.573994231448921 89.30134656449266,13.57487541776635 89.30147533661815,13.57575621557686 89.30160418068877,13.576637496323372 89.3017330382493,13.577518890384667 89.30186183735415,13.57839987885147 89.30199063016394,13.57928083943932 89.30211942477197,13.580161806322494 89.30224830301731,13.581043362261411 89.3023770562564,13.581924061146694 89.3025058589586,13.582805115264179 89.30263525791102,13.583690243310159 89.30275000510889,13.58447186118751 89.30298046177919,13.586035084351849 89.3030961298829,13.586816416244801 89.3035608365636,13.58994244618708 89.30367742197583,13.590723461518607 89.30391159914134,13.592285782662884 89.30402909466719,13.593066451755632 89.30497362922975,13.599316446796692 89.30509204026575,13.600096781341676 89.30532993342993,13.601658161794873 89.30544931933119,13.602438570983438 89.30592900601906,13.605561628666294 89.30604930203427,13.60634168711924 89.3062908986067,13.607902089110326 89.3064120354874,13.608681372347462 89.30836151477243,13.62117246903442 89.3085184419729,13.622172847898867 89.3088341112057,13.62417506792518 89.30899267786995,13.625175789431466 89.30963049145456,13.629180982216894 89.30979063463062,13.63018161918653 89.31011255864834,13.632183197996255 89.3102742081887,13.633183325050751 89.3115749507239,13.641191549550555 89.31181150929413,13.642637702568251 89.31228804385822,13.645530585967833 89.31252786606856,13.646976379256657 89.31349408598376,13.652761163996601 89.31377124354853,13.654407578946746 89.31432989341013,13.657700513168493 89.31461822055488,13.659386684448066 89.31482168227515,13.660566989774964 89.3157807202044,13.666113896639203 89.31588265206327,13.666701815836348 89.31608116481439,13.66784370482327 89.31620364348382,13.668545962925961 89.31668175725773,13.671278526882759 89.31679639473836,13.67193176473937 89.31702351762138,13.673222135393246 89.3171372359952,13.673866324271486 89.3196106477134,13.687836185191813 89.31990020423163,13.689458125992061 89.32052283546105,13.692920474500497 89.32083639398482,13.694650778211027 89.32210063034032,13.701574108258512 89.32241884915115,13.703303598982117 89.3230601116351,13.706762697340807 89.32338289270658,13.708490894839244 89.32598625556173,13.722326041813346 89.32631370771199,13.724053401143848 89.32697361583988,13.727509150427124 89.32730580292085,13.72923613204216 89.32864458408082,13.736146068486448 89.3289814251531,13.737872189450115 89.32965993485848,13.741324497927437 89.33000132560093,13.743049278001934 89.33275368363618,13.756856871547427 89.33309973916218,13.758580765789986 89.33379686663253,13.762029533636223 89.33414765529048,13.763753001599852 89.33556086614166,13.770648780017382 89.33591630069705,13.77237133966581 89.3366320000674,13.775816476049712 89.33699197170247,13.777537648044074 89.33989308569747,13.791316157514686 89.3402577149217,13.793036395113631 89.34099200237935,13.796477800210525 89.3413613620377,13.798197562967346 89.34284887847323,13.805078419833237 89.34322287593514,13.806797226610684 89.34397570291688,13.810234808689586 89.34435422306925,13.811952181947845 89.34740383941599,13.825700080294439 89.34778701086228,13.827416471493109 89.34855839355546,13.83085013072916 89.34894629093858,13.832565998522 89.35050798345682,13.839431170312423 89.35090051055076,13.841146034462042 89.35169039679491,13.844575680923 89.3520874321895,13.84628906478872 89.35528528019174,13.86000482766076 89.35568695968581,13.861717181802703 89.35649536836726,13.865142714764701 89.35690176930186,13.866854496937776 89.35853749760773,13.873703222825611 89.3589485192592,13.875413953691279 89.35977539551854,13.87883528412118 89.36019091108219,13.880544488837074 89.36353670295696,13.89422659458181 89.36395685452536,13.895934721010732 89.36480221634972,13.899351748184742 89.36522708396333,13.901059254980964 89.36693670056852,13.907890774139958 89.36736617990559,13.9095971819646 89.36822996973743,13.91300981684968 89.36866392769852,13.91471465175998 89.37215736037413,13.928361581422038 89.37259594444745,13.930065292179677 89.37347818387164,13.933473434051947 89.3739214794929,13.935176475713945 89.37570482791571,13.941990030015958 89.37615272536826,13.943691925042287 89.37705335053195,13.947095484869067 89.3775057104207,13.948795762014981 89.3811464628395,13.962406000236854 89.38160344074643,13.964105104666984 89.38252247503252,13.967503982623043 89.38298415819284,13.969202369393997 89.38484107385673,13.97599720160973 89.38530734805644,13.977694395879823 89.3862447258139,13.981088503831586 89.38671544626115,13.982784033456468 89.39050318027816,13.996356067578617 89.39097850975057,13.998050376823528 89.391934253463,14.001439613147909 89.39241428099459,14.003133157069726 89.39434459212944,14.009908512667892 89.39482919900851,14.01160081642466 89.39580324122713,14.014985093887205 89.39629227906588,14.016675688032592 89.40022664214601,14.030208009892021 89.40072027731927,14.031897335993605 89.4017126423249,14.035276553869878 89.4022109683618,14.03696506698445 89.40421449330464,14.043720192333225 89.40471738789736,14.045407417618321 89.40572800374437,14.048781489574196 89.40623531221027,14.050466959382888 89.41031593293442,14.063958064413441 89.4108278279426,14.065642219412993 89.411856719812,14.06901104292541 89.41237329938852,14.070694336374572 89.41444984838225,14.07742848054015 89.41497098302446,14.079110440294741 89.41601807717282,14.082473929928128 89.41654360680215,14.084154088340526 89.42077009936119,14.097602474674588 89.42130020564034,14.099281271513462 89.42236552724788,14.102639325644404 89.4229003091024,14.1043172132688 89.42504968519526,14.111029626216407 89.42558901132426,14.112706132482217 89.42667248214994,14.11605866567497 89.42721618527904,14.117733326532061 89.43158814497704,14.131137497697353 89.4321364121661,14.132810749316832 89.4332380600886,14.136157660847516 89.433790994759,14.137829954688868 89.4360129920066,14.14451988908182 89.43657045566195,14.14619075479969 89.43769020154187,14.149531959232647 89.43825202421178,14.151200935474833 89.44276903196553,14.164559397698156 89.44305138581333,14.165392537735727 89.44361783369666,14.167060270215401 89.44390154372141,14.167893728612896 89.44503956922117,14.171229547905511 89.44532448613668,14.172062866907936 89.44589560060192,14.173729592147183 89.44618156432821,14.174562318496314 89.44847630773577,14.181229872360973 89.44876348105024,14.182062441328796 89.44933926569482,14.183728115260465 89.4496276423022,14.184560542135543 89.45078403465598,14.187891310835582 89.45107360826083,14.188723563242135 89.45165403970273,14.190388148094755 89.45194479771456,14.191220197254552 89.45224041656243,14.192064336899762 89.45253448857639,14.192904059075374 89.45282830158524,14.193743044706025 89.4531218636836,14.19458131357679 89.45341581608753,14.19542070390257 89.45370957154003,14.196259526755966 89.45400228647699,14.197095388141676 89.45429675419203,14.197936256053595 89.45459080642118,14.198775935960896 89.45488453039698,14.199614684170626 89.45517819771644,14.20045326870337 89.45547186593436,14.201291863129185 89.4557659712232,14.202131703115626 89.45605952342893,14.20296996928873 89.45635323751239,14.203808696814107 89.45664670967815,14.204646738156654 89.45694085993333,14.20548671843737 89.4572347628746,14.20632599454909 89.4575282368389,14.207164043985514 89.45782218294764,14.208003447801204 89.45811589433325,14.208842182520925 89.4584093044464,14.209680060186756 89.45870323886359,14.210519435224057 89.45899719126797,14.211358866018884 89.45929088736474,14.212197564765958 89.4595846545084,14.213036471256189 89.4598781788354,14.213874686167898 89.46017224545338,14.214714450611481 89.46046587679885,14.215552973091462 89.46075948746093,14.216391443410586 89.46105323481927,14.217230302236814 89.46134723758516,14.21806989580908 89.46164085454237,14.218908384114798 89.46193434199691,14.219746509993726 89.4622282665218,14.220585885030673 89.46252156331977,14.221423467719035 89.46281533855759,14.222262424571284 89.46310933412886,14.22310200645272 89.46340320469452,14.223941237598012 89.46369698802604,14.224780218732178 89.46399027133444,14.225617777138893 89.46428420845015,14.226457201638766 89.46457813297505,14.227296595561583 89.46487188752818,14.228135502951261 89.46516566096679,14.22897446969614 89.46545918979021,14.229812738567261 89.46575297671868,14.230651749378751 89.46604679062708,14.231490833934899 89.46634045524823,14.232329499407172 89.46663413335895,14.23316820265056 89.46692763610221,14.234006409468464 89.4672215246541,14.234845717955622 89.46751529179775,14.23568468380131 89.46780913898081,14.236523878973955 89.46810276223326,14.237362439225407 89.46839643314914,14.238201134374833 89.46869010946128,14.239039851108487 89.46898399891265,14.239879176682777 89.46927789106238,14.240718513049146 89.46957125620904,14.241556343050874 89.46986502065468,14.242395321487194 89.47015889122062,14.24323460029676 89.47045283373157,14.244074088648574 89.47074613232863,14.24491173878583 89.47103973939298,14.24575027475538 89.47133370438755,14.246589833254276 89.47162692204526,14.247427261259176 89.4719207611345,14.2482664672238 89.47221490509426,14.249106543732339 89.47250878914966,14.249945880098437 89.47280209584042,14.250783570705366 89.47309574607212,14.251622245170708 89.47338963642292,14.252461605818539 89.47368341345904,14.253300646307977 89.47397685235026,14.254138722724065 89.47427089648491,14.25497853033498 89.47456463575,14.255817468301814 89.474858114211,14.256655665227015 89.47515167900738,14.257494111264407 89.47544507832814,14.258332086056996 89.47573935628648,14.259172571756878 89.47603297953859,14.260011191363603 89.47632649307386,14.260849498005939 89.47662030608254,14.261688663501161 89.47691404624655,14.262527621252957 89.47720766680064,14.26336624265808 89.47750141505887,14.264205230087484 89.47779501133098,14.265043785842181 89.47808881804488,14.265882941444701 89.4783825932827,14.266722015209027 89.47867606275045,14.267560213033605 89.47896988295409,14.268399418998229 89.47926358624582,14.269238289515556 89.47955697837213,14.270076275100209 89.47985078418665,14.270915442394084 89.48014392450287,14.271752714816145 89.48043836164143,14.272593693344561 89.48073176186156,14.273431708606722 89.48102566929916,14.274271178971944 89.48131937169214,14.275110060281165 89.48161308217803,14.275948973966251 89.48190652376772,14.276787117831233 89.48220031878989,14.277626274333215 89.48249405535697,14.278465264460621 89.48278736294665,14.279303033308437 89.48308130815624,14.280142624183028 89.48337516073505,14.280981955153266 89.48366880287321,14.281820682678571 89.4839622660464,14.282658906583436 89.48425594325752,14.283497740228825 89.4845498345077,14.284337189909522 89.48484345865918,14.28517587876398 89.48513698208652,14.286014280734491 89.48543072225024,14.286853305036175 89.48572443543489,14.287692254693923 89.4860179201913,14.28853055234326 89.48631172780429,14.289369777193585 89.48660555340379,14.290209052406112 89.4868991065089,14.29104755510076 89.48719269468737,14.291886156721091 89.48748623520194,14.292724627939322 89.48778013274753,14.293564115391675 89.48807412112401,14.29440387174138 89.48836732169494,14.295241374390116 89.48866007440316,14.296077604497953 89.4889548110157,14.296919502133548 89.48924845045602,14.297758264732224 89.48954184887802,14.298596344745874 89.48983560522944,14.299435447288076 89.49012948119102,14.300274896069766 89.4904230918527,14.30111358762224 89.49071641023446,14.301951447301562 89.49101028169932,14.302790888888566 89.49130389865653,14.30362960562178 89.49159747064735,14.304468193752356 89.49189128095819,14.305307469864076 89.4921849221968,14.306146261241153 89.49247885841297,14.306985899779576 89.4927720697759,14.307823465380636 89.49306574159121,14.308662353884799 89.49335951143237,14.309501522976973 89.49365323630835,14.31034056526498 89.49394664642088,14.311178710029594 89.49424016355326,14.312017165959617 89.49453409707152,14.312856809894171 89.49482754225781,14.31369506347663 89.49512126353594,14.314534105764722 89.49541504147126,14.315373313527914 89.49570867911254,14.316212121991938 89.49600198040739,14.317049972678191 89.49629577453064,14.317889233501603 89.49658939868212,14.318728009590188 89.49688326565038,14.319567482653426 89.4971760102649,14.320403753230664 89.49747045639717,14.32124488734182 89.49776417227892,14.32208393322712 89.49805772088777,14.322922506068778 89.49835121014044,14.323760910737576 89.49864457169022,14.32459895477814 89.49893872194471,14.325439251620296 89.4992326051009,14.326278789434681 89.4995257732958,14.327116285788009 89.49981953774207,14.327955489054716 89.50011315110166,14.328794258848063 89.500406544127,14.329632406310608 89.50070187699023,14.330476096295058 89.50096020634882,14.331212670728334 89.50147778777003,14.332685638831379 89.50173694900153,14.333421776194356 89.50277568574953,14.33636664580439 89.50303567076011,14.337102315519758 89.50355666420901,14.338573759271583 89.503761970439,14.33915274280514 89.50452736454648,14.341312130150868 89.50476727578942,14.342006770995894 89.50552800421431,14.344205554043356 89.50571832953781,14.344754870740815 89.50609957283714,14.345853640833056 89.50629033613066,14.346402646365206 89.50781970251793,14.350797729431847 89.50801096043787,14.351346572186742 89.50839417415258,14.352444692968334 89.5085859734643,14.352993522233476 89.50935457275571,14.355189709837347 89.50954690626511,14.355738497733455 89.50993216773591,14.356836207524964 89.51012502285178,14.357384924374955 89.51042260312076,14.358230407607536 89.51071870310582,14.359071677515942 89.51101394423878,14.35991051116116 89.51132579225171,14.360796529536273 89.5116454976417,14.361704764763203 89.51221995578683,14.363329901753787 89.51337312137278,14.366578592028532 89.51395169571438,14.368201772094096 89.51579441198274,14.373349995106253 89.5162922712714,14.374784734827855 89.51698695348537,14.376776314075869 89.51754929326589,14.378380173106606 89.5178378218582,14.379231980371685 89.5189044564759,14.382355050645273 89.52105102398585,14.38858873288386 89.5221321754598,14.39170294393574 89.52242625107087,14.392543203905959 89.5227190154707,14.393379724494764 89.52301344271658,14.394220998900096 89.52330685642661,14.395059374790492 89.52360046798745,14.39589832264977 89.52389377467821,14.39673639996505 89.52436051562606,14.397528932014723 89.52464302865306,14.398368886215323 89.52493999018853,14.399204113579117 89.52520887758763,14.400049804554953 89.52547638452805,14.400896741991218 89.52574243276766,14.401743858392422 89.52602611221576,14.40258340879744 89.52634568630484,14.403414089189027 89.52662665519645,14.404257440128774 89.52690746221018,14.405100305434857 89.5272100813805,14.406012144245267 89.5274755981205,14.406782080828563 89.52776497567353,14.407622472099533 89.52805434243422,14.408462830994893 89.52834369660471,14.409303155716259 89.52863301120507,14.41014336352572 89.52892277546582,14.410984880747762 89.52921142186986,14.411823153216176 89.52950085608015,14.412663712660446 89.52979034065228,14.413504420492856 89.53007984231155,14.414345179586405 89.53036872793487,14.41518415082804 89.53065794810661,14.416024094236647 89.5309474812415,14.41686494775928 89.53123634078489,14.417703847954371 89.5315260304026,14.418545145742073 89.53182329680797,14.419382535076124 89.5321206648371,14.420220201401492 89.53241798700097,14.421057737324858 89.532715202145,14.42189497557284 89.53301257557015,14.4227326571866 89.53331013785336,14.423570874796141 89.53360703733543,14.424407226312539 89.53389437162824,14.425248432369358 89.53420176260161,14.42608254187597 89.53449943460183,14.426921071550552 89.53479610025991,14.427756769259815 89.53509317061398,14.428593607309253 89.5354323202454,14.429548979602075 89.53569350135459,14.430265591783765 89.53599901724104,14.43109952772123 89.53627734212623,14.431944645828807 89.53661048968306,14.432768604687553 89.53691602085817,14.433602586490451 89.53722148908096,14.434436395623308 89.53749704585258,14.435281392322494 89.53781125818332,14.436111590677626 89.53812449295097,14.436942133472868 89.53840949710084,14.437782227068453 89.53873117470434,14.43861023917134 89.53902488069426,14.439445728237885 89.53915745515323,14.440353024572573 89.53945109189462,14.44119216398741 89.53974403256174,14.442029315900356 89.54003822508426,14.442870050712358 89.54033156325161,14.443708341167095 89.54062533848881,14.44454788527679 89.54091882594324,14.445386608305512 89.54121223515679,14.44622511100026 89.54150560659869,14.447063505776256 89.54179923794496,14.447902648788315 89.54209277126463,14.448741511211836 89.54238633965807,14.449580476158062 89.54267955281946,14.450418428467742 89.54297351511619,14.451258526559897 89.54326681551171,14.452096731578976 89.54355996931739,14.452934522910127 89.543853515228,14.453773434796403 89.54414744784677,14.454613456445884 89.54756848599712,14.46411462838762 89.54786381166585,14.464975561972764 89.54814391001375,14.465787920476245 89.54843905761689,14.466642017415197 89.54869148832213,14.467370875665665 89.54916189130839,14.468724316673999 89.55105197666816,14.474143270695592 89.55133775783187,14.474962450556788 89.5534140487197,14.480879253075386 89.55400762645095,14.482545314614697 89.55430958192207,14.483376499525988 89.55464201271897,14.484372569738525 89.55506841547529,14.485563498756676 89.55812866450654,14.494553011312448 89.55845726509133,14.495482824872553 89.55870978123178,14.496196773262739 89.55933019563244,14.497952367707668 89.55958030159016,14.49866070612687 89.55990824926656,14.499588750720406 89.56020577377754,14.500430666342425 89.56056263825567,14.501440427833472 89.56094842762778,14.502531205650698 89.56162183008396,14.504424362194584 89.56192109748125,14.505308665562538 89.56410266210858,14.511648042423403 89.56439645533263,14.512487814960878 89.56468958665559,14.513325703418602 89.56498311997555,14.514164740310832 89.56527607772924,14.515002135940108 89.56556975224285,14.515841583822336 89.56586342136032,14.51668101551654 89.56615679729887,14.517519612640285 89.56645046551697,14.51835904523385 89.56674399074271,14.519198076729865 89.56703714544838,14.52003604702604 89.56733072013711,14.520875222413792 89.56762417071926,14.521714040770618 89.56791743784007,14.522552342916455 89.56821082816757,14.523390996697273 89.56850447750006,14.524230393318021 89.56879786333124,14.525069037206663 89.56909084986333,14.525906545251004 89.56943483784792,14.52688974076915 89.56972469473922,14.527717115252926 89.57020845265836,14.529095991786676 89.57049898763884,14.529922933696469 89.57137201800484,14.532404254952496 89.57166323467126,14.53323076698642 89.57214934701497,14.53460845371734 89.57244120130068,14.535434418064028 89.57405004887087,14.539981124129724 89.57422125550713,14.540464346952191 89.5745642632306,14.541431263841943 89.57473591053414,14.541914527133812 89.57542366527016,14.543848446348804 89.57559570108137,14.54433159902419 89.57594024754482,14.545298039273348 89.57611261790342,14.545780932943728 89.57749445410602,14.549647305479013 89.57781902123114,14.550553335568111 89.57846968522838,14.552365464994182 89.57879559773906,14.553271056214328 89.58010248084489,14.556894009251366 89.58051197005196,14.558025930152724 89.58133321835359,14.560289545326611 89.58176138557971,14.56146619850648 89.58224723442291,14.562797213121087 89.58437603942272,14.568618256727518 89.58474719952389,14.569631254878573 89.58498507919833,14.570279300049876 89.58520999604471,14.570890962248356 89.5862091680194,14.573605262772887 89.58644782560705,14.574252512943232 89.58692595646843,14.575547126598792 89.58715755078052,14.576173222016791 89.59223357352087,14.58987222602262 89.5928689697279,14.591579642886515 89.59414523541446,14.594994644787164 89.5947855850873,14.596700836774232 89.5973579618009,14.603525875418882 89.59800310665824,14.605230361392046 89.59929851981136,14.608638543733989 89.59994825840593,14.610340850649777 89.6051703265496,14.623965067034348 89.6058248873089,14.625665635560708 89.60713948300102,14.629066884129543 89.60779898373656,14.630766175618575 89.61044797369559,14.637563498956453 89.61111225252901,14.639261033170442 89.61244592643854,14.642655258933303 89.61311477652598,14.64435056732502 89.61848981125607,14.657918530216179 89.61916346642133,14.659612048956888 89.62051625452224,14.662999138599503 89.62119483707264,14.66469132724312 89.62392015968797,14.671460121387597 89.62460350324969,14.673150502393966 89.62597529672317,14.676530367782505 89.62666318725636,14.678218473503762 89.63219062110076,14.691728565021265 89.63288330052418,14.69341483073002 89.63427413804149,14.696787355851768 89.63497173136071,14.698472240201852 89.63777309884998,14.705211697561865 89.6384754333948,14.706894723013136 89.63988520254068,14.710259823332237 89.64059206067529,14.711940525834834 89.64627130727504,14.725391129896764 89.64698293541457,14.727069941125194 89.64841167485909,14.730427500628863 89.64912820430376,14.732104877438402 89.65200531899106,14.738814193120717 89.65272656987585,14.740489662468164 89.6541741645066,14.743839595721 89.65489991469988,14.745512693556122 89.66073036881218,14.758902203074399 89.66146087192183,14.760573360172529 89.66292736040995,14.763915550262539 89.66366274863728,14.765585220781361 89.66661530295423,14.772263592590889 89.66735539463647,14.773931305285586 89.66884065916915,14.777265670374504 89.66958522407916,14.77893096389306 89.67556626157412,14.792257777174868 89.67593997035377,14.793088876650415 89.67668936911932,14.794752391310041 89.6770645491898,14.795583674247368 89.67856883798189,14.798910519205378 89.67894529239194,14.799741529647974 89.67969957087908,14.801403503768867 89.68007708738807,14.802233789358127 89.68310522342759,14.808881253267415 89.68348401787344,14.809711247476159 89.68424318417615,14.811371635192984 89.68462324666572,14.812201352410668 89.6861466631386,14.815521011785435 89.68652798647773,14.816350421434933 89.68729200552238,14.818009187674136 89.68767457262393,14.818838263675147 89.68804806556633,14.819646199312828 89.68841912224516,14.82044886941992 89.68879059531028,14.821252441547244 89.68916199822823,14.822055863487606 89.68953367633864,14.822859881678298 89.68990494076078,14.823663006842537 89.69027655142204,14.824466880242468 89.69064761169815,14.825269567436692 89.69102017833924,14.826075513774185 89.69139131955424,14.826878375436763 89.69176144093817,14.827679034660036 89.69213382411706,14.828484590691517 89.69250474859584,14.829286988303963 89.69287564249694,14.830089325662016 89.69324782512726,14.830894450018988 89.69361913541528,14.831697688497556 89.69399017320822,14.832500339719047 89.69436179106444,14.833304248192619 89.69473331988732,14.834107964211327 89.69510423447329,14.834910352830704 89.69547680561047,14.835716327046953 89.69584820762938,14.836519771470307 89.69621872381529,14.83732130393524 89.69659053772367,14.838125644982696 89.6969618713936,14.83892894641393 89.69733252247855,14.839730774755523 89.69770496141504,14.840536473779466 89.6980761502945,14.841339466743136 89.69844667547406,14.842141026187562 89.6988186701457,14.842945767433207 89.69919009105004,14.843749268513989 89.69956118190365,14.844552057331896 89.69993354529745,14.845357600772829 89.70030500936869,14.846161197181615 89.70067597881362,14.846963726994531 89.70104710653933,14.847766603046395 89.70141849416817,14.84857003847685 89.70178948429745,14.849372620450083 89.70216108956302,14.850176530722308 89.70253269302978,14.850980440994704 89.7029043009932,14.851784362058822 89.70327544580542,14.852587280378827 89.70364637927727,14.8533897463398 89.70401754297578,14.85419271052551 89.70438968423699,14.854997789916226 89.70476158537932,14.855802352197017 89.70513309171932,14.856606061920502 89.70550356923465,14.857407546721163 89.7058747994827,14.8582106619927 89.70632626994185,14.859187370700738 89.70834461031606,14.864019230203382 89.7090509891124,14.865710283902672 89.71046889892122,14.869091424529799 89.71117984987066,14.870780132797151 89.7168920701134,14.884294772186252 89.71760810493029,14.88598218722835 89.7190457116906,14.889356940870229 89.7197666999738,14.891042903507284 89.72266176602798,14.89778653641963 89.72338753061061,14.899470570010962 89.72484420299762,14.902837615563556 89.72557451725075,14.904519255159755 89.73144172395658,14.917977071784492 89.73217707081554,14.9196572652707 89.733653307055,14.923017517344633 89.73439359658781,14.924696204466386 89.73736587303702,14.931410616606797 89.73811180131881,14.933089298332604 89.73960880740114,14.936445579899939 89.74036042029778,14.93812436145025 89.74070616825568,14.938893726064578 89.74198966269299,14.941793273441078 89.742737076655,14.9434753680939 89.74423534628468,14.946834599437295 89.74498645016493,14.948512306298028 89.75100376810971,14.961901952513358 89.75175762391544,14.96357309162498 89.75327086995529,14.966915176494282 89.75402964595199,14.968584758879771 89.7570758556665,14.975262637860496 89.75783936389612,14.976930191375331 89.75937150019459,14.980264169755898 89.7601395032361,14.981929234846504 89.7663083371605,14.995253932922708 89.76708110480948,14.996916934968723 89.76863217453538,15.000242687250477 89.7694098452885,15.001904081308453 89.77253163762529,15.008549086471362 89.7733140199264,15.010208401296993 89.77488389537578,15.013525846540844 89.775670746408,15.01518262437888 89.78199042361942,15.028440761831845 89.78278201947487,15.030095426263003 89.78437074291585,15.033404444859286 89.78516722568739,15.035057449142073 89.78836425890361,15.041668776493168 89.78916543163959,15.043319651180965 89.79077287267026,15.046620163090253 89.79157848625837,15.048268453126795 89.79804831787558,15.061458426465322 89.79885865470371,15.063104553632343 89.80048485918908,15.066396437445789 89.80130006494656,15.068040851404305 89.80457199010564,15.074617701445774 89.80539186424338,15.07625993634717 89.8070366963864,15.079543114723265 89.80786098349793,15.081182718207899 89.81448025995601,15.09430293113546 89.81530924872314,15.095940320489603 89.81697275528896,15.099214671120237 89.81780659499887,15.100850296903772 89.82115305327133,15.107391872836885 89.82199153887885,15.10902527010029 89.82367358137108,15.112290716543484 89.82451645117348,15.113921435626011 89.83128444312317,15.126970298140975 89.83213199299738,15.128598752730454 89.83383261818099,15.131855174476854 89.83468500101233,15.133481812435761 89.83810562277628,15.139987322856697 89.83896262722405,15.141611682833172 89.84068169390551,15.14485900344043 89.84154305376919,15.146480639370154 89.84845901477249,15.159456571363933 89.84932503222464,15.161075893337966 89.85106258806846,15.164313990498329 89.85193341959214,15.165931444580721 89.85542782533426,15.172400100784031 89.85630325419245,15.17401522742091 89.85805915530639,15.177244027390259 89.8589389108025,15.178856384115008 89.86600207373746,15.191757813572565 89.86688646254063,15.193367805979605 89.86866075658921,15.196587186449548 89.86954993967876,15.198195260602859 89.87311774269025,15.204626277480813 89.87401149883217,15.206231975625485 89.87580403922524,15.20944186375118 89.87670209142871,15.211044745219098 89.8839116711869,15.223870106420506 89.88446418227639,15.224850967298536 89.88557188533483,15.226813530819925 89.88612643788511,15.227794094921748 89.88834965371379,15.231717337885058 89.888906011204,15.232697162743989 89.89002073077265,15.234656437444698 89.89057863599547,15.235635088688738 89.89505339629741,15.243468695424028 89.8958254489855,15.244816539951387 89.89737338547391,15.247511555414178 89.89814875486181,15.248857827926585 89.90125815993648,15.254241929621386 89.90217987060512,15.255832777261219 89.9040282166292,15.259012747640426 89.90495460197374,15.260601437806415 89.90560120553178,15.261706728882686 89.90603221551478,15.262442798796243 89.90905693323126,15.267603125783737 89.90943662340194,15.268250276129663 89.90979666248651,15.268863114641078 89.91031707767118,15.26974772198001 89.91186461126344,15.27237497172763 89.91222545703963,15.272986794005533 89.91301234314554,15.274319288004946 89.91330912121921,15.274821160068583 89.9208022985874,15.287478513522828 89.92174034813868,15.289057954161365 89.92362193670354,15.292216056625975 89.92456470949404,15.293793429723095 89.92834681735215,15.300101297936635 89.92929407775986,15.301676154730941 89.93119356912851,15.304824205472798 89.9321450239739,15.306396114289427 89.9397818968176,15.318972902877235 89.94073787974989,15.320542257619124 89.94265532518361,15.323680130733635 89.94361600707347,15.32524736937063 89.94746974053638,15.331514576536492 89.94843488486245,15.333079251206755 89.95037012518165,15.336206881042855 89.95133943156978,15.337768562769199 89.95911914193547,15.35026326034125 89.96009294943056,15.351822339429475 89.96204603679556,15.354939601881199 89.96302452076557,15.35649651450261 89.9669494463603,15.362722301592996 89.96793236578637,15.364276602583232 89.96990313742052,15.367383433798452 89.97089018653335,15.368934698677492 89.97881185848084,15.381345787178418 89.97980338082178,15.382894401755252 89.9817918897846,15.385990675829191 89.98278806611634,15.387537073577263 89.98678374137651,15.393720684262448 89.98778432438726,15.395264423614535 89.98979040520331,15.398350078493522 89.99079508462572,15.399890736768256 89.99885782512914,15.412216710732864 89.99986695079937,15.413754671041303 90.00189065652901,15.416829580820718 90.00290441190938,15.418365275737116 90.00697038627484,15.424505959082921 90.00798851955474,15.426038948838766 90.01002968292366,15.429103053263532 90.01105187934112,15.430632918774435 90.01925477468828,15.442872279032528 90.02028138947506,15.444399399812752 90.02234006354334,15.447452571179426 90.02337128375834,15.448977376205036 90.02750709587636,15.455074385774353 90.02854266431305,15.456596439773989 90.03061867910921,15.45963861962673 90.03165827650858,15.46115750711327 90.04000039590179,15.47330876618696 90.04104438379127,15.4748248603792 90.04313779147643,15.477855922812694 90.04418635961284,15.479369653586659 90.04839153913846,15.485422247438905 90.04944442581998,15.486933180421985 90.05155505462247,15.48995306698059 90.05261193519326,15.491460790283327 90.06109233074679,15.503522470585779 90.06215357212992,15.505027354728952 90.06428147600977,15.50803593860796 90.06534727155989,15.509538409869762 90.06962134005315,15.515545852359352 90.07069142536957,15.517045479965006 90.07283642895848,15.520042705406624 90.07391047129184,15.521539081963326 90.08252817623466,15.53350971490174 90.08360655060224,15.535003205533528 90.0857687069603,15.537988944834296 90.08685160941448,15.539479974920994 90.09119407944374,15.545441533999735 90.0922812401873,15.546929674565092 90.09446037304795,15.54990387376482 90.09555145573526,15.551388721012813 90.10430548531045,15.5632668487861 90.10540086855579,15.564748765143634 90.10759703097838,15.567711295640024 90.10869691623023,15.569190701989442 90.11310729046974,15.575105652803742 90.11421140163517,15.576582124665492 90.1164244146552,15.57953293519688 90.11753241269102,15.581006072372588 90.12642176415332,15.592790248871026 90.12753403127076,15.594260408391278 90.12976394794802,15.597199370354858 90.13088069009243,15.598666973102453 90.13535846222376,15.604534593496894 90.1364793988059,15.605999216790565 90.13872603837646,15.608926279824118 90.13985082405688,15.610387527062969 90.14887447577703,15.622076315169906 90.1500034999622,15.6235345397875 90.15226691458699,15.626449573489126 90.1534003841206,15.627905193669775 90.15794504153101,15.633724768683393 90.15908267402685,15.635177365343154 90.16136268024391,15.63808032384803 90.16250412496592,15.63952950308419 90.17166104002538,15.651121477374602 90.1728066899772,15.652567589023349 90.17510334264577,15.65545834013055 90.17625341006706,15.656901800577714 90.18086442845097,15.662672619745933 90.1820186255591,15.664113012605583 90.18433173761983,15.666991511349394 90.18548970828388,15.66842844541651 90.19477883177811,15.679922192155672 90.19594097529617,15.681356014568564 90.19827060070818,15.68422213054707 90.19943713381716,15.68565325409456 90.20411397987667,15.691374614147307 90.20528460849815,15.692802626040574 90.20763055840402,15.695656315186895 90.20880492280915,15.697080829616866 90.21822518004822,15.708474944962845 90.2188133789347,15.709185346426807 90.21999206638142,15.7106069173755 90.22058175454472,15.711317118290467 90.22294446691413,15.714158667488547 90.22353533318969,15.714868276649838 90.22471839493815,15.716287095672996 90.2253101083754,15.716995727271112 90.22637496053645,15.718269162791785 90.22874353648567,15.716835388042995</coordinates>
                            </LinearRing>
                        </outerBoundaryIs>
                        <innerBoundaryIs>
                            <LinearRing>
                                <tessellate>1</tessellate>
                                <coordinates>93.0152354241757,13.676111220956031 93.01416385138103,13.673901438300774 93.00942850082473,13.67397785189631 93.00747704482998,13.671885251803019 93.00663590442392,13.667544364580806 93.00540685674119,13.667566418655369 93.0033241509889,13.670421957707262 92.99808120688263,13.667903303794446 92.98195457474426,13.665241241290332 92.9801541562895,13.66365265814379 92.98118603210983,13.661252021363666 92.98052215617295,13.658934950487705 92.97704505878264,13.657032966198344 92.97672641279397,13.655317545368518 92.98351573935989,13.64857697464764 92.98462724655045,13.646370648986363 92.98395943607935,13.644065737843434 92.98603355870208,13.643041848902428 92.99218213539714,13.645018219715212 92.9947077032979,13.644439339603807 93.00093674683373,13.649566650680583 93.00276303248816,13.647617340467875 93.01006984694615,13.644561052051131 93.01474142117993,13.643970966386973 93.0151913169262,13.637881159488131 93.01709377785554,13.635877609364272 93.0177179577179,13.632669568446033 93.02416634590045,13.627244353344338 93.02799236765364,13.627014040565712 93.03177046813286,13.629350901023301 93.03225684128049,13.63372695443546 93.03006863605893,13.636185526440997 93.0285967588334,13.642415404547364 93.02535426578689,13.648006558056167 93.02605104432044,13.653949141439853 93.02445852753934,13.657300352629292 93.02529823802368,13.660601138831439 93.0224213598581,13.66635680172493 93.02241206176737,13.669685363488838 93.01857256906916,13.674178004111738 93.0152354241757,13.676111220956031</coordinates>
                            </LinearRing>
                        </innerBoundaryIs>
                        <innerBoundaryIs>
                            <LinearRing>
                                <tessellate>1</tessellate>
                                <coordinates>93.02269864062978,13.674301266989957 93.02360987689454,13.670864104894562 93.02424085113469,13.672513961550123 93.0231894258516,13.673888921536616 93.02269864062978,13.674301266989957</coordinates>
                            </LinearRing>
                        </innerBoundaryIs>
                        <innerBoundaryIs>
                            <LinearRing>
                                <tessellate>1</tessellate>
                                <coordinates>93.04531407378548,13.62910914437144 93.046843647916,13.620929956052635 93.04702734973282,13.620902061780669 93.04923856230985,13.621827721372313 93.04847955698611,13.623439550195087 93.04859971990138,13.623752713017424 93.0534286503121,13.632479548892078 93.05499911301891,13.636060714930181 93.05501544470727,13.637797236553126 93.05503737917181,13.640110254185046 93.05580806758863,13.64302134525893 93.05649435553042,13.644132375808454 93.05885624861722,13.64641904870011 93.05915093396871,13.646543503180169 93.06489372216757,13.647306680458868 93.06644225130893,13.648824810716462 93.06698191198578,13.65187025061158 93.063472628759,13.654575943724865 93.06294882312997,13.654575943724865 93.0564185381854,13.65417683089612 93.05341565600807,13.65063285811982 93.05176520310218,13.646329641699637 93.04234957737108,13.63674676455166 93.04531407378548,13.62910914437144</coordinates>
                            </LinearRing>
                        </innerBoundaryIs>
                        <innerBoundaryIs>
                            <LinearRing>
                                <tessellate>1</tessellate>
                                <coordinates>92.8851332664872,13.574382543419688 92.88550055051022,13.574254870266032 92.88866543746033,13.576812028652228 92.8925993445844,13.586047053428771 92.900305509292,13.592270374578206 92.90256094962862,13.594981550857867 92.90325427026843,13.596135258735103 92.90371227250344,13.598064422335426 92.90369844452769,13.598348021743831 92.90252864328258,13.600333452326979 92.90222144116674,13.600641608623448 92.89820325407729,13.601166844174415 92.89667260615599,13.601832628473048 92.89480125907087,13.600896954930747 92.88951885720988,13.596753001250022 92.8862402437924,13.592929840239933 92.88633680310105,13.589687347193419 92.88372945804835,13.58325600655968 92.8814462421507,13.582488775136937 92.88337075715495,13.576639175357798 92.8851332664872,13.574382543419688</coordinates>
                            </LinearRing>
                        </innerBoundaryIs>
                        <innerBoundaryIs>
                            <LinearRing>
                                <tessellate>1</tessellate>
                                <coordinates>93.02702677276764,13.578700661606263 93.02366364016527,13.572864651482561 93.01927614198033,13.573630571693556 93.01594150079998,13.570454358681658 93.0163916348661,13.567990541830227 93.01457095108893,13.562299251509259 93.01503574860132,13.558349728557104 93.01630294282668,13.563064455859987 93.01704394821982,13.562593102289938 93.01635110422049,13.557816624837358 93.01428532640696,13.556686758886869 93.0153275732089,13.550248146335036 93.01375544046172,13.547076940748113 93.01451134672143,13.54338157160241 93.01182031615488,13.543915152862027 93.01058423487453,13.543639659942357 93.01017117535949,13.543478608450926 93.0101541278112,13.541979551015672 93.00980675208021,13.541852712432828 93.0086814169139,13.542279362502768 93.00824713699583,13.543168544692605 93.00959610927319,13.544260263200556 93.00945878009875,13.544653654542728 93.00867104503268,13.545078754181233 93.00741803671318,13.544325947884204 93.00618731988916,13.554540157202553 93.00561332669398,13.555891156551567 93.00258493434731,13.560817122012793 93.00220251113697,13.561211466636053 92.99948215457792,13.561145543632108 92.99702453585391,13.56400203686455 92.99357116257946,13.56549155698984 92.99350631246674,13.570451855868598 92.98996424715253,13.574007510837987 92.98923361274106,13.574329972650261 92.98788130307989,13.572983146155309 92.98703145993412,13.570382475870758 92.9870284795808,13.56966376287248 92.98724925504948,13.569278359308939 92.98849535028037,13.56967914127948 92.9883947368277,13.566845178762193 92.98444747926814,13.561350345342191 92.9850876328882,13.556854725265282 92.98494625046911,13.556465148847664 92.9806232453665,13.552546858450725 92.98185431922187,13.548107147426833 92.98509740851856,13.544911980303866 92.98657405394974,13.544770240853993 92.98699426667204,13.541478872352158 92.98740553833508,13.540632128270204 92.98957514737506,13.536713957483187 92.99191844428091,13.536276578501258 92.99210476852059,13.535895944042736 92.99186861554458,13.535156249861004 92.99172234531025,13.535156249861004 92.989502072063,13.530826449481253 92.9898632766689,13.529154658360696 92.98936855781298,13.52828514614282 92.98848664754124,13.527827740158273 92.9835170505718,13.526582479497733 92.97610950485003,13.528000712163077 92.97576510947258,13.52826225749736 92.97394335280367,13.535156249861004 92.97378814240884,13.535156249861004 92.9716695546064,13.539012550888572 92.96930420362625,13.539122819462577 92.96854794033541,13.542189836791579 92.96500253673796,13.544078826776456 92.96300280063875,13.543868065259062 92.9607300762323,13.541573643808803 92.95900833586612,13.541573643808803 92.95551514600723,13.544000625328735 92.95124244718161,13.54276871690297 92.94905507563126,13.53862297537006 92.9479105471344,13.537420153717207 92.94610476512301,13.53702664366466 92.94262182753542,13.536629557907858 92.94065141653013,13.53686416135217 92.93929874893857,13.537222742635592 92.93703484508237,13.539534210735269 92.93211376653764,13.539549469532346 92.92768776387939,13.539268255125918 92.92456936828174,13.536830306373531 92.9202505351341,13.53760254342285 92.919875979193,13.537522435412143 92.91764450039355,13.536441326206429 92.91696417315839,13.535156249861004 92.91659235925002,13.535156249861004 92.9139292238547,13.531339764518577 92.9138144253956,13.530785679615462 92.91442155860844,13.52567660768949 92.91463971165334,13.525072455729216 92.91759586325853,13.522054314754826 92.92175996265254,13.520734429250467 92.92648541886732,13.521484256093572 92.92780566230161,13.520064354286419 92.92672562598719,13.515795349875475 92.92297363282736,13.512693524286817 92.92959690137619,13.50179517280911 92.92418014979452,13.495712041577562 92.92135584329768,13.495854616497354 92.92053472989417,13.499532341844187 92.91808366812703,13.50049340684528 92.9156010149749,13.49998176094958 92.91361927970596,13.49756014388565 92.90674483770434,13.49859774119301 92.90387260903398,13.497195243965322 92.90473628015545,13.490410447284304 92.90365874755335,13.484515428144448 92.89897906773015,13.47631287543895 92.89484703546262,13.47513794895741 92.89188337361904,13.477604150810905 92.8872157339193,13.477884173615678 92.88443994494756,13.476416945885248 92.8797469137892,13.476418137487087 92.87727701662143,13.475315570457326 92.87617182716812,13.4709806439418 92.87189853209193,13.471680164508072 92.87095165209755,13.46497476087653 92.87618994670905,13.460107445602148 92.87308645287752,13.447671771435182 92.87629795079019,13.443839549755637 92.87949705154782,13.444683909734735 92.88046634174881,13.443928480115162 92.88260126123967,13.439861178350881 92.8819706440303,13.437844515212362 92.88428223174,13.431735277561131 92.88411784196532,13.429395675969644 92.87751495834883,13.426898956521754 92.87510037398332,13.423008680006603 92.87262332450709,13.4257502551702 92.87032091617769,13.42457222962473 92.8686444755622,13.418404817528412 92.86921322301205,13.416428446715372 92.87307512771511,13.414477110330537 92.87439143661581,13.408283830134565 92.8734377622433,13.408329248595905 92.87251126808084,13.411523461538408 92.87127530551086,13.411326646707309 92.86958265281763,13.409101843575456 92.86925530408908,13.404272079492827 92.86772704117035,13.402276754568788 92.86548364185686,13.401577115291786 92.86454975616684,13.401984453319983 92.86081087602125,13.404153704430016 92.86057198011295,13.404349446370006 92.85977292078385,13.407997250372944 92.8587348459366,13.408808827365576 92.85628867108565,13.409355878670908 92.85347700096307,13.408719539974854 92.85163426401019,13.411649942191033 92.85112011440188,13.411775946203136 92.84705340888812,13.41040694692316 92.84522032705664,13.408643126379317 92.8440991638453,13.405840277706872 92.84496617325081,13.404731869580075 92.8429862258341,13.402223706259221 92.84270834881139,13.394430041113523 92.8431991340332,13.393334507681459 92.84653472939445,13.39043366887887 92.8534131050308,13.386703729793453 92.85957777509421,13.385409951607983 92.85995805252233,13.385497451146534 92.86476314100659,13.38957464725216 92.86692404730698,13.385685205307993 92.86553454438368,13.381555676753237 92.85526704753627,13.37858951119722 92.85238981234014,13.375719547019628 92.85105037647409,13.370982050681206 92.84882533592068,13.371346235640189 92.84508097170979,13.376864552157357 92.84236347679317,13.37777030435602 92.84035456221332,13.37598216524492 92.83827757794822,13.368701934746568 92.83628165677348,13.366601467383859 92.83599483959031,13.359375000156035 92.83596372574576,13.357303261636275 92.8337700364581,13.351893544551501 92.83545172191984,13.346505522711865 92.8339307309187,13.340668201376332 92.83435821555943,13.337569117820507 92.82740700203172,13.329884528748138 92.82632887407865,13.326942563048988 92.82685542084121,13.31990635369526 92.83124542273825,13.315081477428464 92.8288604017865,13.311923265246477 92.82325923432634,13.31117415426381 92.82168841368949,13.309565305794251 92.82615184792965,13.306846380056356 92.83466672888667,13.30461347133462 92.83703577518102,13.306447148517236 92.83938181411978,13.306347131315249 92.84140741831803,13.304271459160475 92.84209477915081,13.30137515024306 92.83602666839604,13.295590758506805 92.83551454585975,13.293865680756639 92.83845114710309,13.288059234945635 92.8382314445258,13.28668510953031 92.83296215567921,13.28562057033325 92.82868850267235,13.288504362486421 92.82481336624434,13.288508057800868 92.82531404490746,13.280445337082696 92.82312214347238,13.279149771045127 92.82247960574935,13.27734255821241 92.82449901092062,13.27530932416613 92.8252474069424,13.271392344980768 92.82740187679528,13.268327712653843 92.82687282542096,13.266039371519923 92.83089244333192,13.26908302266331 92.8332525494661,13.269054532141183 92.83539247548256,13.26740956330093 92.83876264078336,13.258971452970286 92.84696674302111,13.262516140707405 92.85436236822889,13.257661819737322 92.85239517679648,13.248500704843707 92.84994924026537,13.24278295017308 92.8498419520445,13.239113926666377 92.84392750305207,13.236856221837158 92.83938980099859,13.242578148462997 92.83614385095828,13.243344903244804 92.83131241773438,13.242180704775706 92.82782101662687,13.236516714275183 92.8276274204691,13.228298425232197 92.82574892017689,13.2248195408892 92.82685422923956,13.2235492467006 92.82935082907781,13.22373473636894 92.82460415335927,13.217206358886514 92.83174633972206,13.213832140340969 92.82880890390791,13.208296656665354 92.82560586951544,13.20785284033633 92.8221908811046,13.203201651934876 92.81829941298773,13.20146691816376 92.81811475788984,13.199903726475938 92.8202099804063,13.197600245255146 92.81854724905642,13.19465625248398 92.82248055903054,13.194401025786874 92.82429575964196,13.192695975039257 92.82201993437266,13.186489224797853 92.81880342993466,13.18359374955206 92.81908464434107,13.18359374955206 92.82386255261483,13.178966521787459 92.82607400441205,13.180956363545405 92.82645070523611,13.18095684018617 92.82726991207679,13.180492162283528 92.83451974369146,13.175310730905537 92.83496117591781,13.174761652528275 92.8352040054605,13.173138976083067 92.83468902128155,13.17141902446842 92.83443021798044,13.171133875528142 92.83267557591714,13.170698046977463 92.82812726456197,13.173667431207079 92.82337987388237,13.173851251733879 92.82225430039622,13.172459840449378 92.81739187203752,13.172537923186724 92.81529855698304,13.17412805586514 92.81425213822573,13.17282712447222 92.81615793743893,13.170135736874727 92.81396710889501,13.167444944628457 92.81249999987531,13.162388444371288 92.81249999987531,13.161551356310198 92.81264722339066,13.161638021277838 92.81249999987531,13.15764510603691 92.81249999987531,13.157086968788576 92.8097152707434,13.153493643017327 92.81095194827392,13.152044415217617 92.81249999987531,13.152064561829988 92.81249999987531,13.152343750063949 92.81416571157874,13.152225375001123 92.82012856028499,13.14852917218353 92.82202744461122,13.145029068336783 92.82865917667996,13.148652553772479 92.83147394676533,13.14902496303182 92.83313286319125,13.1477340455899 92.83380615682907,13.145225405628182 92.84245395668475,13.146010279950517 92.84475803415623,13.142032265576788 92.84717834000864,13.140119552375538 92.84718370446475,13.139228344012793 92.84663975222284,13.138603210869576 92.84588491885401,13.138423562297646 92.84271681323051,13.139037609498288 92.84184336647834,13.138639569560482 92.83992004397513,13.136301755821535 92.84006464506766,13.134442448859986 92.8430237770257,13.131896734346753 92.84327352055689,13.128698348550003 92.84232342278781,13.127645730765778 92.83955812440828,13.127418517950375 92.83569443185306,13.13028681298617 92.83435356606444,13.1256424189624 92.83210420604459,13.124888658484721 92.8295788764643,13.131884574613522 92.82652175437548,13.130501747357982 92.82506585090854,13.132942557752756 92.82322442516741,13.133496641756594 92.82019150293573,13.132045745714706 92.81876373295998,13.127870440768206 92.81249999987531,13.127232075000322 92.8101474048789,13.126825213612719 92.81219887717637,13.121347546452228 92.81249999987531,13.121372819200303 92.81264305143614,13.121372819200303 92.81390106718092,13.120117067948343 92.81660270704967,13.114772558007076 92.81693065202828,13.114580512280725 92.82408654675672,13.115543246423883 92.82542467141181,13.114270448522504 92.82244622741163,13.111708640641211 92.82056975329166,13.107133149974857 92.82134795194659,13.104489445331566 92.82002854308288,13.101497649996631 92.82218277461564,13.09646260756351 92.82184565025696,13.095742106712791 92.82092535512132,13.095620155046333 92.82044494178083,13.096042275231014 92.81450271632755,13.103048205310643 92.81313824693282,13.10370755226181 92.81249999987531,13.103515625245848 92.8117841485197,13.103515625245848 92.80764412847398,13.099226951762475 92.80746090419788,13.094017625213155 92.80538606661392,13.086761117031969 92.80852615835582,13.083320855872898 92.80714595352319,13.080080747828376 92.81066393859018,13.079344868571013 92.81127965493218,13.078619956545765 92.81156885621792,13.077107548674562 92.8102892639387,13.075403928748457 92.80594074686817,13.07520604102615 92.80482172943968,13.075650453605519 92.80336880722487,13.077058315289193 92.80055975952544,13.082681655534202 92.8021191362894,13.08750700934121 92.80045604700936,13.091388225186549 92.7969472404229,13.08953702471382 92.79596006900229,13.08475661272756 92.79729711986639,13.08156895674199 92.79597890350365,13.075866341258688 92.79696774496543,13.073637962422126 92.7968201635197,13.067859530493081 92.79360485068364,13.062918543655812 92.7925268414406,13.05546104868857 92.79586267512278,13.04982614496059 92.79350495309112,13.047814130417962 92.7955787177838,13.041157841461242 92.79283225570444,13.03537392636575 92.79459881738174,13.030881643672885 92.79303586491355,13.026757359064831 92.7904254198975,13.024509071936095 92.78854334390033,13.017745256438545 92.79093694708266,13.012025355985529 92.7962851523383,13.01125264139641 92.79953336687154,13.009530663609382 92.80404102797141,13.012239217465876 92.805345058428,13.011164545607343 92.8055455685732,13.010567545955496 92.80505645249346,13.00781249984692 92.80506253280973,13.00781249984692 92.80635845677742,13.006731628961504 92.80792295967709,13.00781249984692 92.80820572361532,13.00781249984692 92.8109252456039,13.009207606445955 92.81249999987531,13.008928536922554 92.81292927236817,13.008928536922554 92.81393134555557,13.00781249984692 92.81509995429943,13.007304310945287 92.81564915138742,13.00781249984692 92.81677973229912,13.010573268341886 92.82482290265503,13.013056755165096 92.82519054370871,13.012443542535536 92.8253110645542,13.011935234023895 92.82365620137293,13.00781249984692 92.82321000094097,13.006173848744197 92.820194125359,13.00481736622855 92.81987464390019,13.004365324700075 92.81860578053275,13.00029957336669 92.81618595132099,12.998641133581373 92.81249999987531,12.998604774890552 92.80881202225717,12.997585057904232 92.80827415033187,12.993986845216966 92.81189501244509,12.993452548996103 92.81249999987531,12.99302446810492 92.81249999987531,12.992187499653312 92.8134969469269,12.99076652495522 92.8165992500557,12.9908272031131 92.81878304500154,12.988860964961518 92.81900072140652,12.988139152899748 92.8185571433979,12.987172007582046 92.81814515587442,12.986811637547078 92.81574284995284,12.986445546025266 92.81439876549055,12.983341455044126 92.81378376500916,12.9829961063853 92.81249999987531,12.982979774696943 92.81085515064481,12.983940363057272 92.80674421827163,12.983042955667983 92.80608284514742,12.983180403552694 92.80459725865674,12.984024405601744 92.80382740481136,12.984840631190195 92.8021626472885,12.989054679829664 92.80162990059969,12.989815830935981 92.79967677636242,12.991296052970526 92.79932236703385,12.99132585560369 92.79509425119917,12.987122177946162 92.7932337526357,12.981719971099949 92.79313361672334,12.980990647900157 92.79415214030942,12.976057529231582 92.79443311729474,12.975419163463684 92.79733896262312,12.971679568357487 92.79720544837315,12.964994430948238 92.79284810985266,12.96767997744898 92.79166114324747,12.962139725567894 92.79270887411522,12.961132049604416 92.79168605806515,12.956491112574724 92.79168820384771,12.956118107065038 92.79262423532023,12.955053209937759 92.79264473896362,12.95135426508726 92.79980945604163,12.94801044452663 92.79999840270457,12.947712421790811 92.80041301265081,12.945478915919182 92.79928815322572,12.942013024981293 92.80155587200622,12.938808917697358 92.79857826257697,12.930534124250457 92.793787002968,12.93012452082995 92.795540809561,12.924336910420266 92.79534935918574,12.91692364231244 92.79432690106566,12.91447126843434 92.79439234742901,12.914177655973944 92.79730105440015,12.911368966204918 92.80255043495484,12.898869037276356 92.80637073522163,12.900104403595378 92.80974161638292,12.900031924533778 92.81162142788665,12.899792551984717 92.81249999987531,12.899553537365861 92.82435941725359,12.896834373307854 92.8251874446452,12.896369457084731 92.82604384384851,12.895472645945958 92.8276910780809,12.887914776745617 92.82907295205544,12.88643133603739 92.8295427560935,12.886307835738236 92.83267414599518,12.886969327572444 92.83776640869311,12.891399741405039 92.84305465255042,12.8917336461909 92.84393584696173,12.885493874642563 92.84142184254418,12.879271745994515 92.84139215952078,12.87675857524816 92.84271395248706,12.876170635366577 92.85072791556101,12.87859773649626 92.8581805227133,12.87883555861417 92.86242914219113,12.880793571566116 92.8730031252941,12.882893323967764 92.86978876573923,12.89054727583624 92.87264502065128,12.90074944503094 92.87618291401068,12.905100106984307 92.87638676154015,12.907854914772585 92.87360835104514,12.909809231510891 92.8706876039499,12.909010172181794 92.86574947875576,12.904320478407314 92.86526620377268,12.902145146981127 92.85895502605396,12.90326976808528 92.85724127256665,12.908807873284957 92.85950505771248,12.912573456999667 92.85603940509472,12.913005948166017 92.85416066648159,12.916361450920249 92.85458040256393,12.927548051301642 92.85733103749752,12.930668949712455 92.8576871159677,12.934853553648622 92.86002051853265,12.933927059486166 92.86933255225588,12.934463023949377 92.87196946162149,12.937059164349009 92.8748892545357,12.942660808449489 92.87708902323996,12.944053411336014 92.87714362108167,12.946309447023339 92.87295055362532,12.949699520616477 92.87440454963033,12.954472541974269 92.87727367833801,12.957551956457678 92.87743103541428,12.960554480704957 92.87527954591465,12.962361931857615 92.8750474452834,12.964148641046833 92.88177931326484,12.968972921063639 92.87948954130925,12.97294771676377 92.88352000684293,12.977950930391259 92.88232374214718,12.98253107055261 92.8850798602476,12.983333349454597 92.88808846481086,12.982719660184259 92.89120388005549,12.988731146025643 92.89759230594049,12.99485886114745 92.89923620188952,12.993748665168752 92.89863383778177,12.986232280795264 92.9047292474572,12.985982656874171 92.90691924053075,12.984732508398679 92.90741646309962,12.98326551898873 92.90616810337534,12.980645179631495 92.90702283343742,12.977118253504614 92.90589511416837,12.975294828593462 92.90711784321402,12.972034812256766 92.90650844550865,12.967384815456967 92.90971255279251,12.96239244945211 92.90811693694744,12.957236647853037 92.9079004530436,12.951601504905568 92.91004514726572,12.947756647751135 92.91270816305146,12.946399926915191 92.91612005239861,12.9526972766581 92.91676163684028,12.956864833944834 92.91890144324745,12.957702755677815 92.91915917365716,12.960039138595434 92.92277932170882,12.96050477067881 92.92604732492433,12.957954048740348 92.9282186031061,12.957944154399271 92.93149924269622,12.961634874050148 92.9315501452231,12.965929508240194 92.93578243211394,12.967047452777763 92.93858373125451,12.971118211536279 92.93720722173614,12.98078870783256 92.9356472496211,12.981517672202756 92.93167090438882,12.980248928445505 92.93089616272803,12.9808807372562 92.93152987990047,12.984572649408449 92.9332153793865,12.986188650186008 92.93323826803223,12.988903403069742 92.92973494551134,12.98952913246346 92.92214834656912,12.986522316651573 92.91937887713382,12.986519575517946 92.91879582416792,12.986848830808967 92.91724550717439,12.988557815191072 92.91852664988497,12.990406632460221 92.91599130635385,12.993466138651456 92.91593885429498,13.000445962311389 92.91371905768878,13.001406431061966 92.91314423082181,12.999154448619038 92.91153574028229,12.998077869298413 92.90830540696928,12.999752164131152 92.90797293210554,13.006685257218791 92.90747034508038,13.00781249984692 92.90726160973574,13.00781249984692 92.90504562895276,13.014916062126474 92.90536451326196,13.017689466095973 92.90184915061783,13.021982312433849 92.90378677863706,13.02219486270279 92.90578174563129,13.02777183030571 92.90977680665472,13.033320545706644 92.90984713993376,13.036648750439426 92.91521823383485,13.048008680756027 92.91635274927992,13.053741455004058 92.91617047828518,13.054213523535338 92.91494572126831,13.055021524823701 92.90513336681161,13.057827353849277 92.8979902271673,13.05781805485951 92.89134085219862,13.05123913277987 92.89005374878153,13.04662168064607 92.8881137366599,13.045693278122314 92.89003145728637,13.051226616015626 92.89562225376434,13.057683109787604 92.89901685724257,13.059376954982554 92.9057873484077,13.059625029371759 92.91006994247434,13.061002254750392 92.91295552247979,13.066290617318245 92.91098904600781,13.075405239959863 92.90284121075368,13.079257965282807 92.90037906214442,13.082222700017766 92.90007317034079,13.091649651810016 92.89892673528075,13.093694210119779 92.89292085131629,13.09382414776637 92.89245593509364,13.094765305374494 92.89266681712004,13.09505593748149 92.89769303810354,13.096187472573874 92.90036070338411,13.094336271202039 92.90260565312863,13.081040978258656 92.90499031525124,13.079592346709532 92.90825045119769,13.079695344264735 92.91321814070497,13.076080441059602 92.91405665868805,13.071529626890808 92.91811120536786,13.06542873404895 92.92074835305405,13.057469844557588 92.9228227139973,13.056424617402271 92.92527496826543,13.05707454665314 92.92725276989981,13.061368226662452 92.92886745946586,13.062293648832721 92.93362867812144,13.060483813577193 92.9351495504117,13.061230302136877 92.93674933911089,13.073242068266893 92.93594634524803,13.083583116167901 92.9370402095382,13.084433555564132 92.93867957560244,13.07760751237673 92.93823027610634,13.07081615963807 92.94200587287312,13.063553572039822 92.94082963428073,13.05916225893121 92.94300115078269,13.054791927005965 92.9400516748452,13.05192065251616 92.93550741673405,13.050935507267852 92.93365716954295,13.0471892355947 92.93505167989147,13.042319059576855 92.94194567225512,13.034144640363067 92.95086216885423,13.029277205478763 92.9543812277117,13.023439169182325 92.95524132222963,13.018474936669179 92.95955884416568,13.015073061272858 92.95981574090413,13.014948725503189 92.96305060410216,13.016655445392516 92.96351134747104,13.016558170223433 92.96652543520102,13.013649940792206 92.96716976167542,13.013323426634983 92.97060680416106,13.012629270524528 92.9749244448075,13.012746453086308 92.97584235673938,13.015273571418149 92.9755151276211,13.01560270799854 92.97034561675699,13.015934824932401 92.96864545382496,13.018069744423372 92.96892082713478,13.021332741113198 92.96569752651968,13.027849673823297 92.96613395222059,13.035300254802848 92.96976494789422,13.03203415904936 92.97040212116136,13.03010666369181 92.98040056243619,13.027446270329051 92.98301243737447,13.02384686514074 92.98505401622995,13.025834441506277 92.99020683747582,13.026085614959243 92.99013137806108,13.031524061786172 92.99189496028455,13.03401541677816 92.99500656150391,13.0354228018209 92.99763452981009,13.03243267562749 93.00255727749655,13.031432628612876 93.00281894244037,13.028894900978798 93.00421750513405,13.028705358065963 93.00793015924947,13.032931446828897 93.01073324714176,13.039134740975612 93.0097024442127,13.04346930956109 93.01398551492005,13.04387295227501 93.01247835189483,13.045583367478613 93.01279032221575,13.048293948407135 93.0159845351582,13.050348043127755 93.0208097693558,13.049962043313869 93.02376484896891,13.056992173250364 93.03032684310969,13.067666530585925 93.03023636321794,13.069671273210801 93.02604484529346,13.07156383979941 93.02735555141763,13.077503919470473 93.03019905124538,13.080446839350358 93.03484320604915,13.080656767196047 93.03496706517788,13.081110954506912 93.03602957730354,13.090873360617081 93.03416335545464,13.093405247154578 93.03555881998383,13.096523999782733 93.0353809592639,13.099574565813711 93.03368830657033,13.102213859282287 93.03245854392688,13.108964204734491 93.03159475319549,13.115185141781055 93.0323404071842,13.123184442308272 93.0310549738081,13.127631426149534 93.03165864912742,13.130069971152167 93.03754961502287,13.138721823353421 93.03606033321833,13.153042316449657 93.03417372733597,13.157065153034395 93.0342897173966,13.164711118023718 93.03716111149637,13.170469879981056 93.03663086852018,13.173095465083733 93.03205311336094,13.177956938362158 93.03322851648309,13.18359374955206 93.03340852298524,13.18359374955206 93.03687703634657,13.195232868102607 93.04089546175615,13.200522780202263 93.04193520574555,13.206331014764643 93.04260742649163,13.207728027926237 93.04596817499166,13.210247874339984 93.04432642482473,13.21446967153831 93.04325973984535,13.222677112059031 93.05106854417826,13.227188348863237 93.05584681038212,13.23258364172159 93.05682826031611,13.23759877676217 93.05526280413542,13.244039178065634 93.05715954267905,13.246239304700111 93.05799531952849,13.250020742563308 93.0575503106987,13.256224751670914 93.06011641014462,13.261330127383587 93.06477725546611,13.264103650962838 93.06638145444103,13.272593140461069 93.05390214876545,13.263431072286252 93.0454907420042,13.259467363428143 93.04032862176902,13.270070076273086 93.04664421066204,13.276925206233386 93.0471614602333,13.280831456506505 93.04592061074791,13.2821207048068 93.04336237947061,13.279685735508338 93.03771150108494,13.280398249479717 93.0330443380258,13.276250958415105 93.02902543507608,13.281783103807285 93.02630257570351,13.282265305899315 93.02574920666095,13.283434629604471 93.0223951338285,13.278767466545432 93.01229584257933,13.276976465791321 93.0108934640622,13.281879544405555 93.0137232546247,13.284054517901879 93.01646220646595,13.289997100385847 93.01261806517195,13.294807553326095 93.01386570903529,13.295280456428017 93.01754915676852,13.293232202804063 93.02001237826894,13.29322564584686 93.02191591298904,13.294944644180134 93.02118384865562,13.29753613508467 93.01816380021958,13.296372652476109 93.01364624477853,13.299128175225107 93.01403975483109,13.304415225682007 93.0117759705847,13.308314561967606 93.00956094308313,13.310024261310772 93.00692975520442,13.308894753290232 93.0093058350964,13.3200464249026 93.00604736829158,13.31972420231017 93.00335252280072,13.317102432131705 92.99860191344763,13.30919420684738 92.99584364866573,13.300336718364974 92.99429821948732,13.298828125417614 92.9876948592304,13.299412012054788 92.98903417548698,13.296767115809928 92.99388623196401,13.292932867957461 92.99126374682484,13.292713642021042 92.98702311512491,13.296176672215822 92.98632574124022,13.298493266451189 92.98910880123051,13.301022053025463 92.99450790901315,13.300586461895634 92.9982395172402,13.312668442594656 92.9980480668651,13.315185546975314 92.98635375512211,13.317380547474372 92.98492491225514,13.319703102416426 92.9802552463826,13.32137978045266 92.97830164460518,13.324044227958836 92.96968662773602,13.32368993734076 92.96357667422447,13.324985146347558 92.96194136140483,13.327484249898234 92.9591013194703,13.327870607642524 92.95363354665099,13.332894444522978 92.95337116674617,13.333273768669471 92.95343863928181,13.339123368448611 92.95091402556196,13.342869758832308 92.95067250723073,13.343605041839325 92.95127952083342,13.345057010772493 92.9516078237422,13.345171570911475 92.95522284475877,13.344524860334033 92.96406996225906,13.359375000156035 92.96448051896104,13.359375000156035 92.96634435670697,13.360491037231597 92.9693373445431,13.360408902149217 92.97050225707372,13.359375000156035 92.97094655004324,13.359375000156035 92.96988511080932,13.356174826507115 92.97202694428816,13.353073239238768 92.97089326341379,13.349502205862208 92.97211694753949,13.347958445825782 92.9744852779734,13.349769711902809 92.97639131550707,13.349072456728592 92.97677254711593,13.348538517538756 92.97746527150534,13.346805452909436 92.97746181451126,13.34628844255758 92.97668635878861,13.342776178977601 92.9794143433974,13.339174270975874 92.97962772823715,13.33867144563095 92.9797326323554,13.335183501517506 92.98004436525534,13.334383010467533 92.98132324257378,13.332192659463757 92.98397970230147,13.32955217349398 92.98449027530606,13.329297542148012 92.98753285445778,13.329154133556514 92.98818385570056,13.329291701051247 92.98921096331551,13.330427050168453 92.98880016829335,13.339033841838315 92.98960125469412,13.341885447255535 93.00335514522399,13.353257656015998 93.0039224627516,13.353575468333347 93.01028716542069,13.353209018881145 93.01593351392083,13.349782943628043 93.01878011191289,13.350365519952732 93.02381730102778,13.348839521526884 93.02714621982219,13.345288633863433 93.02941524981426,13.346200346768683 93.0319441559981,13.345246910716355 93.03263914578034,13.345389604346778 93.0337394474179,13.348430514356892 93.03520691436799,13.349579811059414 93.03986060648205,13.350659847374274 93.04092717185168,13.351678848500157 93.0410974027233,13.352058053036728 93.04164254656652,13.354163169894534 93.04137694798774,13.355178356096403 93.0403207544995,13.357267260875332 93.0385657545061,13.359375000156035 93.03817665562818,13.359375000156035 93.03705906902101,13.361292004922163 93.03476834288486,13.360631346759234 93.03787255257637,13.365304469625684 93.04101312185824,13.367238044400196 93.04138743857985,13.36717247932647 93.03910923010724,13.361487031001715 93.03911137588946,13.361157416881369 93.03989732310325,13.359375000156035 93.04028487244912,13.359375000156035 93.0434006456235,13.355055451148132 93.04575920132643,13.34625744832249 93.04150736317447,13.338420748818407 93.03985404952485,13.325419426265455 93.04039645223489,13.32210373919628 93.04290461555601,13.320671201015216 93.04587364185514,13.32062244427054 93.04949092826385,13.323071956505544 93.05330061922851,13.3277944323671 93.05703914144343,13.329333543807977 93.06009364110898,13.329077959180552 93.0617002250855,13.32391214363065 93.06094574964666,13.31660294506986 93.06344902515283,13.309323549142661 93.06268894693736,13.307065367672749 93.06544351550625,13.302972554839755 93.06703472107577,13.305412173632874 93.07070636790482,13.306724667609487 93.07097315808474,13.313477754195148 93.07230126878872,13.317330241197794 93.07187640657096,13.32233226322353 93.0729787352806,13.324916243889504 93.07706654068821,13.329862952213531 93.08054840538486,13.331442952230574 93.08426737813718,13.331502556597798 93.08664584123281,13.332538843592772 93.09025073048721,13.33537840798732 93.09036541023582,13.336062669756515 93.08759856232408,13.343469620126811 93.08593845339695,13.343386054223103 93.0842849014272,13.341550349968813 93.0791369679969,13.341514229598033 93.07758545850234,13.343627452944745 93.07839727381545,13.348298072997679 93.07506430177628,13.346765160583786 93.07157695301399,13.347615838300499 93.06521224944598,13.359375000156035 93.06484484671242,13.359375000156035 93.06286907215022,13.360744357366329 93.05946540800247,13.373978853441542 93.05932784050773,13.3743634224342 93.05529475255096,13.382147550269224 93.05498814578638,13.382229924571263 93.05324530642591,13.380682944961961 93.04872405567087,13.37356412388516 93.04582190475733,13.374925255896002 93.04400801625687,13.373589753664177 93.03862714762514,13.373610376917327 93.03620183434728,13.374655247041972 93.02878761295827,13.373209357526022 93.03296875990063,13.375226140274208 93.03982460482209,13.374811649038392 93.0455199483873,13.376865625048637 93.04851281661334,13.374606013656603 93.05271494383979,13.391121744672816 93.0547273163128,13.390136122783915 93.05715942396867,13.392986416989459 93.05875575567373,13.391816139103753 93.06260144739932,13.391403674939681 93.06463134316229,13.394423127125833 93.06894755388649,13.397228002870122 93.06878936313879,13.401929140517382 93.07080113846192,13.406610250262986 93.07013845412652,13.407409429202005 93.06584870775194,13.405412912675772 93.06146562074204,13.399240255733218 93.05980873138819,13.39904534836404 93.05891275392068,13.401675462452772 93.06057667777165,13.404033064874156 93.06004536190434,13.406716227272113 93.0627682212768,13.418488741362523 93.06155133242837,13.420926451794344 93.05725896363063,13.41300225275181 93.05394232238055,13.410227060030934 93.0522277352218,13.406947374621552 93.04858255364226,13.404644727971842 93.04547822434094,13.404202937815384 93.04422366648944,13.40615057978539 93.04505884618882,13.410574674981362 93.03642213317508,13.416888475123002 93.04070150856788,13.426095247697546 93.03781044449661,13.426847577353897 93.03456854859971,13.424818754481976 93.03280937665161,13.424911856796811 93.02999031500102,13.427704930738003 93.02660334137127,13.428359270264124 93.02090573331301,13.431437611856424 93.0221916433297,13.432727336797313 93.02725732296719,13.433799862873443 93.03255927519055,13.432620048576425 93.0347186328589,13.435144305265439 93.03580796726388,13.444023847822322 93.03352594386732,13.45170164071817 93.03416204424335,13.452841162689538 93.03571891819408,13.451241254380406 93.03587436690887,13.452965855489978 93.03367805519824,13.456938147477672 93.02947151679743,13.460532426530278 93.02747666851369,13.461696505389625 93.02398204783341,13.461804031930726 93.01869273198443,13.46452844173426 93.01992857494398,13.466317057486208 93.02398157119282,13.467557430331269 93.03091764463372,13.464606642282874 93.03184974157259,13.464508771762382 93.0340422392583,13.466359853524395 93.03422510650356,13.466886520796322 93.03551936132945,13.471469640411783 93.03490555244954,13.476356625657942 93.03778755675089,13.480295658018235 93.0350575450698,13.483042239707615 93.0394326452006,13.486392378905222 93.03969037561043,13.48699224019964 93.04118657140347,13.492604255282231 93.03992772108748,13.495117068098281 93.03990435580184,13.498699903277938 93.04347085929297,13.505384445335949 93.04359483713236,13.514892220099966 93.04257774346846,13.518873929788072 93.04498493630572,13.525324821683213 93.04476404212713,13.529392242158394 93.04161775135847,13.535156249861004 93.04151785376652,13.535156249861004 93.04123091697343,13.535853743355517 93.03945505630602,13.548020004919223 93.03584694837812,13.554895043171697 93.03345274894562,13.563747048487471 93.0294765233231,13.572504639377641 93.02937042670388,13.573056459787892 93.02912366352635,13.576354742277601 93.02706730341376,13.57868707195081 93.02702677276764,13.578700661606263</coordinates>
                            </LinearRing>
                        </innerBoundaryIs>
                        <innerBoundaryIs>
                            <LinearRing>
                                <tessellate>1</tessellate>
                                <coordinates>93.05213642075924,13.562918543556052 93.05396425684555,13.559763907977967 93.05460596089668,13.559905648327103 93.05744481122909,13.562339544734286 93.05723464506312,13.566540479459704 93.05690824961627,13.566846728294081 93.05391454681879,13.56605935115806 93.05213642075924,13.564592480458657 93.05213642075924,13.562918543556052</coordinates>
                            </LinearRing>
                        </innerBoundaryIs>
                        <innerBoundaryIs>
                            <LinearRing>
                                <tessellate>1</tessellate>
                                <coordinates>94.27200841925318,13.46546220781471 94.26781320601472,13.462679744075032 94.26321482670332,13.464313626073178 94.26101374588805,13.460133433311455 94.25754487549571,13.457651853949812 94.2536721231701,13.451884865893916 94.25212514356073,13.44707143349983 94.24931395097835,13.445716857546913 94.24938034972345,13.441125750153276 94.25198352372061,13.437090754734683 94.25262284277031,13.433717251150199 94.25570237596426,13.430299759026866 94.26129984810953,13.430020451182983 94.26315665225783,13.430135607572296 94.26607883017428,13.433525562454975 94.27083945257883,13.43501925453495 94.27480280440616,13.440431475332431 94.27549815211827,13.441834450099904 94.27696144621396,13.452706455938184 94.27525544128562,13.454278349466321 94.27503633495891,13.4568891524126 94.2751648426835,13.457890748958832 94.27781271928191,13.461661219589743 94.2742358448086,13.462212562459953 94.27360236685584,13.462950944530633 94.27200841925318,13.46546220781471</coordinates>
                            </LinearRing>
                        </innerBoundaryIs>
                        <innerBoundaryIs>
                            <LinearRing>
                                <tessellate>1</tessellate>
                                <coordinates>93.09933137854026,13.43573296100736 93.0980466601255,13.438143252908716 93.09645140131121,13.434617400572662 93.09658515478102,13.434044241948286 93.09804320313143,13.431700945042792 93.0990942713835,13.430331826153065 93.09969055697391,13.42997753643425 93.10219526330107,13.42987811548278 93.10366225271119,13.42974030966758 93.10406947112929,13.430009007309934 93.10282051605438,13.434294223799498 93.10235810264467,13.435035944153526 93.09933137854026,13.43573296100736</coordinates>
                            </LinearRing>
                        </innerBoundaryIs>
                        <innerBoundaryIs>
                            <LinearRing>
                                <tessellate>1</tessellate>
                                <coordinates>93.07104384929457,13.422213912242285 93.07268547985151,13.431102752889828 93.06946074931452,13.427321553347099 93.06735753991896,13.422303319242928 93.06911015491008,13.416597366375584 93.06819879993495,13.414878845582265 93.06828474994134,13.414601564810411 93.06995165324659,13.412366747727205 93.07074940226349,13.412638307012386 93.07191443440374,13.413641453090506 93.07198917885776,13.41422176402341 93.07114613098943,13.419822573552992 93.07104384929457,13.422213912242285</coordinates>
                            </LinearRing>
                        </innerBoundaryIs>
                        <innerBoundaryIs>
                            <LinearRing>
                                <tessellate>1</tessellate>
                                <coordinates>93.08705711379523,13.415772557657462 93.08733737492028,13.41219770935679 93.08859932429951,13.410204052674828 93.08902001366303,13.409997939753339 93.09228455988509,13.410303711946767 93.09526765337998,13.415599465143359 93.0954791307577,13.416192054519854 93.09502935372191,13.418273806990712 93.09473645712197,13.418773651083143 93.09294593300874,13.420034647181339 93.0926654335631,13.420172214676072 93.09014165441388,13.419141053816702 93.08705711379523,13.415772557657462</coordinates>
                            </LinearRing>
                        </innerBoundaryIs>
                        <innerBoundaryIs>
                            <LinearRing>
                                <tessellate>1</tessellate>
                                <coordinates>93.06170964278621,13.384967923131057 93.06169593352061,13.383237362214444 93.0626082417771,13.383453011547147 93.06333684911655,13.38400804973189 93.06372153771886,13.385923147035655 93.0636408325586,13.387026310316102 93.06170964278621,13.384967923131057</coordinates>
                            </LinearRing>
                        </innerBoundaryIs>
                        <innerBoundaryIs>
                            <LinearRing>
                                <tessellate>1</tessellate>
                                <coordinates>93.08097350592274,13.368055462489508 93.08222222357696,13.366872907059118 93.08256995633852,13.366872907059118 93.08353555212423,13.36798667874227 93.08346831790871,13.368820071489083 93.0828398464819,13.369438767285189 93.0819443465547,13.37000000449683 93.081043600882,13.368610978214122 93.08097350592274,13.368055462489508</coordinates>
                            </LinearRing>
                        </innerBoundaryIs>
                        <innerBoundaryIs>
                            <LinearRing>
                                <tessellate>1</tessellate>
                                <coordinates>93.07449197772272,13.364380240855539 93.0777870415391,13.363142848363964 93.07813763594336,13.36355531252768 93.07912111294914,13.363741875087655 93.07617461646564,13.366786241192287 93.07386124090377,13.365755199942484 93.07414162163857,13.364655256235253 93.07449197772272,13.364380240855539</coordinates>
                            </LinearRing>
                        </innerBoundaryIs>
                        <innerBoundaryIs>
                            <LinearRing>
                                <tessellate>1</tessellate>
                                <coordinates>93.07366335408099,13.303330540772023 93.070988773913,13.300173401481402 93.07095825631885,13.299555540256108 93.07209670539876,13.298005461582875 93.0750044581894,13.297903179887939 93.07852292079642,13.299109816465077 93.07906270018375,13.300867437982035 93.07861173154632,13.301430225624571 93.07416486731503,13.303230166538924 93.07366335408099,13.303330540772023</coordinates>
                            </LinearRing>
                        </innerBoundaryIs>
                        <innerBoundaryIs>
                            <LinearRing>
                                <tessellate>1</tessellate>
                                <coordinates>93.02230930343174,13.302664518153108 93.02394843117551,13.308287620977012 93.02090895198697,13.316765070351764 93.02290725726434,13.324980378141902 93.02590823197946,13.327311873244568 93.02254414519635,13.329197764165428 93.0187442298625,13.329278231005546 93.01829326122541,13.329738139803439 93.01630270450622,13.331282854020515 93.01516735538937,13.33022963998603 93.01511335379851,13.329813838437914 93.01704442486047,13.327787041738816 93.01588404221516,13.316630005670376 93.01061713657171,13.316641569153077 93.00943827645543,13.310742021027409 93.01815450212874,13.308047652177422 93.02230930343174,13.302664518153108</coordinates>
                            </LinearRing>
                        </innerBoundaryIs>
                        <innerBoundaryIs>
                            <LinearRing>
                                <tessellate>1</tessellate>
                                <coordinates>93.01568102835708,13.340033769243007 93.0153570179123,13.340195536594706 93.0146579739866,13.33963727973672 93.01436853438074,13.337783813871837 93.01491725482768,13.337398648628934 93.01590204214577,13.337418913951865 93.01646041861383,13.337840676206326 93.01640605909253,13.338608026339443 93.01568102835708,13.340033769243007</coordinates>
                            </LinearRing>
                        </innerBoundaryIs>
                        <innerBoundaryIs>
                            <LinearRing>
                                <tessellate>1</tessellate>
                                <coordinates>93.0383898021478,13.343306660274095 93.03800547147537,13.344017148073078 93.0367486473323,13.343065739092594 93.03662097417865,13.34262895546209 93.03714013121228,13.34070134139381 93.03760290165283,13.340840339710041 93.0383898021478,13.343306660274095</coordinates>
                            </LinearRing>
                        </innerBoundaryIs>
                        <innerBoundaryIs>
                            <LinearRing>
                                <tessellate>1</tessellate>
                                <coordinates>92.96972215185613,13.338055610578053 92.96944427483359,13.338333249280126 92.96694445632184,13.337222218730517 92.96638894059723,13.336388945593441 92.96611094486448,13.335555553746005 92.96749985243625,13.332499861579421 92.96805560558218,13.332499861579421 92.96833324428425,13.333055377303864 92.96777772945873,13.335277676723365 92.96972215185613,13.338055610578053</coordinates>
                            </LinearRing>
                        </innerBoundaryIs>
                        <innerBoundaryIs>
                            <LinearRing>
                                <tessellate>1</tessellate>
                                <coordinates>93.0143041609085,13.284364342440526 93.01583325839854,13.283333301190908 93.01666665114536,13.284444451350339 93.01611113542091,13.28499984746513 93.01437425586775,13.284639358719346 93.0143041609085,13.284364342440526</coordinates>
                            </LinearRing>
                        </innerBoundaryIs>
                        <innerBoundaryIs>
                            <LinearRing>
                                <tessellate>1</tessellate>
                                <coordinates>93.05959105498337,13.221419215024852 93.06107306487033,13.22074592138739 93.06141138083112,13.22109341582852 93.06041181045683,13.224704742430106 93.0602821111307,13.225053548982189 93.05893015850003,13.226734638192966 93.05830204500373,13.22691333258416 93.05750465391705,13.226159930036701 93.05932736386703,13.221825241841472 93.05959105498337,13.221419215024852</coordinates>
                            </LinearRing>
                        </innerBoundaryIs>
                        <innerBoundaryIs>
                            <LinearRing>
                                <tessellate>1</tessellate>
                                <coordinates>92.93952667671513,13.01159024239574 92.9425530437882,13.01799333082748 92.94255876527527,13.018409251985531 92.94234967199989,13.019324779814895 92.93818342682383,13.020881414545613 92.93825352178274,13.023024916266976 92.94022023657502,13.023851155806426 92.93984675442456,13.025128721912935 92.93720185728014,13.026084303747837 92.93195402625761,13.023929357254062 92.92779195303635,13.023308753995764 92.92659902572464,13.023487448387229 92.92569386977632,13.027477860814656 92.92506265631678,13.028132558270897 92.9235428569173,13.028637528499289 92.92184472105728,13.027620553545702 92.92130494077068,13.02562546694196 92.92104947575265,13.023798465426907 92.92252755200533,13.021641850690955 92.91615164288422,13.015545606444661 92.91593682722302,13.01211845830045 92.91749715816732,13.008517265259613 92.91785407030912,13.00781249984692 92.91805446174445,13.00781249984692 92.92043805097526,13.004585146886924 92.92158341404362,13.000488520029364 92.92417621615951,13.001384258277028 92.92594575908973,12.999456047958233 92.93227457970832,12.999563455788959 92.93564617672982,12.99758434294317 92.93642270534374,12.9956904651429 92.94143915159563,12.99528694113944 92.94404482840642,12.997107266986745 92.94289064388832,13.001261234618298 92.94114911573925,13.002823948766249 92.94036674512918,13.00781249984692 92.94018471245457,13.00781249984692 92.93939423535582,13.009809851843329 92.93952667671513,13.01159024239574</coordinates>
                            </LinearRing>
                        </innerBoundaryIs>
                        <innerBoundaryIs>
                            <LinearRing>
                                <tessellate>1</tessellate>
                                <coordinates>92.98695027813292,12.998102069155209 92.98837816681922,12.997900844048843 92.98872613880033,12.998126029792672 92.9891995194424,13.000446438951982 92.98889267435757,13.000595450319679 92.98660111455015,12.99984621972726 92.98695027813292,12.998102069155209</coordinates>
                            </LinearRing>
                        </innerBoundaryIs>
                        <innerBoundaryIs>
                            <LinearRing>
                                <tessellate>1</tessellate>
                                <coordinates>93.00575756985629,12.997523427364456 93.00395035702357,12.996118068494113 93.0032365318406,12.996915221260394 93.00088334059367,12.994428515763502 92.99368882178194,12.990931153050198 92.98563790286713,12.992996454223132 92.98531532324367,12.991098403568614 92.98890650233332,12.984699845021964 92.98511636263035,12.984365105665105 92.98553371460937,12.982695222006996 92.98384463762025,12.981006979588514 92.98210966552884,12.981274247308647 92.9794893261716,12.979849338975896 92.97917461381738,12.974770068783641 92.97659254061367,12.974938153872856 92.9723540546959,12.969449162448981 92.96966934186705,12.970473528031036 92.96874022528132,12.972562551520696 92.96925127492656,12.974288225521192 92.96439242407152,12.977810144222929 92.96434903178263,12.979216814304593 92.96893060186588,12.981099366942374 92.96911454200293,12.98234105099884 92.96357715086506,12.98595905326782 92.96100640282341,12.989408254587488 92.96040701906887,12.989472628059545 92.95776271817525,12.983165860615884 92.95243954644829,12.980177879305685 92.95466732993353,12.976548075233438 92.96022820506758,12.974546074641736 92.96027982255592,12.971581936157563 92.96294605701499,12.969343543369902 92.96293175239865,12.96870815795522 92.96080577396785,12.965484022769374 92.96001434358723,12.965146541379951 92.9587602614769,12.964906930510594 92.95835232719836,12.964893102534674 92.95640671230026,12.967020511787254 92.95433211303671,12.967911362219525 92.9540103670852,12.967562436957053 92.95411825155637,12.962366342133052 92.95603966749675,12.958188533474114 92.96165704703517,12.954829812046114 92.97259891041134,12.95499813545581 92.97394645186753,12.945667147620881 92.97160196336026,12.944227337521554 92.96786534770766,12.946857929150084 92.9603009224501,12.949377179313487 92.95614337911357,12.946058868921611 92.95456576319984,12.941586374911353 92.95176982851481,12.940771460534663 92.95549750310764,12.940308570484191 92.95824527729795,12.942801356297522 92.9694019554361,12.944482207188173 92.97196030632333,12.943019151412884 92.9715933802307,12.941114068059946 92.97295653841357,12.940095901504705 92.97080075734905,12.938387513373115 92.9710800651932,12.938038348890814 92.97343742839465,12.937397837340257 92.97390294086827,12.935408831052769 92.979350209145,12.932923555477828 92.97967457752,12.93281412147455 92.98263847858343,12.934133172408096 92.98269295681476,12.937919855117173 92.97999835054341,12.942632078707618 92.97987294188297,12.94795370090253 92.98075354094331,12.949880957939953 92.98806190493295,12.953785299851688 92.98824405631828,12.95638930841993 92.98308563229651,12.957360625692488 92.97976350787988,12.960126161493122 92.97958946208448,12.96695804577729 92.98885071289013,12.977305054384885 92.99245941616923,12.98539400113225 92.99662470806422,12.986238241501596 93.00034654155982,12.988588810325268 93.00069487057195,12.988862156563172 93.0054583546196,12.993724346601411 93.00676643832085,12.996576547369955 93.00727307769071,12.99730861170319 93.00575756985629,12.997523427364456</coordinates>
                            </LinearRing>
                        </innerBoundaryIs>
                        <innerBoundaryIs>
                            <LinearRing>
                                <tessellate>1</tessellate>
                                <coordinates>92.87664663773253,12.932382821909684 92.87354934202861,12.934459209025349 92.87011992939145,12.931985258612826 92.866809963809,12.93318271670914 92.8611456153782,12.93354356248551 92.86068630193145,12.933401942645489 92.85988092396545,12.93274164241295 92.85841190838303,12.928977847449787 92.85916340346856,12.925727844164712 92.86319184282942,12.921185851445898 92.8649226429657,12.917100072210687 92.87153232096014,12.916033745161187 92.87269938017252,12.91632485390896 92.87412297729387,12.91839432703658 92.87437665445944,12.919405102963182 92.87379145661069,12.92412602929295 92.87405240569436,12.925233125308694 92.87478685413012,12.926226258335362 92.87534296520587,12.926465272954033 92.87605857824101,12.926663875637402 92.8791177274014,12.923931121923943 92.87954795317572,12.923513651234018 92.88078653816851,12.920521259648567 92.88634085634587,12.92307531807154 92.88375294204482,12.92966175038957 92.87818026510737,12.930509447752897 92.87664663773253,12.932382821909684</coordinates>
                            </LinearRing>
                        </innerBoundaryIs>
                        <innerBoundaryIs>
                            <LinearRing>
                                <tessellate>1</tessellate>
                                <coordinates>92.89814126470756,12.921408534376482 92.89522600167871,12.917107462839155 92.89826214348344,12.90995776623781 92.89815974217882,12.90421545467973 92.89592754841769,12.898610830225778 92.89241957640255,12.89565384404959 92.88664054912218,12.893980503397685 92.87919604756004,12.895295262766169 92.87267196164211,12.892457843254917 92.87122333009265,12.888356566002699 92.87522351725178,12.884371757251017 92.87392091761652,12.881168007897301 92.84564423599303,12.875188947112164 92.8417458529888,12.875590204824277 92.84062981591333,12.876243710678864 92.84031605684075,12.878562927337143 92.84307742158623,12.884951233612583 92.8424270156946,12.890847206033627 92.84208464648961,12.89111447375403 92.8396327492521,12.891162156708148 92.83383405199996,12.88525521795411 92.82927465470166,12.884936452355305 92.82644402956853,12.887998342649325 92.82451415100749,12.89518404001143 92.81249999987531,12.896763443777957 92.81249999987531,12.897042274081784 92.81018304860928,12.897532343443046 92.80344903484516,12.89703357224164 92.79687345015,12.891755104014962 92.79634428006457,12.891416668444549 92.79220974408494,12.889879822395983 92.79154384107576,12.889123559104974 92.79124105013446,12.888391614381476 92.79154384107576,12.88524961427845 92.7939596179423,12.882135271925378 92.7928333285956,12.879645944005219 92.7938425540909,12.872234225429281 92.79254663012321,12.868381976746832 92.79332017928331,12.862980366151135 92.788893461664,12.861400008204043 92.78518342997157,12.861678361867007 92.7824449538717,12.859626054998557 92.78155827539442,12.848533272792267 92.78079164022236,12.848394870726722 92.78102564831525,12.860285520660284 92.78012251853986,12.862370729225745 92.77831733187949,12.86408305189154 92.77517533267567,12.861648559233672 92.77115273441152,12.863193154740372 92.76960730523311,12.862294078209104 92.76937580085283,12.86134040383665 92.77007961298406,12.857704043706747 92.76859021156932,12.850645303638032 92.76865601496334,12.850255846830066 92.77110803091105,12.845263600434862 92.77423214889492,12.843484521093771 92.77528953578363,12.84215974777429 92.77553164946633,12.841078043217337 92.77391266833504,12.83523106586101 92.77416837257275,12.832031250142037 92.77419960512785,12.831357478964605 92.77534425233537,12.82941544067016 92.78367233241275,12.824355960059606 92.78164601325327,12.824053168219208 92.7813937660097,12.822008848229743 92.78329205498463,12.814476251777819 92.78315317627838,12.810267805914734 92.78395664678195,12.809235573063276 92.78614234919044,12.810547352078729 92.78243815859449,12.807669043091934 92.7799481157131,12.824935674741823 92.77422165830288,12.829292417011445 92.77331042293784,12.832031250142037 92.77323400934213,12.832013010991759 92.7730981109892,12.833989143484246 92.77415347080617,12.84178924597687 92.7633513216065,12.852174759057945 92.76055395610078,12.85941624676245 92.7590837480167,12.857654332781337 92.75865936243972,12.847784042199848 92.75339663055033,12.847614645899398 92.75351357479181,12.84530115162697 92.75109243436864,12.844832539190392 92.74852824238465,12.84209775930411 92.74559283274331,12.84105563121237 92.74477446047311,12.839434862229083 92.74416291698518,12.83800804643424 92.74384665509925,12.832031250142037 92.74441873993314,12.83133375664761 92.74358177148181,12.824534058200285 92.74249291461652,12.825017451893984 92.74241626270052,12.832031250142037 92.74213016047887,12.832031250142037 92.7411426302285,12.836172818820444 92.7407559154531,12.836229443733998 92.73982667925807,12.834919810501034 92.7398418184454,12.832449675012697 92.7395558358335,12.832031250142037 92.73815500774779,12.829370855880356 92.73798644511842,12.824055433611349 92.73946654754323,12.818848848195827 92.7394751306729,12.816312313062781 92.73920011529336,12.813207030480157 92.73799455160756,12.81044125545968 92.73752260178676,12.810316443049317 92.73730480667192,12.810795426467848 92.73830211165338,12.811743259743807 92.73660004125898,12.81294107397143 92.73615694079038,12.815261721451392 92.73663425416774,12.819440841321907 92.73475945008866,12.822741747133975 92.73462426669678,12.823190927919072 92.73297655582363,12.832031250142037 92.73188984384134,12.834825157754949 92.73078203196545,12.835340619474039 92.73044431225529,12.835246801298851 92.72925782229115,12.832031250142037 92.72897172006904,12.832031250142037 92.72896480518179,12.831635832627668 92.72743844972493,12.82934534571109 92.72714841386843,12.829060078060252 92.72404396495736,12.827166318970441 92.72386992006082,12.826648474047943 92.72172725201105,12.816393851894915 92.72053551630123,12.805354952569175 92.72075140485359,12.799258947542626 92.72112953649915,12.796414971073986 92.72130763553926,12.795930027848499 92.7237018349721,12.79586470109507 92.72367727718486,12.795371413060295 92.7209620476606,12.790318131476724 92.7209924456449,12.787871718305382 92.72614145286596,12.766322613098211 92.73103404088866,12.753549933282713 92.73014557365966,12.749788045781656 92.73090004909821,12.743353843505076 92.73519647114054,12.738521337389898 92.73879373054652,12.737643838292684 92.73825037455558,12.733055233712037 92.73941457302422,12.735080242559306 92.74132204048013,12.72479701027379 92.74393486959869,12.724254846783865 92.74614000275895,12.7223267551758 92.74121344104762,12.720969199768874 92.74022424255512,12.71792745608741 92.73957490955459,12.711876749912108 92.74050223828786,12.703361868955255 92.74251031919604,12.699410558150745 92.74017810823332,12.699874043552356 92.73037600514866,12.697904825047829 92.72789883606262,12.691831350736365 92.72812724137933,12.690992355213083 92.7303458454846,12.691521048657577 92.73252785167895,12.68995654575808 92.73576843726372,12.684450149754738 92.73643934769794,12.681257844274157 92.73287510869969,12.674217819996485 92.73658800113574,12.672003745776337 92.74140894376788,12.672354459790697 92.74396741426486,12.671097516937081 92.75215065492907,12.674615502003803 92.75972271003528,12.671037912569773 92.76862382912665,12.671720027657386 92.77546584607231,12.679599404488826 92.77840244731547,12.685785174446323 92.78426814046267,12.692891120828662 92.78615260146174,12.7057287694672 92.7850173710548,12.707969904287765 92.77958714942761,12.711148023862208 92.77866995335572,12.712743043456655 92.77974665138723,12.712890624902386 92.78149652524453,12.710972070604726 92.78624510752562,12.709000349286782 92.78754484641777,12.707016944876202 92.786538719986,12.684676051358906 92.78840124652069,12.674054622722736 92.78390955917897,12.66494226457398 92.78439664818703,12.65911257308693 92.78389441999164,12.656250000437169 92.78391754605829,12.656250000437169 92.7828772067181,12.653054952923853 92.78093707588576,12.654242039139035 92.78052485004193,12.653954148165312 92.7803356650592,12.652776837581087 92.78029000737811,12.649767756376889 92.78191685667801,12.644949674487961 92.78220272057908,12.639648437225546 92.78035616870253,12.630613327243324 92.78676724401308,12.625177144909443 92.78615367435285,12.619804739796834 92.78545284257504,12.618980407719661 92.78386497528854,12.618174910143907 92.78366017357834,12.61863744226416 92.7858606572436,12.624667406475666 92.78205084756885,12.626991153019205 92.7802325487933,12.628767609937313 92.77953815436254,12.630158067041336 92.77941811105703,12.630504846521589 92.7801151279111,12.63624203194432 92.77974450560467,12.637195825926696 92.77881300491654,12.637912869783165 92.77707791321527,12.637615442398669 92.77788627153441,12.632981062326337 92.77775096853273,12.632583260708827 92.7771039009244,12.632823466929437 92.77656805517168,12.636747241392115 92.77663445481622,12.637351870892175 92.77926766886819,12.641344666523196 92.77851557753186,12.644417643659494 92.77934455910437,12.656250000437169 92.77931737889415,12.656250000437169 92.77755486956178,12.666268467815527 92.77710425885456,12.667164802313877 92.77428746259628,12.669634222841225 92.77365386503428,12.669845342288838 92.76878571518901,12.667975902666 92.7618094681329,12.667998075450768 92.75323414823757,12.670724273106927 92.75046932739772,12.665851950407315 92.74696147409284,12.667698740604521 92.74416601694858,12.66756021982826 92.74066960841574,12.660574555071818 92.73801350571918,12.658135056787557 92.73458504636315,12.656954526630102 92.73440682861255,12.656250000437169 92.73418450361217,12.656250000437169 92.7331255671912,12.652079344086573 92.73614025117169,12.639853358545722 92.73402535958294,12.637586355625942 92.72808241826945,12.63540065321763 92.724977731937,12.626782417674463 92.72294926609575,12.627591847985329 92.72110474129104,12.632695555455484 92.71946835558035,12.63814282373255 92.71972084024466,12.642945051472907 92.71550452711224,12.643428206846224 92.71557557625206,12.637485742173169 92.71172392381996,12.626232862656707 92.71214485150378,12.622906446675287 92.70500850713714,12.608446001981449 92.70360970522373,12.607820152977794 92.70354664296357,12.61197185521695 92.70178651773412,12.612568736158252 92.69536566769162,12.607393502907769 92.69159841573455,12.608124970990673 92.68762385835456,12.611478925112394 92.68672835842719,12.615100979726591 92.68454027191618,12.607812524028859 92.68478584259296,12.60331714137287 92.68664324299132,12.601563573100506 92.69065666187558,12.60194885705414 92.70117795459922,12.599849342972789 92.70477390279362,12.596665143981284 92.7074731585598,12.596943378034425 92.70424914388323,12.58759665476174 92.70699965920736,12.58447051060557 92.70543766002041,12.57838380366968 92.70827352999979,12.576332211762292 92.7081856725309,12.571872234516022 92.70563280570988,12.569447040848274 92.70481777172327,12.56525874159756 92.70761096437448,12.561406850845685 92.7087136510145,12.555938959315469 92.70369791972351,12.547996044481962 92.70395135856833,12.546965837803157 92.70658147355655,12.547175526429442 92.70142304863495,12.54566061484553 92.69874227033986,12.539201855681242 92.69956970237982,12.530339241063231 92.69713830968553,12.521839380582875 92.69471764590301,12.519440412944832 92.6942300793551,12.51484262898424 92.69597065422269,12.512448907091539 92.70105564590173,12.510595441226585 92.70139086279838,12.50032544156602 92.70317256456272,12.498325943787378 92.7048876283616,12.498325943787378 92.70828735797559,12.493976950975465 92.70839691158838,12.49336314209529 92.70775854582021,12.490168809543135 92.70332360300225,12.483633279752098 92.7033153769033,12.480468749832923 92.703404068943,12.480468749832923 92.7033740279891,12.479256868409877 92.69948196452142,12.46740126595573 92.70192015159401,12.46463751800701 92.70282173183753,12.459428429778242 92.7050937412836,12.457505345595322 92.70650374874916,12.451048850923712 92.70201504266029,12.445723533414522 92.70306420345028,12.435865640886561 92.69860684862718,12.425309419394338 92.69806253935477,12.42092585574369 92.70047354711656,12.407711148350813 92.69829463998607,12.401554465166384 92.69776535029101,12.389446854688629 92.69937574829251,12.384578943163817 92.6994348760189,12.379277825511323 92.70312476199857,12.378460645742322 92.7034616471374,12.373026252159718 92.70532703441538,12.369799256230749 92.70442044764579,12.368620038184346 92.70172405262335,12.368505358435627 92.6999857422484,12.365910768467415 92.70161473733063,12.357131838463658 92.70034277400012,12.353441358032285 92.7008339162526,12.335240006121282 92.69944643950166,12.327713608695987 92.70013511154642,12.3265811203226 92.70169055467571,12.326718449496852 92.70505702466195,12.330283403456448 92.70859074606645,12.328485965355242 92.70892715456492,12.327994942712337 92.7089787720528,12.32673704657735 92.70743274662433,12.32379996779433 92.70719861982079,12.317395329830788 92.70742762048863,12.316331148563776 92.71092891683642,12.309871077288435 92.71114552034967,12.309661745693006 92.71195614316181,12.309633135560873 92.71324610732214,12.311893105782232 92.71379184741605,12.31212830547706 92.7151731251399,12.311615347470237 92.71825492372588,12.304687500128125 92.71861684329284,12.304687500128125 92.71903467191291,12.303819179511649 92.71877324618836,12.301233529703708 92.71963357902658,12.300396442541896 92.72039747216573,12.30025327227088 92.72965633886909,12.302667617416645 92.73250603682439,12.301973462205467 92.73431146180482,12.304687500128125 92.7345335484844,12.304687500128125 92.73592102523557,12.308678031266368 92.73545300994877,12.304687500128125 92.73495483409843,12.302617549460464 92.73559045783341,12.300851106493539 92.74215996221292,12.30140364186451 92.74475336057938,12.299279451285699 92.74784696096881,12.299873471483522 92.75452101243488,12.295723080455957 92.75781083140512,12.298269033289316 92.7575093507763,12.302925825366685 92.75856697598513,12.304687500128125 92.75880885134737,12.304687500128125 92.7638111116934,12.312306046586897 92.76473331429142,12.311266780137998 92.76317095717414,12.305156469595474 92.76337826259683,12.304687500128125 92.76341807828172,12.304687500128125 92.76454997040494,12.301596045521066 92.76481282695082,12.301748752203295 92.76623415957911,12.304687500128125 92.76900637194657,12.314035057971623 92.77161645903234,12.316901802576353 92.77188050717987,12.317646146252557 92.77127861971272,12.31955301745785 92.77412402610312,12.316058516387557 92.77990591502615,12.312820911156095 92.78406774992712,12.313542962437793 92.79069650164254,12.311527252580717 92.79269194617635,12.310082316345799 92.79453933262423,12.306203842533463 92.79497384996344,12.306139945701986 92.79776954632771,12.307536125192144 92.80293154695377,12.312749504985788 92.80348110197141,12.31298673175229 92.80853450316502,12.314666628462291 92.80959415454677,12.314669013464353 92.81249999987531,12.31361603775008 92.82255375395258,12.308844327603694 92.82906425021511,12.304687500128125 92.82962155379201,12.304687500128125 92.831985712271,12.302496433264011 92.83675551405614,12.304687500128125 92.83677506441782,12.304687500128125 92.83871316907775,12.306302666335043 92.840372443434,12.306851148461874 92.8487048150752,12.308126449176243 92.851174235603,12.311268567990169 92.85493540724369,12.313366055898868 92.86953294279115,12.313913225914561 92.87225651712495,12.317597269898044 92.87816512591999,12.31326985362108 92.88169515111045,12.318788409357637 92.88664710517989,12.323424458572035 92.88883173469677,12.321054577706704 92.8947186473479,12.320183754276897 92.897061705933,12.32603597647902 92.88900685338385,12.325163840938615 92.88721823673237,12.327450513830101 92.88872075116214,12.32925784627274 92.88837635488485,12.331084728177686 92.88656222806472,12.332021951252216 92.88169884642483,12.331334352098779 92.88100206879065,12.331995844832349 92.88327920437209,12.333582162586652 92.87968933559446,12.333563923436373 92.88070011152107,12.336510419919975 92.88063538101815,12.342956304390157 92.88160920110406,12.344084024558171 92.88752233978451,12.343895434926523 92.88873255296531,12.341623545090613 92.89242601374988,12.339456438863621 92.89419901367373,12.336121559362539 92.89605617485282,12.335706829806497 92.89614653603385,12.336026906616539 92.89177322375585,12.343161940671052 92.88998150804068,12.350330114742974 92.88980364822018,12.350631237441746 92.8864451651124,12.351322055268597 92.88502812404889,12.35532915551613 92.88150334370468,12.356119870935402 92.8797167541251,12.358022570185469 92.87694191933437,12.354545473694643 92.87289082964853,12.353780507664212 92.87004745032985,12.356992244796288 92.86993742007596,12.360301375807808 92.86840510391269,12.36196351090723 92.8623534444562,12.361116051864371 92.85978782165071,12.362280369044015 92.85795307157733,12.366473436499845 92.86002504841738,12.368773817757685 92.85979735896129,12.37131416781466 92.851949453005,12.377921104675465 92.84971034525645,12.384089708373537 92.84677076365992,12.38853239975036 92.84005844604067,12.392928838994848 92.8385229112038,12.395048260468897 92.83794951425867,12.39804947350433 92.84129452732085,12.402900815020573 92.84171724285667,12.40504574756335 92.84150505051795,12.405858159126794 92.83918285350629,12.408273816383598 92.83406615263138,12.409083008374338 92.83466947091975,12.41103196155585 92.83300983863333,12.416921138699578 92.82955193547369,12.419939756314818 92.82868921763375,12.422480464302112 92.82879364511072,12.426026344540162 92.83031761646501,12.427284478995716 92.82994234556284,12.42779874821359 92.82177293287455,12.431611060701869 92.81249999987531,12.433035731613856 92.81101334139314,12.433377504568327 92.81063401724609,12.433540940162459 92.80462205386485,12.438644170991836 92.79756641375909,12.436461210616528 92.79435515416733,12.4378826619553 92.79426467427564,12.44573462025663 92.79778015652906,12.4533890487657 92.79647707935365,12.459105253005248 92.79845774173148,12.463704347277869 92.79141128100574,12.468638778057311 92.79105305675333,12.469670057627056 92.79150903191672,12.470145106511382 92.79179465749772,12.470145106511382 92.80027365640458,12.464396357605935 92.79773128017453,12.460556268657058 92.79958355443765,12.454748153704259 92.79596591009889,12.445071577990916 92.79629707375105,12.438308477454257 92.79681003085832,12.43784427619255 92.79835247968359,12.437930941159934 92.80470693098059,12.440235853202054 92.80926775910038,12.436115146097265 92.81249999987531,12.434988856750508 92.81827354398897,12.433654427409962 92.82055437578404,12.435188054785101 92.8207732437904,12.43574047054642 92.82059931760469,12.436077833225454 92.81823337037386,12.436308622644944 92.81956446143133,12.437148571449413 92.82005965692784,12.437043905651691 92.82442450478734,12.432824730876803 92.83389627968958,12.430392861541293 92.83727216737671,12.431164145309253 92.83876371367447,12.428325176265943 92.84627032241767,12.42335248023278 92.85230875014886,12.423971176028886 92.85831034164934,12.422420859035341 92.86100482920952,12.425189852729588 92.86559355250083,12.425487756754592 92.87320470833086,12.418979048344497 92.87470126115457,12.414451956492698 92.87580680853753,12.413790464658234 92.87898385522132,12.418829560336121 92.88570225225718,12.422946572126804 92.88776111608283,12.4207940097358 92.89318323122112,12.418450832439873 92.89637255634867,12.415142059358573 92.89880704900642,12.41560018030411 92.89919734038531,12.416074037586938 92.89914202668339,12.417231440778366 92.89587020854341,12.424326538638795 92.88695812221974,12.435197830415461 92.87922394273093,12.43976676502433 92.87717854985053,12.442073703238748 92.87342894079339,12.440639376306137 92.86802923676018,12.443016052448783 92.86122572428829,12.449673056366578 92.85259425612017,12.45485794563767 92.84906554214129,12.458363056010285 92.84163033956864,12.47056365009233 92.84327924294288,12.478485226711882 92.84222555136822,12.480468749832923 92.83658754857666,12.484811306196931 92.8372948168026,12.490129351788298 92.83703327146858,12.490951657692904 92.83624577562219,12.49226355541883 92.82918250566846,12.49642431742825 92.83495891052522,12.49449300804605 92.83762145056974,12.49157714876651 92.83863174895637,12.492120623467926 92.83822941745396,12.484790444623215 92.84269094423192,12.483038425882725 92.84318733222975,12.482710719224471 92.84448206459595,12.480883717709332 92.84448623655092,12.480468749832923 92.84362924109658,12.47614395597877 92.84398067007189,12.471014022479267 92.84423875841222,12.469974756030282 92.84737241280678,12.46498322459631 92.85290205448652,12.45878970608004 92.86033654209783,12.454520106317773 92.86769604693538,12.447076320615622 92.86915624106783,12.446374655166153 92.87019717665854,12.446234345638686 92.87202334360259,12.447233200152013 92.87701284886433,12.446859955422667 92.87947952735843,12.447891474212156 92.88121354616831,12.448754310762808 92.88278424719559,12.45158994242189 92.88587451020047,12.453719616167334 92.88256144555444,12.448123812264328 92.87808597119081,12.444801211207107 92.88508427142219,12.4417098762098 92.89319801337783,12.43516254461575 92.89715325871632,12.429227948111404 92.90281975292945,12.426387071606243 92.90555393656487,12.423127055269546 92.90782165534509,12.422175050038547 92.90952646777268,12.418864607815522 92.90666544465469,12.40778934979862 92.90946781668654,12.405721068272655 92.91309714321866,12.405727863550155 92.91526067284192,12.406481742738379 92.91532003888895,12.411938548325509 92.91995787595525,12.423553943659783 92.92040765299103,12.426206350143033 92.91942894419063,12.429057955560253 92.92207717871938,12.433574438109986 92.92388963729726,12.434726833876354 92.9196571111867,12.437815308130027 92.91931414573153,12.441011666854934 92.91490292523005,12.441359043485235 92.91543030746269,12.443584203648115 92.92319214380248,12.442574500612622 92.92802917980319,12.444834112904118 92.93116021177448,12.448236107910176 92.93350315075011,12.447250723442025 92.93807041621702,12.44734704532992 92.94115865215039,12.448969245134705 92.94638097300376,12.45725584038479 92.94423532460107,12.46057951433312 92.94645786323989,12.460648179369969 92.95030868020163,12.46483397490806 92.95365405119392,12.464799046139035 92.95802021026495,12.467487930923198 92.95807206607313,12.474248647357172 92.95430481411623,12.476201176243293 92.95089197148772,12.476254105842315 92.94568014122572,12.473402142494876 92.94403862937943,12.468782305359184 92.93930506667576,12.468676447959623 92.93371737016051,12.46598994727816 92.93081152483197,12.46593010459064 92.93367314330109,12.467383146415273 92.93522512943642,12.469577312343162 92.93417417989454,12.473188042694048 92.93134117155799,12.475870848061334 92.93238544453274,12.478171109708896 92.93187701731065,12.480468749832923 92.93225991716159,12.480468749832923 92.93346607709796,12.481682538718402 92.93404650674117,12.481804012844904 92.93792855715722,12.481659054721703 92.93992745868562,12.483386158644336 92.94521796703569,12.49429380911208 92.94510650596047,12.497282743703735 92.94674825702677,12.49888265111349 92.94881105448687,12.498410462972458 92.95087194448493,12.494868159338296 92.95629596708565,12.490880608553354 92.9569736718976,12.488027572314635 92.95760953395316,12.487187146869303 92.95869851132747,12.486639142282797 92.96155691112281,12.486636400249878 92.96390605002435,12.487850308744768 92.96446383024173,12.493234157730328 92.96820855148363,12.49617624303913 92.96544563810582,12.504632354199757 92.96595144290481,12.513483167014499 92.96957862365471,12.516975044762603 92.97205507777986,12.523228526475506 92.97436904869298,12.531196236517118 92.9753447771399,12.542303204629206 92.97394227991256,12.549791932152104 92.97061836764377,12.558709144611385 92.96963787099136,12.5609935521109 92.96605181713821,12.56629824636694 92.96436846253468,12.573514104292599 92.96173024195721,12.576590418812884 92.96219980677589,12.583879232440651 92.95746183379677,12.593126654371702 92.95733404193257,12.593502163594167 92.95790767629845,12.597448945412609 92.95783686637847,12.598233818835567 92.9559501408867,12.601845741687839 92.95605695246675,12.608108878521989 92.95687091356197,12.613368868378643 92.95848154988371,12.618090272248367 92.95700764648589,12.622689723551844 92.95784223083464,12.624219536902146 92.95805764184686,12.642480850211129 92.96169972436272,12.656250000437169 92.96182096016926,12.656250000437169 92.96264851092039,12.658637523303241 92.96185135815384,12.66889345666776 92.96444284905854,12.674726248117949 92.96518564230351,12.679661035928163 92.96331846717388,12.684527158701599 92.96547234077619,12.692946553241015 92.96542215321008,12.693289160766298 92.96314430266742,12.694240569746611 92.96297681292961,12.694574355821828 92.96281981468294,12.69575870000402 92.9631742240114,12.698461055733262 92.96516275365818,12.704621910872547 92.96538734405081,12.70505166090544 92.97032535053452,12.710537314045709 92.97226512433602,12.711713552638287 92.97256565078416,12.71170830689293 92.97770071042001,12.707882046818995 92.97873544698328,12.707643866771136 92.97975015654472,12.707923650356406 92.98025715384452,12.709769368561624 92.97700250106496,12.718105554228089 92.97369325134278,12.719835758113845 92.96765601611222,12.719961643415147 92.96559882142881,12.723436952053873 92.96436524386107,12.729217052225351 92.9686063531008,12.739764213947396 92.96244835870496,12.74703443049458 92.96271216853219,12.752203941359014 92.96045494124294,12.754619717326193 92.95221066449054,12.757420659436093 92.94882154507823,12.762738943347571 92.94952774041306,12.769927621062891 92.94596660137793,12.77033865440545 92.93878793761363,12.768013000399819 92.93527066750752,12.77188241444179 92.93428385221821,12.773596644569508 92.93353164217152,12.775848746622444 92.93428361389792,12.781157612833795 92.9345592264277,12.781514644585329 92.9388972520068,12.783891916079128 92.94298374620317,12.789714455258022 92.9488352534444,12.792513966546494 92.94913077336659,12.792866348802931 92.95003020782812,12.795012950487248 92.94982123416273,12.79965782205089 92.9529248476039,12.802095412873143 92.95377957856485,12.804152130916222 92.95367372026627,12.808247327851916 92.95002913493701,12.815014719953467 92.94688570491158,12.818211436608678 92.94646573050917,12.822822332684652 92.94442260302091,12.825639605583433 92.94416105768667,12.826565861425593 92.94551575145104,12.832031250142037 92.94580185457241,12.832031250142037 92.94831085246435,12.836079359475022 92.94819283443192,12.83637225607498 92.94527375737826,12.837818145590916 92.94488704170399,12.83782613247017 92.94125735724148,12.836337804845911 92.94109106090391,12.836598157678893 92.93927645654347,12.8428734542466 92.93896675071525,12.848912953969872 92.94088304052016,12.852928519535624 92.94106090034055,12.855967164153242 92.93578100219199,12.854532956830553 92.93359422689221,12.856555104034726 92.9305235151484,12.857441663801922 92.92956197260699,12.859039068398431 92.92923975001483,12.859817027833799 92.9293037655564,12.865193844120583 92.92728245292304,12.873497247699788 92.92856705172815,12.879524111948157 92.92738985985446,12.884654402478688 92.92000102992372,12.887508749928827 92.9173289534688,12.885631560847841 92.90959632441084,12.883122562955904 92.9064730409984,12.883103251813793 92.90508520631724,12.884660959435891 92.90521776638721,12.887071132626872 92.91030025525308,12.896932840078591 92.90954756766624,12.901521325049146 92.91023385560791,12.903969049432064 92.91804921599876,12.907573342436024 92.9218683246639,12.912325143390873 92.9204913376054,12.91278576894831 92.91669154188119,12.910217047079058 92.91027891613922,12.908959507974998 92.90815997130582,12.910552739717275 92.90779745548858,12.913155555784485 92.90618407713364,12.914870023333037 92.9024766687634,12.916213035803068 92.89977574385583,12.915329933030122 92.8993681666079,12.915549873927702 92.89898443218615,12.915917157950545 92.90139055213254,12.922625065294525 92.90025377309328,12.92596304385954 92.89871883360755,12.926951647000848 92.89795064890362,12.926964163765192 92.8966344596129,12.925356864827506 92.8982609509824,12.92195785017475 92.89814126470756,12.921408534376482</coordinates>
                            </LinearRing>
                        </innerBoundaryIs>
                        <innerBoundaryIs>
                            <LinearRing>
                                <tessellate>1</tessellate>
                                <coordinates>92.93178272249489,12.918691516100509 92.93154573404868,12.917045712689443 92.93198621299373,12.916410922625914 92.93343114832876,12.915853738659209 92.93436193495555,12.913406610526806 92.93493044408493,12.913286566322014 92.93536794177723,12.913537144423842 92.93652832532203,12.91540074384919 92.93646681349296,12.916965127138951 92.93620395694708,12.917436004068392 92.93304741390719,12.919022321822794 92.9327759742321,12.919122934376105 92.93178272249489,12.918691516100509</coordinates>
                            </LinearRing>
                        </innerBoundaryIs>
                        <innerBoundaryIs>
                            <LinearRing>
                                <tessellate>1</tessellate>
                                <coordinates>92.91225576359287,12.913895368676492 92.91252875369904,12.917722701641537 92.90869355166646,12.91443312189125 92.90884685549796,12.913825512037803 92.91067337947331,12.913301944729184 92.91225576359287,12.913895368676492</coordinates>
                            </LinearRing>
                        </innerBoundaryIs>
                        <innerBoundaryIs>
                            <LinearRing>
                                <tessellate>1</tessellate>
                                <coordinates>92.94904875789413,12.428886651797526 92.94844114804087,12.420898437213225 92.94927513613894,12.414792776165811 92.9484839440789,12.414498567455084 92.94547176381084,12.419243455321165 92.94463551032092,12.419860839905866 92.9405355451793,12.421970724969057 92.93989372241734,12.422083258935288 92.9378055334989,12.421852707836194 92.93345046037095,12.419336080995492 92.93220174271633,12.418117046364657 92.93059265592657,12.415226459833363 92.92609524709829,12.403881549993443 92.9245002266043,12.39122867606254 92.92794585221961,12.386977076231233 92.91908514506352,12.375698327715824 92.91848516505846,12.374281048331838 92.91795945196733,12.368023872203935 92.91891372169087,12.364771127785502 92.9285769460694,12.361652135937334 92.93077337738961,12.358959436228972 92.93112611757627,12.358844041519362 92.93251884007262,12.359732747068776 92.93454420595074,12.363584161180313 92.93745183913128,12.376817822684458 92.93792724594564,12.377921461706237 92.94151580351192,12.380995631343396 92.9429842237432,12.384084820557959 92.94280242938916,12.400200248043063 92.94379305870294,12.403022647077634 92.94391012165514,12.403267144863023 92.94663608099066,12.40693676462007 92.95253241044273,12.408232331556917 92.95532894137764,12.414705634557478 92.95858097083547,12.41667616337422 92.9605298044074,12.419227242343354 92.96063411227445,12.419562577950728 92.96059644237229,12.422191620047201 92.95761942829395,12.424622536101069 92.95649480808927,12.427189707539071 92.95619916945648,12.428291678318416 92.95641732250172,12.43500006230299 92.95625376729785,12.43526840201531 92.95501434773425,12.434780001795843 92.95217072919618,12.430279850934468 92.94904875789413,12.428886651797526</coordinates>
                            </LinearRing>
                        </innerBoundaryIs>
                        <innerBoundaryIs>
                            <LinearRing>
                                <tessellate>1</tessellate>
                                <coordinates>92.89043664953184,12.391755938685705 92.89376044309009,12.396727203897271 92.89406824145627,12.399564028057384 92.89383280254177,12.400260567371262 92.89354944235302,12.400546312562412 92.88967311342381,12.401136279515924 92.8892618417606,12.40644741022004 92.88801407828734,12.407841801857671 92.88648080794323,12.406887054594108 92.88434147817682,12.402791142697083 92.88409793367262,12.399788975480917 92.88246190589226,12.398602008875557 92.87716400601417,12.400162816460963 92.87373924287218,12.405277013623433 92.86879324950903,12.40382552133093 92.86528217753082,12.40372693495027 92.86464285848123,12.40424525741291 92.8575682642643,12.407971262863498 92.85214960611953,12.40902161615486 92.84478151815276,12.404432654543356 92.84370124351759,12.40044045426366 92.84438931931189,12.395215153956201 92.84492886037881,12.394620418797388 92.84861242772152,12.394148468976823 92.84913134553531,12.393825531423246 92.85498297238647,12.38858222938643 92.8598072533022,12.388486504648426 92.86017823263958,12.388192534257996 92.86099517318874,12.386530757088792 92.86009204431244,12.382868647570135 92.86237192192678,12.379776001361321 92.86605882665381,12.37816512582009 92.8676259519763,12.37798023240174 92.86826205235187,12.378329038954178 92.87268650547813,12.383557439224603 92.8769911527198,12.382320642084082 92.87968254121634,12.383433818415995 92.88182234762357,12.380831361178366 92.8814132217432,12.374614954017076 92.88203942777753,12.374047756099102 92.88468050999793,12.374526858228009 92.88496255897499,12.374827742606314 92.8860154150797,12.378415942241858 92.88609695391156,12.37903165858431 92.88419830790608,12.3879499439347 92.89016735563897,12.391368151019364 92.89043664953184,12.391755938685705</coordinates>
                            </LinearRing>
                        </innerBoundaryIs>
                        <innerBoundaryIs>
                            <LinearRing>
                                <tessellate>1</tessellate>
                                <coordinates>92.89808893225879,12.408111930321525 92.89908766716226,12.40770614182513 92.89874851663106,12.411523342128532 92.89756166963562,12.410783767556993 92.89765775230384,12.409423351406588 92.89808893225879,12.408111930321525</coordinates>
                            </LinearRing>
                        </innerBoundaryIs>
                        <innerBoundaryIs>
                            <LinearRing>
                                <tessellate>1</tessellate>
                                <coordinates>92.89594924456233,12.392099619102098 92.89696550365531,12.392079114559579 92.89773964906593,12.392732977444936 92.89779484315753,12.39410912993236 92.89720785655757,12.394928813414069 92.8963669535722,12.395126461916789 92.89557826522505,12.394131302717653 92.89576947727986,12.392414808097087 92.89594924456233,12.392099619102098</coordinates>
                            </LinearRing>
                        </innerBoundaryIs>
                        <innerBoundaryIs>
                            <LinearRing>
                                <tessellate>1</tessellate>
                                <coordinates>92.86688876150745,12.412694454585491 92.86898994473032,12.414338112214168 92.86865484744342,12.419662355933141 92.86744773422552,12.420551657732801 92.8654123543972,12.421063065308374 92.86010265361503,12.417930245484555 92.85898351657616,12.416538238848645 92.85868334805812,12.41551840315195 92.86231303252052,12.412699461111444 92.86630344404895,12.412565946860852 92.86688876150745,12.412694454585491</coordinates>
                            </LinearRing>
                        </innerBoundaryIs>
                        <innerBoundaryIs>
                            <LinearRing>
                                <tessellate>1</tessellate>
                                <coordinates>92.84215521808889,12.421057462532005 92.83779907206971,12.424892544955185 92.83701276782509,12.425357103247734 92.83344805218624,12.426588654642828 92.83092045811273,12.426618337666241 92.82966840307475,12.425354719144863 92.8291399479505,12.423429847109773 92.82968175440956,12.42173445238312 92.83010840447977,12.421064614840176 92.83377885790824,12.417716860644802 92.83664524548195,12.416064143245691 92.83836352795461,12.415372252527547 92.84552717214152,12.414687752438041 92.84632015205366,12.414906025093103 92.84668910521813,12.415388822536201 92.8468545678841,12.416455030875056 92.84583520882782,12.417872309359595 92.84215521808889,12.421057462532005</coordinates>
                            </LinearRing>
                        </innerBoundaryIs>
                        <innerBoundaryIs>
                            <LinearRing>
                                <tessellate>1</tessellate>
                                <coordinates>92.88879013026033,12.41298675493475 92.88934981793992,12.412848949119905 92.88934981793992,12.4141577477818 92.88858020331375,12.4141577477818 92.88830018050899,12.413813233693872 92.88879013026033,12.41298675493475</coordinates>
                            </LinearRing>
                        </innerBoundaryIs>
                        <innerBoundaryIs>
                            <LinearRing>
                                <tessellate>1</tessellate>
                                <coordinates>92.90123176603325,12.425711512576285 92.90048003172822,12.425809621416803 92.89992380104289,12.425296068059183 92.89938187587344,12.421968460476023 92.89950215839818,12.421691418024466 92.90326344964873,12.420248747182029 92.90355002851103,12.42036664470497 92.90465414507307,12.42309534517419 92.90123176603325,12.425711512576285</coordinates>
                            </LinearRing>
                        </innerBoundaryIs>
                        <innerBoundaryIs>
                            <LinearRing>
                                <tessellate>1</tessellate>
                                <coordinates>92.87522232565018,12.444921255411643 92.87449431456119,12.445168733550247 92.87421095347307,12.444376230278976 92.87557744993947,12.443973422135784 92.87588048010016,12.444157362272506 92.87522232565018,12.444921255411643</coordinates>
                            </LinearRing>
                        </innerBoundaryIs>
                        <innerBoundaryIs>
                            <LinearRing>
                                <tessellate>1</tessellate>
                                <coordinates>92.90835392449421,12.34144830679395 92.91018044936848,12.338074445279332 92.91060745736846,12.33775806468303 92.91151225538667,12.337786436494866 92.91195488011394,12.338127731909466 92.91232132956603,12.340631246634686 92.9186793565672,12.350042343379513 92.91795074922786,12.353958010453923 92.91530394552106,12.3553967476617 92.91249537446188,12.353884338891291 92.90950942022377,12.348875045846668 92.90938997226968,12.348322153444585 92.91011893753952,12.344303369205235 92.90835392449421,12.34144830679395</coordinates>
                            </LinearRing>
                        </innerBoundaryIs>
                        <innerBoundaryIs>
                            <LinearRing>
                                <tessellate>1</tessellate>
                                <coordinates>92.90592765793517,12.340863943516183 92.90528547724298,12.341023922116321 92.90466487398513,12.340273738242374 92.90477466591827,12.33920812615429 92.90542495219998,12.33845996845298 92.90600442856172,12.338645219801023 92.90670943229455,12.339785575444012 92.9066226486166,12.340264558862529 92.90592765793517,12.340863943516183</coordinates>
                            </LinearRing>
                        </innerBoundaryIs>
                        <innerBoundaryIs>
                            <LinearRing>
                                <tessellate>1</tessellate>
                                <coordinates>92.9111008641137,12.333585857901198 92.91150176569406,12.332382321287184 92.91274762170568,12.331861376401548 92.91319954362442,12.332092404141164 92.9135421511497,12.332730769909048 92.9134558441119,12.333087801660767 92.91207444677886,12.334903717232905 92.91150045358305,12.335184335388988 92.9111008641137,12.333585857901198</coordinates>
                            </LinearRing>
                        </innerBoundaryIs>
                        <innerBoundaryIs>
                            <LinearRing>
                                <tessellate>1</tessellate>
                                <coordinates>93.06853544675371,12.319057821960982 93.0630079508567,12.315923571315736 93.0695514675264,12.316474914186117 93.07294464108239,12.315392255448259 93.073889136075,12.316701055009602 93.0725598337697,12.319042921093953 93.06853544675371,12.319057821960982</coordinates>
                            </LinearRing>
                        </innerBoundaryIs>
                        <innerBoundaryIs>
                            <LinearRing>
                                <tessellate>1</tessellate>
                                <coordinates>92.92995166773548,12.305716275985432 92.92987775785232,12.304687500128125 92.92978262936484,12.304687500128125 92.92941474909165,12.30373144165263 92.93056452243493,12.298128962081876 92.92877805246562,12.291453242373379 92.93057942420117,12.288083672423738 92.93060815304412,12.285046458627107 92.92763471646956,12.281010031487995 92.92562675517073,12.280567526370461 92.92261481322296,12.284276843101836 92.9198262691672,12.282565832547093 92.91887152190336,12.28883481047825 92.91276335714352,12.293057560957763 92.90538275241241,12.291641712395105 92.90505027754838,12.291506647713717 92.90270447693004,12.290273070145972 92.90187013180147,12.288797259286227 92.90163922277227,12.288118958223365 92.90241885224853,12.284868359587051 92.90160250705034,12.280516624742404 92.90166580673198,12.28019070593632 92.90375304236923,12.277601957064789 92.90374290970786,12.277091145739732 92.90129625821604,12.273814201464333 92.90143454067166,12.271333933314438 92.90478873221414,12.271114349447714 92.90772485771598,12.274533152782723 92.90901112566306,12.274212479722166 92.91304123416572,12.272871374714143 92.9143644570544,12.271347880000732 92.91209125510781,12.263134956313294 92.9133985042379,12.263178348601897 92.91720664477131,12.267596959731861 92.91680574409011,12.263108849893683 92.91837775722766,12.263059854828612 92.91997742631756,12.265535473483396 92.92116606206454,12.265094042156534 92.92257463960803,12.258269310180708 92.92008042297337,12.250976443308275 92.9188023802262,12.23841822122408 92.92138457303989,12.23153555402267 92.92221045464905,12.231150507489872 92.92342591267581,12.231132030918488 92.92486977601962,12.231646775878119 92.92516386512025,12.231969952651284 92.92885637262393,12.237804055313063 92.92899906625408,12.238187551414342 92.92915272711687,12.246950268440102 92.927724718821,12.249027729346423 92.92755401130896,12.250820040412748 92.92780530437167,12.252618431795142 92.92983114688994,12.258248925247855 92.93001341788519,12.25855731986455 92.94225180147967,12.274309277351279 92.9425492288639,12.278609633028168 92.94183170836672,12.280306935217013 92.94157135463448,12.280673742599262 92.93533885500412,12.284915208869734 92.93356645133107,12.287544250067185 92.93312764152782,12.293465137306256 92.9365645644036,12.298241138117987 92.93463373166148,12.30426895654709 92.93463373166148,12.304687500128125 92.93473291429277,12.304687500128125 92.93431889969762,12.310244560338262 92.92995166773548,12.305716275985432</coordinates>
                            </LinearRing>
                        </innerBoundaryIs>
                        <innerBoundaryIs>
                            <LinearRing>
                                <tessellate>1</tessellate>
                                <coordinates>93.84751951651268,12.282371521428601 93.84613597429589,12.277157307064144 93.84613597429589,12.274839758648042 93.84692657010524,12.272522449451685 93.8489029409183,12.27001190202786 93.85423910605019,12.266921878242215 93.86249995191159,12.26583325879794 93.8671874999034,12.266535758818236 93.87416660770307,12.268610954332232 93.8763889071225,12.270833253751661 93.87805545339646,12.279166579574209 93.87805545339646,12.281666636406257 93.87777781469438,12.2822221521307 93.87527775786262,12.283611058803388 93.87527775786262,12.288055538932028 93.8671874999034,12.295555472007592 93.86267256778493,12.295934439123059 93.86173903912575,12.295743465388725 93.85775065466927,12.293126106384705 93.8489029409183,12.285654545121233 93.84751951651268,12.282371521428601</coordinates>
                            </LinearRing>
                        </innerBoundaryIs>
                        <innerBoundaryIs>
                            <LinearRing>
                                <tessellate>1</tessellate>
                                <coordinates>93.02997624870525,12.27981686585565 93.02965342986195,12.280170202293093 93.0280387402959,12.280028819874076 93.02462995091153,12.278121352418452 93.02229762033895,12.275825261826569 93.0220823289367,12.274765610444547 93.02229762033895,12.274588942226089 93.02613687471742,12.27335274223536 93.02699804302532,12.273529172133792 93.03008401356672,12.277485609073551 93.03029930586857,12.277909278790105 93.02997624870525,12.27981686585565</coordinates>
                            </LinearRing>
                        </innerBoundaryIs>
                        <innerBoundaryIs>
                            <LinearRing>
                                <tessellate>1</tessellate>
                                <coordinates>93.06250000027504,12.233888745269326 93.06333327251289,12.229166627338074 93.06555545322166,12.227222204041482 93.07538425897658,12.225536703656076 93.08277773840214,12.22222220908759 93.0863889453939,12.22416663148499 93.09112775294389,12.223470449201884 93.09308695749726,12.224434733776022 93.09352624394128,12.22111094021777 93.09333491317582,12.220143914510174 93.0911109446146,12.216944455822144 93.0911109446146,12.215833306561805 93.09138894124672,12.215000033424914 93.09416663678101,12.209722161448653 93.09706485316079,12.208717942479254 93.09893071617981,12.204150080761664 93.09942054722106,12.203737020347432 93.10074985042533,12.203943609909786 93.1016665698564,12.204722046885024 93.10361111186373,12.208333253876674 93.10361111186373,12.221666574652588 93.10055553930707,12.231388926757674 93.10472214241307,12.23666656041354 93.10583317296258,12.239722251680675 93.10696494547622,12.251593709182416 93.10591542765488,12.254279851933674 93.10598540300387,12.260203838236677 93.10570538019917,12.260754824075775 93.1041666266888,12.261111139967056 93.1016665698564,12.260833263844049 93.10086655634674,12.26031112645721 93.10009694082137,12.259346723172698 93.09861111601029,12.253888845593835 93.09944427043698,12.249722242487564 93.09916663173496,12.249166608052562 93.09638893620061,12.246944427343522 93.09611105917807,12.24388885478686 93.09583330176562,12.24333333996178 93.09277772920902,12.238611102420336 93.09222221348469,12.238055467985518 93.08861112610285,12.237222075238535 93.08666670280635,12.237222075238535 93.0850000378214,12.238611102420336 93.08611094966116,12.24611115420663 93.08361113114896,12.258610963525257 93.0813906195817,12.260312557278723 93.08034110086132,12.259348153994196 93.07777774344825,12.261944413104118 93.07249987147227,12.259722232395163 93.0705554481755,12.257777809998117 93.07135987286003,12.252822160614286 93.067499875619,12.249166608052562 93.0647511481474,12.235795736084455 93.06250000027504,12.233888745269326</coordinates>
                            </LinearRing>
                        </innerBoundaryIs>
                        <innerBoundaryIs>
                            <LinearRing>
                                <tessellate>1</tessellate>
                                <coordinates>93.0721383098352,12.210782169861261 93.06860482675174,12.211574434812405 93.06832492355662,12.211574434812405 93.06629991560916,12.210146069485504 93.06409180119599,12.20389413820412 93.05803954638841,12.194939613772306 93.05580043774026,12.190255642384045 93.05363142495051,12.185537218867694 93.04964315920469,12.17182993930021 93.0462845564875,12.166147232109253 93.04411554369759,12.159362315818143 93.04324102405414,12.158535837958482 93.0375297067308,12.159741878285203 93.03648006929993,12.156917810108823 93.04320597657491,12.155815005658042 93.03942775738531,12.145551562055047 93.03946256654424,12.141108751068202 93.03718864873738,12.133531927756337 93.03925275830827,12.130776643327636 93.03942775738531,12.128906250423256 93.0397075418696,12.126953720637673 93.03998744506507,12.12660932526029 93.04131674737019,12.126540422802336 93.0430309774978,12.12809014354535 93.04436051812357,12.128296851818433 93.04656445968217,12.12774574726852 93.04708933820243,12.124508261647065 93.04827880852045,12.12423276872731 93.04771912084104,12.122992873422561 93.05030775100218,12.119721055282511 93.05303657018194,12.122786402570327 93.05657005326535,12.12323415253428 93.05443596834519,12.122442007192873 93.05268681034843,12.117999076596107 93.05062282128628,12.117482542885284 93.05020284688433,12.114968180537005 93.05803954638841,12.104395032005186 93.0621676441215,12.102810740423351 93.06261143907861,12.101175427154374 93.06339204320861,12.09829902607919 93.0663306715235,12.097988963220061 93.0663306715235,12.095233917111656 93.06832492355662,12.090618849080727 93.07031905687919,12.090549945723566 93.06947934639501,12.087415814688072 93.07248795005896,12.086933612596212 93.07444715461278,12.085211634809184 93.07441222674314,12.083627343227533 93.07616150345078,12.085452556890047 93.07864534820422,12.08466053025937 93.07965993905535,12.08948230746249 93.08417284500118,12.088552355406861 93.08553731439557,12.089792251611229 93.08518743495236,12.09082543864298 93.08627200115225,12.091307639835733 93.08546733814748,12.093098520979922 93.08662176098576,12.093374013899776 93.08683157012118,12.095578312489124 93.08966553173926,12.097541331967022 93.09081995457765,12.09998655353678 93.09012031530065,12.100744247648947 93.09041508684479,12.101175427154203 93.09134471438747,12.102535247503681 93.09158957010291,12.107219218891942 93.09221935274101,12.106909156032813 93.091799378339,12.110938668284959 93.09330391894073,12.110525369550246 93.09330391894073,12.111662029878687 93.08984041210536,12.115243911777156 93.09256923218456,12.11696577085381 93.09158957010291,12.11913573782401 93.0930240157459,12.122683047984367 93.091239810269,12.12350964545378 93.0876712797058,12.12306177588026 93.08970034089819,12.125851631147782 93.08994531622355,12.127194642718791 93.08893084498285,12.128538012219508 93.08824562993229,12.128906250423256 93.08770632718583,12.129984378376307 93.0899802449924,12.134358406515275 93.09221935274101,12.135805010992371 93.09498310068975,12.142417549730098 93.09403860569742,12.14837574984108 93.08889567879262,12.152439832931847 93.08749628062932,12.151303171704214 93.08609712168524,12.151613235462534 93.08606195459598,12.153610825779069 93.08382296555774,12.155539512738457 93.08413791623198,12.157330274272894 93.08515250708288,12.156848073080312 93.08466255643216,12.159121155416983 93.08602714543636,12.16387414977224 93.08749628062932,12.164046168495858 93.08777630343391,12.164631843884578 93.08917570069829,12.169143557329377 93.0899802449924,12.174447417014775 93.08970034089819,12.180336713768426 93.08812606326737,12.179888844194906 93.08770632718583,12.18105995665178 93.08634185779076,12.18030214292952 93.08833610982387,12.182988643610997 93.08553731439557,12.18691492088692 93.08550226691634,12.19194316894226 93.08662176098576,12.19304525843215 93.0857472422417,12.19304525843215 93.08546733814748,12.195215105792613 93.08403301211385,12.194905042933485 93.08182895184493,12.198383569346277 93.08028960208358,12.198280334370054 93.08021962673459,12.199589014321575 93.07721102217116,12.20217204080717 93.0777007345014,12.204961657754382 93.07633626420758,12.209576845395063 93.0721383098352,12.210782169861261</coordinates>
                            </LinearRing>
                        </innerBoundaryIs>
                        <innerBoundaryIs>
                            <LinearRing>
                                <tessellate>1</tessellate>
                                <coordinates>93.1122379305364,12.138050317767906 93.11248266664191,12.135536075030075 93.11409211136188,12.134296178825693 93.1155612465545,12.129956841135368 93.11814856550407,12.134717226118994 93.11881327601205,12.134786128577048 93.12325787575051,12.13994455349831 93.12136876615605,12.141356706746691 93.12189364467636,12.144835234059016 93.11972463098706,12.143388628682374 93.11836004288179,12.143870830774233 93.12038922278484,12.145592928171183 93.1202143433176,12.147762655921895 93.12052905567137,12.148347973380211 93.11664593236421,12.148072600070464 93.1150366063545,12.144421935324132 93.10947394336816,12.143939733232102 93.10908925566471,12.143078565823245 93.11027872598268,12.142493248364929 93.1096489433443,12.140461206819325 93.1122379305364,12.138050317767906</coordinates>
                            </LinearRing>
                        </innerBoundaryIs>
                        <innerBoundaryIs>
                            <LinearRing>
                                <tessellate>1</tessellate>
                                <coordinates>93.09856224055514,12.136607050674954 93.09821224240122,12.136951446951784 93.09639322776567,12.136572479836047 93.0963232515168,12.13478171830188 93.09747755564499,12.133576154616023 93.09789753004716,12.133507252157969 93.09856224055514,12.136607050674954</coordinates>
                            </LinearRing>
                        </innerBoundaryIs>
                        <innerBoundaryIs>
                            <LinearRing>
                                <tessellate>1</tessellate>
                                <coordinates>93.03190743937725,12.11596155188414 93.03378975369444,12.12237095805341 93.0352375506724,12.123930334817302 93.03233337358657,12.128906250423256 93.03222644329591,12.128906250423256 93.03219640234224,12.129317522085941 93.03048408057603,12.134545445715844 93.02611565611298,12.13855850666971 93.02623307699506,12.14068365053015 93.02846264833275,12.143614053645862 93.02687835675081,12.147855162885662 93.0271202330126,12.154943346758145 93.02956104250845,12.163889527279864 93.02754604851137,12.166233778366347 93.02343320867581,12.163824558456653 93.02109444165515,12.157307148206414 93.01015722777416,12.150636434124223 93.00773584813126,12.147602677321743 93.0066869256614,12.145610809391414 93.0021333694597,12.1333725454068 93.0028345582684,12.128906250423256 93.0026800628348,12.128906250423256 93.002763271708,12.124558449213168 93.00531661517007,12.116984963285446 93.00537204758191,12.116503238733557 93.00498163659367,12.113530039579743 93.00438225283895,12.11332571540963 93.00379240549532,12.113445878324796 93.0027563568207,12.116575121544642 93.0009253020614,12.117593169389238 93.00008165794239,12.122232555987694 92.99555194366744,12.128906250423256 92.99512982348264,12.128906250423256 92.99465453627815,12.133011102480623 92.99304223081467,12.13580095774806 92.99290835863397,12.136582732107442 92.99321568035955,12.141164421800681 92.99250602713155,12.143014073640813 92.99162435518011,12.1439449789778 92.98833405956938,12.144639850049245 92.98396182018203,12.148583412294713 92.98302912699305,12.148949742136992 92.97374975664636,12.148187876069514 92.96360790767895,12.150597214689682 92.95781397863252,12.148756265589142 92.95578074458601,12.146043658488153 92.9555350542993,12.14222586193398 92.95710945154033,12.135422348562713 92.95724153496897,12.134953379994656 92.9600001576811,12.131173968304026 92.96060144889779,12.128906250423256 92.96048116727243,12.128906250423256 92.96139562131125,12.124653816020952 92.96224474949591,12.12271165811677 92.96358203868036,12.121337771021217 92.96599674265596,12.118935108068968 92.96790051479698,12.117793441214403 92.96908605058084,12.117514252980456 92.97570514717486,12.11708867580171 92.97625565547426,12.11316394805776 92.98037576632888,12.1118564606071 92.99707841873428,12.113458513799515 93.00037372087073,12.111262440409448 93.00049376507516,12.107019901247597 93.00667285936518,12.107789635483414 93.00892369831135,12.101175427154374 93.00917935354468,12.10042417083882 93.00698733339911,12.093589544521919 93.00613260243799,12.083195209091684 93.00713932512,12.075410842936094 93.01085317173673,12.071488142264158 93.0134301188049,12.072471023019432 93.01952147523608,12.072180747943193 93.02722144091715,12.068120241456143 93.03420853649507,12.060481667095289 93.04107344118646,12.04633986928961 93.04463016994694,12.045526266124327 93.04510462258057,12.045540809960514 93.04948866377109,12.05064284828886 93.05338072813848,12.060576438551934 93.05229806940062,12.062938570858478 93.05309116802314,12.06910014185813 93.0512014630772,12.073115706524774 93.05382776224175,12.075988769766127 93.0492501257929,12.083137870116772 93.04611575643739,12.08429014717251 93.04236555112973,12.088264703653067 93.03465902849157,12.09954726709293 93.0348102746494,12.101175427154374 93.03496992592179,12.102894068006762 93.03185200696473,12.110508919151513 93.03190743937725,12.11596155188414</coordinates>
                            </LinearRing>
                        </innerBoundaryIs>
                        <innerBoundaryIs>
                            <LinearRing>
                                <tessellate>1</tessellate>
                                <coordinates>93.00061941115698,12.068357467323366 92.9991179705182,12.072129965025951 93.00162875626225,12.075236558820336 93.00008094298133,12.076851844637076 93.00047504928412,12.084328532036238 93.00066530715836,12.085816621340015 93.00213646852345,12.092165469860618 93.00382995578806,12.09754157028732 93.00505840811942,12.099027156777936 93.00518612520457,12.101175427154374 93.00527954061832,12.102746724881513 93.00469768015412,12.103776454919455 93.00300824613365,12.105093956320943 93.00197112546724,12.105412363989615 92.99269354387226,12.106986046268958 92.9907829764534,12.109266757554735 92.98996615371507,12.10970950099265 92.98573267432383,12.109344959002726 92.983721852282,12.108614325490635 92.98337614569269,12.10843670399072 92.98201501368194,12.10649085077226 92.9742192027542,12.10543656384641 92.97390663618265,12.105293154355806 92.97401464026362,12.103865623599802 92.97730910782903,12.103892326269929 92.97428762947075,12.102450251677837 92.97019064468296,12.104532957430138 92.9665517808402,12.109203815803369 92.96435356166765,12.107537031208935 92.96021986025872,12.107561349776631 92.95986735839202,12.107357620957487 92.95967924630034,12.10599970851996 92.96068630866128,12.101175427154374 92.96187567672135,12.095477819545735 92.96060574046263,12.093327641257687 92.96535921055946,12.094241142015036 92.96516561530123,12.090505123512742 92.96999025324769,12.090075373479849 92.9707696435045,12.087098479011672 92.9700076578271,12.086073279758182 92.96290314226636,12.084038853210515 92.96043014513563,12.082429051459584 92.96034085774451,12.081330061033725 92.96210134000515,12.071864247736968 92.96223485425529,12.071574210981211 92.96401405320657,12.06872177099308 92.96490454660781,12.06809365749632 92.96858644480889,12.068071008070774 92.97258985064141,12.06459760689414 92.97520780589551,12.06514036663468 92.97362983205139,12.063009023747426 92.97320067916812,12.059824228505406 92.97486901239532,12.059337258208075 92.97577333467186,12.060673117470571 92.97926425913866,12.055155515914393 92.97948014769096,12.054679512849347 92.97957861446187,12.051086545008047 92.98088181034748,12.049929738066965 92.98488414328872,12.049633145253367 92.9901293518881,12.044379353524505 92.99108135711927,12.043891906586396 92.9936466219942,12.04383611714303 92.9974498747122,12.045252442346282 93.00119042399885,12.050633549298922 92.9992306231949,12.05463790931202 93.00146162535376,12.061648249667073 92.99803102021556,12.06468725221491 93.00061941115698,12.068357467323366</coordinates>
                            </LinearRing>
                        </innerBoundaryIs>
                        <innerBoundaryIs>
                            <LinearRing>
                                <tessellate>1</tessellate>
                                <coordinates>92.96610677201014,12.04823756201408 92.96491563344992,12.049561977403528 92.96313154668351,12.044656038045844 92.96330225509527,12.037588954067118 92.96183395357437,12.030488014210547 92.95384204367562,12.020504236381385 92.95025956642601,12.01264274076999 92.94205117262354,12.007024645371061 92.93093931669617,12.005487561002198 92.92799210525195,11.999456406088314 92.92494547375517,11.997588038457309 92.92544460288636,11.995882749389395 92.92646443858322,11.994721650883605 92.93078875579678,11.992058635097862 92.93400883683873,11.984802365236973 92.94010984929028,11.986007452282237 92.94774842275186,11.985182523954279 92.95985817901183,11.98091113544045 92.96339762190306,11.970621705027767 92.96583235288082,11.96657884144058 92.9684002401793,11.956405043158256 92.97046065353666,11.95312499981901 92.97074592118767,11.95312499981901 92.97350192057743,11.948933124863856 92.97392213330019,11.948686957037467 92.98146510163357,11.94562375553187 92.98547601680511,11.945067644456273 92.98632121045577,11.947474837294052 92.99026751473414,11.951095342376092 92.99343562125696,11.950026273293858 92.99595725552334,11.94741427874601 92.9987958666359,11.947643756953823 93.00025653830883,11.949983358545296 93.00171995201444,11.947465539203222 92.99612224064899,11.943498849992068 92.99438822273865,11.941385150004677 92.99470055098973,11.939874053344795 92.99873125574291,11.937672257568693 92.99816942228111,11.934377312462956 93.00286352633091,11.931197047106195 93.00685215000706,11.926684379480662 93.01260793251029,11.915854573429883 93.01716721019872,11.910287380558202 93.02212667450661,11.901185631711769 93.02225971211661,11.897397637790661 93.02513265574751,11.888477206657967 93.02539145904896,11.888131141239157 93.03340995290719,11.882381558662175 93.03477203819946,11.881757259190067 93.03915584106923,11.881727814487121 93.04315161705384,11.882442950881398 93.04586207837244,11.883962750280887 93.04854702952176,11.886850357358242 93.05159604512167,11.891086578782733 93.05310606978955,11.893951654245654 93.05397307829534,11.89699065679332 93.0539257523719,11.903131246609675 93.05381214641383,11.903696417455805 93.04972922792209,11.907731652094228 93.04937744101633,11.90866744524645 93.04953503641323,11.911732673823892 93.04804611163885,11.913093804935272 93.0472339392949,11.916369080968408 93.04804611163885,11.920105457400936 93.04540085836314,11.92155361141009 93.0465898511408,11.924246549438749 93.04486012479524,11.92616260092342 93.04458367859431,11.929524064384154 93.03736507863582,11.944620132812972 93.0372766258159,11.947675466149803 93.0370898249358,11.948043466033255 93.03405153734869,11.949153900332348 93.03068625896393,11.94853067375169 93.02836072456776,11.95127415637721 93.02805662151596,11.95312499981901 93.02567815752096,11.959612965366134 93.02488195893548,11.966268301041225 93.0163091418535,11.980222225075792 93.00737595563581,12.000367641453522 93.00695705412491,12.001534462345703 93.00698721378919,12.00426864598137 93.00774395462034,12.00716221376507 93.01010894767009,12.012467265052223 93.01006340959864,12.017128825335064 93.00892281563554,12.019949913157973 93.00370514427735,12.028380513250227 93.00340533279015,12.028815269808888 92.99844360309001,12.033757209927444 92.998006343718,12.034121632307446 92.98663794988184,12.03852534257065 92.98252165305203,12.043414235278917 92.97456324110081,12.042114376777192 92.9739532471452,12.039828658066085 92.97490584862626,12.037286758477137 92.96907567959917,12.033888578395363 92.96582353143097,12.041955232747952 92.96610677201014,12.04823756201408</coordinates>
                            </LinearRing>
                        </innerBoundaryIs>
                        <innerBoundaryIs>
                            <LinearRing>
                                <tessellate>1</tessellate>
                                <coordinates>92.78096854676144,11.896945118722314 92.78545224632447,11.89967334255077 92.78735125026017,11.899630904442631 92.78859114646437,11.901471853543171 92.78600704708785,11.901596308023315 92.78355777227395,11.904207348390344 92.78819131867456,11.919291972946198 92.78782451129214,11.924963951225436 92.7849999664754,11.926652312354463 92.78247487521551,11.930114746298557 92.7830712795164,11.932354450297794 92.78540396711966,11.934352159324803 92.78420782113412,11.936185956117 92.77127790475183,11.939576268030336 92.76677382025579,11.938392877129601 92.76426374947275,11.939767241765026 92.76202607164615,11.936555147601936 92.75954031943033,11.936228752155259 92.75304174458105,11.931332826748573 92.74818336946706,11.932391405239215 92.74692630790284,11.932192802555946 92.74552512188703,11.931010246225924 92.74258410946962,11.925112843882573 92.7414884564271,11.920500040344493 92.7371536495215,11.915310621188326 92.73699486252346,11.914952516545497 92.73315978010001,11.905368208576007 92.73155391198392,11.899128675348308 92.73258995975905,11.89126276946132 92.73131680482689,11.883102178223098 92.7325998541003,11.874819874537636 92.73098444957307,11.86972463148669 92.73041164887857,11.862272262654699 92.73037564721844,11.859524846394777 92.73173427551674,11.856732010773612 92.73056745552392,11.853214144417436 92.72813367872678,11.850847959765574 92.72578620896675,11.842322349896733 92.72033822572891,11.833114743650569 92.71837770906413,11.824320435239926 92.71447444004363,11.821314930639616 92.7130100730565,11.819547176461114 92.71061563530353,11.814841032287902 92.71021425708264,11.814519643367007 92.70138251798923,11.81174290201345 92.69878482805748,11.812562704205448 92.69248485589193,11.808922767471813 92.69214904274432,11.808936118806969 92.69308125929282,11.809885024974037 92.69293773199095,11.813358664470783 92.68781447415884,11.814483642605964 92.67983925297929,11.818893313575757 92.68386375870548,11.81842684782076 92.69603157070068,11.813096165855413 92.69711935557407,11.813599466941909 92.6971486806672,11.815118313059756 92.70249807842387,11.814182043266769 92.70830535880557,11.817055463538892 92.71548843374435,11.828217864063149 92.72607612611253,11.856461405669506 92.72717511653858,11.863216042686247 92.72526574162109,11.875404834965195 92.72334194157773,11.877343654585957 92.72642147567072,11.890298843716764 92.7232445476981,11.891085147961405 92.72550594784119,11.893326759422393 92.72717273243606,11.898738741899408 92.72545015839833,11.902317643444391 92.72228181355504,11.902940034555044 92.7246954437401,11.905002355374492 92.72522234933203,11.908362150592708 92.72419047351187,11.918005943319585 92.72525095946455,11.92759489988481 92.72454762487317,11.930775642781782 92.72098362419504,11.934021711532736 92.71774852267626,11.934083461682448 92.71569025510124,11.931074976728837 92.71445584296313,11.932457566563457 92.71528756656832,11.936216473711397 92.71724581694085,11.936675667548045 92.71862435353106,11.938715100621309 92.71704852546915,11.945407748268948 92.71865975894113,11.947930574136805 92.71614551530357,11.950791955184727 92.71783745303642,11.95312499981901 92.7190672156797,11.956633568084712 92.7191531656861,11.961722255077916 92.72019934612322,11.962941408419212 92.72058367769486,11.963250279676672 92.72399127457757,11.962664127647358 92.72563087896228,11.96715664866052 92.72907674289777,11.968613743729293 92.73293232896404,11.968433141876005 92.73057305830005,11.975045919833391 92.72882187323083,11.975673317469727 92.72565305264632,11.974185347775517 92.72379887092163,11.974580407359937 92.72490835193926,11.97689545116424 92.72337543952537,11.98073005694657 92.72684025757198,11.982185840803936 92.72666287439236,11.983912229765508 92.73085904091229,11.99312770328099 92.7279117107569,11.993267655777785 92.72819304477335,11.994501352055806 92.72849071047804,11.99485886134731 92.73277091954239,11.997601271081905 92.73887264695523,11.997014164872027 92.73701465120544,11.991017579897502 92.73779034614759,11.98636913262942 92.73660027957945,11.984446644696831 92.73335015758383,11.982729911756223 92.73424875747415,11.97712624058363 92.7371151450482,11.976858257902435 92.74485695348599,11.982357859527653 92.7457865476114,11.982104659003014 92.7462302443304,11.97824943086664 92.74866354448724,11.97745943040843 92.75136196658164,11.978420257988418 92.75473094028067,11.981843948239813 92.75513696709746,11.984856366827898 92.7570749521474,11.987920880444278 92.75252044176514,11.99221527541458 92.74306011163495,11.988324046517604 92.74287211915325,11.993446946419496 92.74531853232443,11.994233727304831 92.74671494923578,11.99634325533691 92.74875426269918,11.995317458933798 92.76282167398145,11.998545646464592 92.76545774967545,11.99755024894499 92.76865375047063,11.998718619368773 92.76631724794268,12.002672553495643 92.7659461498952,12.011366248453612 92.76385235819978,12.011387705378468 92.76094865775454,12.009092568966977 92.75718355157997,12.002634644373401 92.75241267690367,12.002605676311134 92.74998795987668,12.004835843899158 92.75018155603428,12.007635951437976 92.74883294078788,12.00939071221164 92.7505153421096,12.011268854573984 92.75033056740179,12.013748168543316 92.74827575682073,12.014807343284474 92.74683845043447,12.017187953061693 92.74421060083867,12.01769900360624 92.74042582469232,12.013311863352044 92.73677361041385,12.015674472299281 92.74021005664898,12.01703941833459 92.74026501152119,12.018787265120295 92.73673284054806,12.020867943800667 92.73418593443333,12.020064949937534 92.73355162101066,12.021723628042977 92.73511767344203,12.024009108433518 92.7400586602794,12.024986744342812 92.7417845726001,12.02914881666463 92.74112451068768,12.030031204476515 92.73636710605709,12.030254840688542 92.73864293132667,12.035097718684867 92.74087774751015,12.034234046664025 92.73938703578321,12.040911913054458 92.74136853183248,12.04212212533588 92.74053204092147,12.039672613100777 92.74397087125911,12.034781217579095 92.74624824516039,12.034751057915173 92.74833345372636,12.036310672999363 92.74906027321302,12.032180905224592 92.7513222696073,12.032261252454973 92.75300502795997,12.03429377064117 92.75375020530797,12.027414322113259 92.75690627080812,12.025744557165623 92.75783836864596,12.022153138856467 92.76212084310279,12.020617842339618 92.76515912979019,12.023206830430908 92.76458215714112,12.025754571116622 92.77843534991158,12.02406787912939 92.77882933660496,12.026983618799008 92.77551722523972,12.031183361922842 92.77677345313262,12.040688753483195 92.7801398035094,12.041308760490892 92.78365147083886,12.047107577352776 92.77857840057308,12.050432800832994 92.77610754922418,12.049939752018062 92.77306520929201,12.047200917988093 92.76644396781504,12.046769141782633 92.76584601398238,12.050698757341976 92.76218044746966,12.051290273827192 92.76009404640334,12.055145263643098 92.75199985481001,12.0550345184285 92.75156843653443,12.055607437833132 92.75755333931525,12.061218738853768 92.75825524308519,12.064179658664429 92.75615942521759,12.067751646221552 92.75144040545055,12.070942044240027 92.74513924078352,12.072376846913855 92.74227094664715,12.074213147419016 92.74101674582622,12.070881605301906 92.73791265484525,12.069487571594323 92.73823475872754,12.06742811241736 92.73645091028155,12.06505715866109 92.73734056911215,12.06363821013548 92.73523032701829,12.065150618905975 92.73738086233718,12.067751764931927 92.73751890647267,12.070752501327021 92.73927724385024,12.070569277050467 92.74061512928526,12.071756363265578 92.7411426302285,12.074120521744689 92.74115014046706,12.074579477261125 92.73583137991463,12.08385086072866 92.73526060539294,12.094511747119668 92.73558941786465,12.101175427154374 92.7357227804819,12.10387814036396 92.73615252961568,12.106154203054018 92.73782241327379,12.111543655715238 92.7437219622989,12.119814276307977 92.74384915791242,12.12013554561905 92.74520981328257,12.128906250423256 92.74578142147553,12.130628108600533 92.75057661561871,12.140135526333538 92.75451970122359,12.150800108937844 92.75568425672341,12.155371546359788 92.75763714353926,12.164230942304116 92.75738465797568,12.176108479222918 92.7563507559826,12.177469134593068 92.75238585462372,12.180258750640917 92.74913334852576,12.176867842477051 92.74837863476645,12.176968812960581 92.74586844437349,12.178042769858038 92.74330043836474,12.180524468829262 92.73992037782344,12.180554747203914 92.73632633709101,12.182135463081295 92.72991454591968,12.18087053334834 92.7242244481001,12.178345680408825 92.7209924456449,12.179973602599645 92.71781337278921,12.175352812182595 92.71385765081007,12.165762305186306 92.7122385500692,12.165226579043392 92.71211957965525,12.168331861626186 92.71339845697352,12.170513629500462 92.71255624277691,12.175493717061386 92.7070417402845,12.170413851518148 92.70504307707657,12.165564775394216 92.70486056776119,12.165300607637036 92.70393884180444,12.165227770645046 92.70356774285725,12.165705799882844 92.70321392977931,12.167763232887069 92.70485842197897,12.171253442392398 92.70570003992523,12.180353045456783 92.70917904387798,12.187574744479036 92.71219027086457,12.189499139873533 92.7117365601944,12.191983342557194 92.70704805892095,12.19760108002582 92.70870423331385,12.200433850042245 92.71034145359559,12.207728743986536 92.71025991476372,12.212312579462079 92.7097593548107,12.216095328536596 92.70732271637044,12.218248129247797 92.70539915554676,12.231130718807535 92.70190417783587,12.233628869077208 92.69917857643028,12.239317655685383 92.69472110289692,12.239032149713907 92.69336605030324,12.238642931226238 92.69192945977696,12.236095428861177 92.68916785761056,12.23475241639106 92.68833482279413,12.229191780476398 92.6861547231621,12.225731014774738 92.68502247310911,12.220041751525784 92.68685817736323,12.216988324751341 92.68691194063402,12.213626980900528 92.68501913572462,12.208820342884735 92.68480753873703,12.208437561744006 92.68364965890467,12.208712578023082 92.68323147325438,12.21354341499682 92.68072640899666,12.21401810685029 92.67902564981435,12.208920359187275 92.67918264896005,12.20451486107207 92.6773797276924,12.204239368152386 92.67773425573151,12.216471314399655 92.6763000484087,12.21818995480271 92.67431592903691,12.217853426694319 92.66950523867618,12.205856323110936 92.66516864301857,12.202530026739439 92.66090524228329,12.190974354483032 92.65778815789739,12.187065124755634 92.65851676433746,12.183092356127347 92.6542626616928,12.181790351843404 92.65576171912849,12.189269899986016 92.66324901582973,12.206912875428927 92.6654946805352,12.215872645606098 92.66534745701952,12.216722011212028 92.66408133478589,12.217809439054292 92.66190755379094,12.215275406734676 92.66028547269653,12.211721539617542 92.65159344688036,12.188254356753134 92.6459114555494,12.178961515461637 92.64577853665045,12.178520441165446 92.64106500184838,12.15572750611959 92.6372028588249,12.146337509268847 92.63769364314746,12.143478035682847 92.6353689433221,12.139458775702096 92.63329434405912,12.128906250423256 92.63315463078166,12.128906250423256 92.63205504410544,12.12483775615759 92.6317676306717,12.122945904529885 92.63187777963614,12.122506618086035 92.63540935525751,12.121775150003131 92.63553154434558,12.119868755438787 92.63541972623935,12.11949062379341 92.63334095502117,12.117932915271865 92.63156580931482,12.112743377405138 92.62729024884632,12.110303879120792 92.62346744576601,12.1027704480977 92.62340196501495,12.101175427154374 92.62300407907529,12.091483473483649 92.61961102512905,12.070805907566807 92.62032377742062,12.064871549382573 92.62421393432587,12.06287801231035 92.62536752259317,12.060973167277893 92.62402713254622,12.054874300608603 92.62075626858714,12.05259764166776 92.62240207199821,12.048747658377806 92.62448465814069,12.04906046416913 92.62696254218761,12.047658801512611 92.62768340096838,12.044113039984836 92.6269971130267,12.042839646732304 92.6224775314133,12.040976405237075 92.61988580218846,12.041142224933807 92.62007725256322,12.038901448043461 92.62207245787786,12.036057472474454 92.61982095207563,12.032928347965083 92.62281656233492,12.027820945180395 92.6204037667205,12.025689959324254 92.61691176936293,12.025524735877866 92.61704063411824,12.021432041755247 92.6129406689769,12.00625610363636 92.61338794230008,11.997104525153688 92.61680424192221,11.991099119628643 92.61375081514839,11.990048170087036 92.61297214075196,11.988501548407768 92.61208534266464,11.983849645045254 92.61208725012673,11.980979800477314 92.61316585562011,11.961987852757318 92.61219394209675,11.957717776354272 92.60937833744057,11.956088423342294 92.60948896394453,11.95312499981901 92.6084226368952,11.948187947515848 92.60842251818465,11.94773173313314 92.60923445220831,11.945149541218356 92.61157917993549,11.94276535483742 92.61168074576997,11.94049823320698 92.60914623770887,11.928427100130762 92.60626637919037,11.923970222847444 92.60610222773599,11.918097614813178 92.60914945638271,11.917829275100871 92.6116428375473,11.913473844942118 92.61015331742183,11.890709757449486 92.61169981949135,11.878826022403075 92.61105537430657,11.870937347480535 92.60588812793472,11.868915200276362 92.60370624045115,11.866215348259743 92.60462605984495,11.85804951217527 92.60250854493361,11.860349655112543 92.60039591783735,11.867143511563825 92.60170722021238,11.871469021278415 92.60152745203052,11.897174120289534 92.60055172448276,11.898123263877608 92.59903585871805,11.896278739072542 92.59785866774374,11.896305203422457 92.59540665179568,11.898786544463448 92.5939040186557,11.898940443646538 92.59217870258536,11.887390136745395 92.58950102335385,11.886217951397313 92.58670771109209,11.887459873774162 92.58500683319917,11.891013503470447 92.58574914890417,11.89518177481898 92.58496165305795,11.900764942348346 92.58257007604837,11.90491306798377 92.58348381512602,11.90856385234001 92.5806082490719,11.91701495607532 92.58090281481307,11.921241879409422 92.57923865354141,11.926534056901389 92.57305645928821,11.927067637261644 92.57008361806461,11.931222558174568 92.5654679537835,11.942893505530932 92.56262290442376,11.946237564412215 92.56230020519067,11.94625484938176 92.55856084840482,11.940327644405329 92.55843663224519,11.939904451329369 92.56019175094897,11.935287356226581 92.55566275163508,11.929063200506434 92.55501675601894,11.925488829745902 92.55060911212084,11.926029920344718 92.54265534876552,11.922896146340065 92.54145300375362,11.917861818867834 92.53468871161485,11.911685824541223 92.53521025185162,11.908595204505147 92.53784871074939,11.905038357034456 92.53626573127886,11.900493740993284 92.53016495714743,11.896319151008115 92.52694034532098,11.89623117482897 92.52626216386798,11.894949555477623 92.52672684177062,11.882446407875648 92.5248353480732,11.878070474073226 92.52495443809707,11.871290445597765 92.52094304538551,11.866788745204516 92.51833927603676,11.856493711116002 92.51627981686013,11.854525446792024 92.51371622112717,11.848331570345806 92.51371955851099,11.847220063155518 92.51398801783287,11.846732259186567 92.51811301740182,11.842630266973458 92.51902544526823,11.837778806746584 92.5178613664095,11.833604455081627 92.5221072438546,11.82568335510284 92.52492845038788,11.826212048547163 92.52753412719838,11.828498243898764 92.53083193304766,11.83325564852936 92.53238165379051,11.832931756795219 92.53663444522365,11.838539719532605 92.5412113667114,11.83610510816419 92.54217171675171,11.828778624634012 92.5439858435719,11.82990384108949 92.54646754254307,11.835027455952272 92.54674327378322,11.82937610182556 92.5414681438397,11.824157118356354 92.54079902215736,11.818902015415631 92.5469243522771,11.818445444002066 92.54911470418043,11.81550991565011 92.54927170242709,11.81508553007312 92.54977071284858,11.808224559016239 92.55102586784952,11.806590079868386 92.55138945565889,11.801029205633256 92.55381500725687,11.793428302074688 92.55232214884856,11.784476637486975 92.55238532981954,11.784154057863518 92.55432665315291,11.78143596669662 92.55452632872718,11.780896663949974 92.5552382473476,11.777343750113957 92.55612015761946,11.773190856273231 92.55915105367856,11.773354172257427 92.55933070225049,11.773099541810481 92.55881786385342,11.768994212213144 92.55456674066252,11.765869140948098 92.55273532887239,11.762907505277255 92.55346250539068,11.760165810503736 92.55216884591559,11.755588650695586 92.55323827292821,11.753746867024233 92.55296707157325,11.74462533039474 92.55406951899309,11.739838838991247 92.55241835112636,11.736745953563116 92.55216777302448,11.721101760937515 92.56210803985445,11.693612933090378 92.56522274013739,11.692018150917121 92.56940054879627,11.69697284701924 92.5728988647912,11.699361205355316 92.57445061170634,11.715652227268478 92.58123576631775,11.716739177571128 92.58559465437011,11.714067935686828 92.5878187416416,11.718050122015427 92.58886575664965,11.715589046297453 92.59482395676028,11.71081864826219 92.5930341485072,11.702649473894198 92.59628140886016,11.697973608994843 92.5961610076246,11.694853544255736 92.59960770613102,11.690718173704852 92.59820413601224,11.677612543284226 92.59548985976946,11.673094272882494 92.59207582463992,11.671057701451886 92.59154474709274,11.668777107977107 92.59254872774184,11.66670775445941 92.59443211584963,11.666114330512002 92.59976995012315,11.656129836822743 92.5990151167546,11.651347040733356 92.60252535326285,11.648799300047813 92.6058923007894,11.643275857395054 92.60808885082022,11.634047627895654 92.61028706999244,11.633803367531357 92.6126370425657,11.635163903291584 92.62115800383916,11.632217764738115 92.62566375747664,11.628280401519362 92.63134515255697,11.628318429352248 92.63269865471952,11.637863874018763 92.63076603412534,11.64664340027285 92.63183546023865,11.650640130437807 92.63513493522944,11.649901151217236 92.63809454472775,11.6454489234291 92.63504791233143,11.640433550068224 92.63444650150487,11.634666443301683 92.63914656626119,11.634952664234149 92.64199614550611,11.63893783091639 92.64266824754182,11.63900923708671 92.64352607756697,11.638275026971073 92.64434301811596,11.636229872410695 92.6446262595945,11.635432839254065 92.64523553858922,11.629752159134966 92.64433824991048,11.624587059445318 92.63662350207304,11.615525842144038 92.62991356855676,11.616633414800205 92.62949097173131,11.624546766220305 92.62808453996959,11.625825047288231 92.62456715115312,11.61755251923347 92.61638546002123,11.62146365642262 92.61554563082652,11.621579647382916 92.61038064984743,11.62159287910815 92.60926795015601,11.621023416697412 92.60843181627573,11.619757532783979 92.60834515130782,11.614928721982992 92.60811614974071,11.614117145889551 92.60569584388853,11.608828902032243 92.60710310932123,11.602546572766286 92.60794413101715,11.601562500408988 92.60810983200352,11.601562500408988 92.60888981851073,11.599802851820286 92.6088923213238,11.599445343427973 92.60762405420704,11.594711780724126 92.60768592396639,11.594398379581662 92.61089897141042,11.593091010841633 92.61496627317533,11.586964726540984 92.61811256394404,11.585072278662935 92.61882030970978,11.583770751918777 92.6192860605037,11.582190751901905 92.62032032042666,11.577915072722405 92.62032043913703,11.572446346621632 92.6182092428626,11.567192315672841 92.61795926101135,11.562597155934156 92.61833703562573,11.56211435759144 92.62111985639618,11.561727524106104 92.62821722054846,11.571116805096665 92.63155400751182,11.57170307673573 92.63326227693292,11.579047918126989 92.63645994686934,11.577733516688554 92.63936460059622,11.574599266043307 92.64703524118354,11.572420358912666 92.64731240234565,11.572073340212498 92.64540111996607,11.569335937903404 92.64539086859398,11.566888928481205 92.64233827549143,11.560280442088867 92.64339554277055,11.557206153740978 92.6493550540927,11.552857756280375 92.65100276496585,11.550068736483126 92.64904904357897,11.545274615231506 92.64417994045229,11.540934800900402 92.64646661244453,11.527887225315382 92.64610207045442,11.523617267622797 92.6467683313937,11.522145748327588 92.65436351256633,11.514817357335232 92.65858936300899,11.513642429954245 92.66717803513839,11.503936052506845 92.6722073551853,11.504083156412705 92.67416775224004,11.505606651126115 92.67562770805253,11.509134411823808 92.67879247629193,11.511369943867905 92.68146455274714,11.510680555963106 92.68433070200027,11.511559247561252 92.68772935872326,11.50811374155603 92.69167900128505,11.507778167628373 92.69365000764176,11.505393147575887 92.69753992532733,11.50686466687084 92.69867455948392,11.506609440173463 92.69961190216773,11.506008505987936 92.70043432678315,11.505187749614947 92.70013081998152,11.503281831691197 92.70315814033628,11.4989445210728 92.70533275590222,11.492320417952996 92.70914924124455,11.490324854708305 92.70904743708999,11.488070011521913 92.70696413508685,11.485071659229774 92.7082829477001,11.480883359979245 92.71145224582474,11.47708594835774 92.71289694283965,11.48352086559538 92.71258616412027,11.487348318170348 92.71411335504732,11.489295362990731 92.71452093139632,11.49219334105004 92.71652722355267,11.493516563938371 92.71637701968385,11.497607230988976 92.71799743163675,11.499507546136428 92.71786034078244,11.502092957623915 92.72305691224668,11.509902238597519 92.72378790368899,11.51319777995377 92.72776985169739,11.51632571196211 92.72557187084513,11.524418711954056 92.7239836456288,11.526489257972955 92.72387850319049,11.529650211288413 92.72883844413903,11.539731502606685 92.7319066521703,11.541994928922747 92.73079431040938,11.546022176682115 92.73350012313225,11.54779577285666 92.73282754445594,11.549390077490045 92.73448026185488,11.550671220200798 92.73461675645856,11.55116987269166 92.7344223257301,11.553414106575815 92.73099684672732,11.555518865503402 92.73054170613491,11.55623662432076 92.73036396502542,11.558805227479283 92.73062300664665,11.5597257618346 92.73277580735814,11.561658502038128 92.73440325290792,11.565254568943189 92.73730933655693,11.567230821045598 92.73933291458243,11.571071148314942 92.73934245099363,11.574101806053577 92.73768293831714,11.576205850020003 92.73818874401562,11.579769730188943 92.74205780012747,11.579085349709189 92.74382555520552,11.583662748737083 92.74458241474687,11.588876605171322 92.74137341964772,11.58987152605016 92.74108660246517,11.5900896790954 92.74082112349615,11.59150636222887 92.74073743798252,11.592782377904655 92.74277913554906,11.596066355777666 92.74541425706244,11.599021554101498 92.74826157091493,11.599904655975251 92.74893081220719,11.600794315705059 92.74901950334785,11.601562500408988 92.74925291519006,11.601562500408988 92.74866890894296,11.605348706477741 92.74888610870701,11.60598850216769 92.75292611155092,11.609793543637238 92.75262641877444,11.616495370664879 92.75462007545624,11.618090152838406 92.7519366738388,11.61964404553629 92.75236284726796,11.627717256846154 92.75042331178659,11.62830495840727 92.75219857710303,11.631351471193568 92.75219523881978,11.633998036580067 92.75205004237611,11.634402752185267 92.74815094441053,11.639972209549896 92.7463011738603,11.639999270150327 92.74815845464937,11.644389510367645 92.75292563401095,11.644330263031279 92.75621616884135,11.647180676846745 92.75776290923116,11.650703072189174 92.75689578021613,11.653033375689915 92.75816154451994,11.655968904941233 92.7543938159221,11.658214807067907 92.75590944246724,11.660612225174177 92.7563600540735,11.665819168519818 92.75215971469922,11.667659640080487 92.74969315491526,11.66686797137993 92.74842846350296,11.668085813509649 92.7475819586405,11.671301841306885 92.74930202986505,11.672490834984089 92.75095903882894,11.672107219272888 92.74933254745937,11.672936677485666 92.74962472909826,11.675156116161972 92.74851405647851,11.676385403064032 92.7434865233844,11.675660133108735 92.7385789157847,11.677691817623312 92.73458695382524,11.675997019147175 92.73397505240698,11.6730163097548 92.73156714460825,11.673305034399888 92.73063731216237,11.68010294409548 92.72607040372614,11.680537104403982 92.72403693225883,11.684610724805339 92.72203791112113,11.684592604365434 92.72158193595774,11.686406850795592 92.71709036822622,11.681717038310566 92.71701335927926,11.678459524787286 92.7153847221272,11.67733407001134 92.7176914211224,11.670460342970443 92.71629857991567,11.664533734244444 92.72909915490223,11.66116332972399 92.72974967950441,11.659101843475355 92.72838735589201,11.657218932907526 92.72285437592907,11.655546426826263 92.72038495540156,11.65324294560564 92.71068680315372,11.652345061575318 92.70990514750488,11.650473951911579 92.71224176874281,11.645108103756002 92.71036243477889,11.643515348654589 92.70725107187948,11.644364118909024 92.70627260229898,11.649335145800478 92.70240736021188,11.654202580684512 92.70093214470305,11.65478134118591 92.69511342044817,11.65301370661723 92.69595837577859,11.649733305347851 92.69986152608865,11.647681475119995 92.70018732528482,11.64145863061134 92.69788074500062,11.639314651350276 92.69521665542445,11.63916802408528 92.6930303576651,11.636328458791354 92.69504952451624,11.627981901243842 92.69493150738347,11.62290716183604 92.69216382490063,11.627670049633181 92.68967092037693,11.629573941384365 92.69053435317792,11.635658740858162 92.68967974182672,11.638857603295762 92.6877125503942,11.64054274575112 92.68647134297808,11.640044451190477 92.68621253967731,11.6339782478979 92.68485581884104,11.630912065139725 92.6844632629695,11.63410162948685 92.68174433723144,11.637539743964226 92.67995154862516,11.634701132851134 92.6808037758739,11.631523847847504 92.68054914452742,11.629846810981505 92.68019664266106,11.629278659782528 92.67747032629453,11.628552317835144 92.67603564233113,11.62544894181542 92.67544484170648,11.62491476520438 92.67403674170251,11.6246223452452 92.6736515764596,11.624982952701188 92.67307054966616,11.625997423941897 92.67318952097978,11.630413412648863 92.67282795934287,11.630990504908084 92.66894543138667,11.632689237918086 92.66808724433102,11.635499000578577 92.66847705817017,11.640690326297474 92.66548824318826,11.644598722353166 92.66625094382621,11.653939842849468 92.66651511158338,11.654180646219956 92.67646765685734,11.653116345343278 92.68394851711074,11.650829553740891 92.68653905383465,11.65540313694514 92.68415617956421,11.658491849519464 92.6855967046246,11.662187218665267 92.6918957235088,11.66392755521241 92.69325315930624,11.668072938815271 92.69883441937307,11.665689944935181 92.70332634413589,11.666685462064535 92.70816183060433,11.669815421144904 92.7079540494399,11.67182874689911 92.70187413688214,11.67297375203718 92.70096170901573,11.67671310882291 92.70398414155491,11.682595968229279 92.70203411548229,11.691860079779076 92.70267736906558,11.695644855925352 92.70583927656159,11.698663950181185 92.7072112561946,11.696725129661147 92.70697152571566,11.698634743798536 92.70466482672074,11.700861811423522 92.69547224005206,11.700333475909346 92.70532655687524,11.702665805582555 92.70213782799854,11.707243442930675 92.70897865334226,11.70295512647806 92.70825684038127,11.700109243446875 92.7116217617353,11.695410728222612 92.71330690419083,11.695782661740552 92.71430361292167,11.703225136231026 92.71820795573277,11.705898522998538 92.72247850877667,11.697555542054658 92.72682630998614,11.697493314365076 92.72789275664573,11.695052743189706 92.7300512788436,11.697764754040179 92.73179805273847,11.697880030039414 92.73690855458622,11.691725611347849 92.74030351599484,11.69016253926985 92.74447584148723,11.6909418108159 92.74519002460013,11.692306160600879 92.74220860024687,11.707753658004947 92.7430156473545,11.712281227396701 92.74433624781958,11.713387728061306 92.74621045564825,11.713995337914582 92.74728894243097,11.710171580654162 92.75363433395759,11.701636671795129 92.75566673253402,11.701921462805274 92.75776970360928,11.708051562030036 92.7577706577899,11.711333155800546 92.75499260432557,11.716995238839147 92.75660753221203,11.719393134485628 92.75616717377628,11.725234269845657 92.75893425910905,11.728965401432106 92.75872874243797,11.734801411556063 92.76171374339489,11.74065351504764 92.76111805405517,11.745127558589957 92.76590311553659,11.751597166276156 92.76545894127744,11.758172035111485 92.76379561457603,11.759837030954188 92.76561307878094,11.761837839944505 92.76485991455368,11.766983151851079 92.76857054249709,11.771998763532267 92.76883924013899,11.774504423140684 92.76748633422724,11.777343750113957 92.76730787725708,11.777583360983328 92.76746714089589,11.779755354126266 92.7710865739862,11.785933613845373 92.76978826501662,11.798961639068452 92.77424597776977,11.810789227640726 92.77561152005595,11.824136138072433 92.77780985793888,11.827394604877256 92.77606821018011,11.833137751006504 92.77852463730264,11.837101578575172 92.77804124360878,11.839982152054745 92.78097403082702,11.843009352799399 92.78095614870759,11.850163817606116 92.78469157185881,11.851085543563102 92.78591382516291,11.854397177387781 92.78376722347869,11.859018802376 92.78619444331892,11.86571550326795 92.78548634052234,11.86847007273576 92.78687572473527,11.87243556944587 92.78590214296955,11.874430179409202 92.78586900205286,11.880866647078093 92.78799104684973,11.883448958602614 92.78296041469153,11.887099623348945 92.78266465644899,11.88738775264278 92.77890205398697,11.891972541399696 92.77900314318052,11.892670750754561 92.78096854676144,11.896945118722314</coordinates>
                            </LinearRing>
                        </innerBoundaryIs>
                        <innerBoundaryIs>
                            <LinearRing>
                                <tessellate>1</tessellate>
                                <coordinates>93.01383089987635,11.831897974412058 93.01554226836114,11.828598737741615 93.01734352138672,11.830586433717073 93.02691805372521,11.82577693495756 93.03039693806832,11.826364159877983 93.03064954324188,11.82378804648107 93.03235840801418,11.821908354587023 93.04386436934558,11.814658045432552 93.0502566101546,11.81229352992267 93.05443084220994,11.812991976698456 93.05871963530294,11.814801454923312 93.06219041315697,11.817094922193107 93.06303274606475,11.818276643952046 93.06324493840347,11.818795323445613 93.06257355222775,11.822146057994289 93.06810915461418,11.828324556033522 93.07113122922314,11.832828402208904 93.07216095926108,11.835592151057085 93.07215535648461,11.83762395338276 93.07208895684008,11.838239669724942 93.06988596946232,11.842303634105505 93.06958186641023,11.84251677972577 93.06814074509967,11.841814160095566 93.06547093403671,11.842533469344346 93.06501114394919,11.842727303822244 93.06380105037843,11.84483957298795 93.05959534654815,11.844769120098917 93.0529717209682,11.844119668388018 93.0450637340044,11.842297077148316 93.04474771043877,11.842180847867894 93.04046094441739,11.837857961475834 93.03473842154088,11.836313724798558 93.03421247012975,11.836419463487559 93.02762377241939,11.840930342361546 93.02245914937052,11.842300534142552 93.01761877508673,11.845181942192937 93.01373994334406,11.849118470840708 93.01191914085601,11.848306775137516 93.01186680750752,11.84789216519141 93.0121854543955,11.838314056248805 93.01404464264633,11.835412859515998 93.01383089987635,11.831897974412058</coordinates>
                            </LinearRing>
                        </innerBoundaryIs>
                        <innerBoundaryIs>
                            <LinearRing>
                                <tessellate>1</tessellate>
                                <coordinates>93.07833480870468,11.77976572510812 93.08114171062144,11.779363751536081 93.08233344543245,11.779471159366537 93.08351397558991,11.78023362168436 93.08591854600442,11.784663319656602 93.08620572111718,11.788751721315066 93.08501732369066,11.789417624324074 93.08426094079007,11.789573669289382 93.08317434751828,11.789662241719213 93.08062863390458,11.788109660232635 93.08034324664348,11.78776097329039 93.07753455597518,11.78109490870321 93.07787835600149,11.780040621777275 93.07833480870468,11.77976572510812</coordinates>
                            </LinearRing>
                        </innerBoundaryIs>
                        <innerBoundaryIs>
                            <LinearRing>
                                <tessellate>1</tessellate>
                                <coordinates>92.72298026123022,11.687297820837955 92.72524416418688,11.687065959426647 92.72651314716424,11.687521219628536 92.72663021101565,11.688334464863871 92.72412955793291,11.68939673866879 92.72370767606836,11.689514755801483 92.72226154823213,11.688688635871856 92.72298026123022,11.687297820837955</coordinates>
                            </LinearRing>
                        </innerBoundaryIs>
                        <innerBoundaryIs>
                            <LinearRing>
                                <tessellate>1</tessellate>
                                <coordinates>92.69468402834568,11.659652709704787 92.69964265808235,11.659342765556218 92.7007482054656,11.65986824032693 92.70133245003288,11.662644624649815 92.70120394230835,11.663146615424012 92.69872844236411,11.664405464840456 92.69605767712031,11.66372764131755 92.69431817514405,11.662440657510373 92.69294214226639,11.661179899732815 92.69305944443809,11.660213946916244 92.69468402834568,11.659652709704787</coordinates>
                            </LinearRing>
                        </innerBoundaryIs>
                        <innerBoundaryIs>
                            <LinearRing>
                                <tessellate>1</tessellate>
                                <coordinates>92.76368403479088,11.678669333023322 92.7599737647777,11.676782250500366 92.76115965849178,11.669459104354345 92.76187825187995,11.669418454098377 92.76289415394243,11.669974446463684 92.76644825937976,11.677941561154327 92.76675975306037,11.678725957936692 92.76600730379411,11.68053817729519 92.7651503083404,11.68093323687934 92.76368403479088,11.678669333023322</coordinates>
                            </LinearRing>
                        </innerBoundaryIs>
                        <innerBoundaryIs>
                            <LinearRing>
                                <tessellate>1</tessellate>
                                <coordinates>92.6702947615943,11.485626101163732 92.66832721223116,11.489984869606005 92.66807150799391,11.490448712937834 92.66588997843994,11.491573452752718 92.6626924272139,11.490544438574943 92.65969002257683,11.491303801829005 92.64582800835606,11.50027894951397 92.64574575456314,11.510958075954363 92.64103865620919,11.510195732347185 92.64066350491694,11.510329126987756 92.63667285416912,11.516692638054735 92.63629627205538,11.517066955675375 92.63202714893387,11.514346838335825 92.62700390830392,11.503414511370522 92.62314510356399,11.500843525008847 92.62261140359365,11.50024902817016 92.62098872624878,11.497409344166044 92.61895716224379,11.492111205967475 92.61784756161623,11.48649346849885 92.61602342084453,11.484033942312749 92.61585617032623,11.483531117866946 92.6137384179938,11.474777817642291 92.61359131318866,11.473954916386262 92.61115694014089,11.458196044012297 92.61611092128229,11.449358224602562 92.62002575378571,11.444637417882632 92.62069964367393,11.441824436548458 92.62294745416207,11.441213369701288 92.62330925501848,11.440686940749742 92.6234146357771,11.44004106564266 92.622373342256,11.437363148090867 92.62237000487201,11.436801314629065 92.62331783814798,11.434569359188686 92.62153184391983,11.43337273566344 92.6218326095873,11.435207843667044 92.62021732287135,11.43530261512376 92.61980772035022,11.430329442449917 92.62279534373047,11.430732607623781 92.62299680715748,11.430423021405261 92.624335646773,11.425781249804743 92.62448787681447,11.425781249804743 92.62526726707088,11.420205712123959 92.62526714836034,11.419637441314876 92.62394917031813,11.414727449612244 92.62432920942555,11.408961654057109 92.62284636496784,11.404978633157427 92.62219834317952,11.404208540991306 92.61442446671597,11.400464058069971 92.61012554186041,11.401756048403001 92.59961414347814,11.400472044948955 92.58733963951298,11.400788068514487 92.59231674672051,11.384006738919936 92.59231591214987,11.379601955765722 92.58924114716157,11.374372124673798 92.5817656513639,11.37054503002922 92.58101391795824,11.36643147433324 92.58866202873006,11.354075551145797 92.59268224199198,11.349497556766835 92.59955120082739,11.346757769455493 92.60019564601262,11.346599102066932 92.6035912036713,11.346273541190897 92.60988342727862,11.346099853325654 92.61313974830122,11.348075270857166 92.61724841618181,11.348889350663043 92.61815035345646,11.348948836319707 92.62315905114932,11.347439527512265 92.62746357878135,11.349256754295709 92.62834274791979,11.349257827187088 92.63828301385033,11.346377372417976 92.64003634470171,11.349577307746515 92.64779603525929,11.355200647991524 92.65255463149137,11.357111811660886 92.66067755192765,11.355244636530742 92.66466987091772,11.352056145974359 92.66480374309859,11.356404542535586 92.66729021027513,11.360857247863848 92.67129707310173,11.362675428827956 92.67843782864307,11.362861871778179 92.68015003169901,11.363956808959642 92.68106031378252,11.366338848658913 92.6853652002442,11.366540670016136 92.69049263003095,11.369906306331117 92.69084775432074,11.37035501047535 92.69182825097315,11.37720620590163 92.69025826490727,11.38180351232215 92.69039785857447,11.38260316880114 92.69106483447459,11.384528160446166 92.69378054153921,11.387170910908978 92.68989312666648,11.387107729937952 92.68850874898001,11.390846848403385 92.68361461142544,11.390117049462276 92.67815434974344,11.392596840971393 92.67468786255503,11.399216651627214 92.67235195627782,11.399101734457645 92.67189514654413,11.396847009981727 92.67042255435754,11.39599704722599 92.66359555698958,11.395105600543204 92.66237127751268,11.399088859763012 92.66371977314898,11.401810646244357 92.6607829335858,11.403008103441309 92.66081881563585,11.406121134582804 92.65562510491495,11.407494902967457 92.64954876896067,11.40724444357636 92.6523729558476,11.409359454775242 92.67235207588774,11.415745973198156 92.67420625671369,11.417793869791169 92.67486309995232,11.420883774866525 92.67170417280963,11.425781249804743 92.67187499993165,11.425781249804743 92.67187499993165,11.425920724761667 92.67329144474482,11.427208661850372 92.67613124835853,11.426681041297172 92.6797416207792,11.428046941513216 92.68126893041708,11.425781249804743 92.68161892857105,11.425537109050467 92.68240761781752,11.425781249804743 92.68333852315462,11.426197767213225 92.68373954254608,11.427165865812015 92.68158495398288,11.42902004753715 92.68116116555532,11.431041955521835 92.6852202412214,11.433512568550313 92.68573832536347,11.43592512584398 92.68566632294247,11.436666011627196 92.68388402492823,11.440733433001569 92.68464183775077,11.442082643599221 92.68449556841605,11.442530155242423 92.68161642575765,11.446231842125925 92.67971670596151,11.452985406251557 92.6800441742993,11.455847978901318 92.67596685858385,11.462011576073436 92.67751085783985,11.471070170052371 92.67739665473223,11.471413850468764 92.674234032275,11.473886251349413 92.6706435681464,11.479498147721458 92.6702947615943,11.485626101163732</coordinates>
                            </LinearRing>
                        </innerBoundaryIs>
                        <innerBoundaryIs>
                            <LinearRing>
                                <tessellate>1</tessellate>
                                <coordinates>92.56120192972551,11.397839545858503 92.56084811664746,11.39792764164747 92.55706250682957,11.396017074228709 92.55569374587006,11.390862703450964 92.55589711675893,11.390643835444848 92.55709445434596,11.390392541482584 92.5574203731521,11.390701412740043 92.5630072350962,11.393724203209615 92.56344091876369,11.396353006086429 92.56305885348374,11.396869659407344 92.56120192972551,11.397839545858503</coordinates>
                            </LinearRing>
                        </innerBoundaryIs>
                        <innerBoundaryIs>
                            <LinearRing>
                                <tessellate>1</tessellate>
                                <coordinates>92.55083477540464,11.396305918483279 92.54937458037298,11.397583961230907 92.54562985913074,11.395550846794194 92.54551887469657,11.395219922361704 92.54745054200916,11.39308726826306 92.5483886005537,11.393023252721036 92.55081224468964,11.394475221654304 92.55095076546601,11.394873738232434 92.55083477540464,11.396305918483279</coordinates>
                            </LinearRing>
                        </innerBoundaryIs>
                        <innerBoundaryIs>
                            <LinearRing>
                                <tessellate>1</tessellate>
                                <coordinates>92.61631476881146,11.511175036498912 92.61598515469129,11.51140856705176 92.61309170741677,11.510414242423437 92.61269044880547,11.510132313056033 92.61041891600033,11.507614850744801 92.6095627542177,11.506307244583752 92.60931336861742,11.505434036151883 92.60989725615346,11.504128575773152 92.61081683632804,11.504033923027066 92.61142873774602,11.504541754898284 92.61575400824123,11.509864568694866 92.61631476881146,11.511175036498912</coordinates>
                            </LinearRing>
                        </innerBoundaryIs>
                        <innerBoundaryIs>
                            <LinearRing>
                                <tessellate>1</tessellate>
                                <coordinates>92.27331995944891,11.51616072683629 92.27256298029764,11.518092274538787 92.27024996266599,11.51676642922746 92.27029967269212,11.51615393155862 92.27331995944891,11.51616072683629</coordinates>
                            </LinearRing>
                        </innerBoundaryIs>
                        <innerBoundaryIs>
                            <LinearRing>
                                <tessellate>1</tessellate>
                                <coordinates>92.26210200780193,11.51796162103193 92.2663698197114,11.520407676273393 92.26727747937244,11.522282957892273 92.27017474157137,11.522713541596701 92.27170300449009,11.529371261374578 92.27470564834718,11.534438371833446 92.27397680268737,11.539808154522788 92.27200996918518,11.54628121830369 92.27031993891424,11.547915101201113 92.26881802073527,11.554609179670067 92.2695012096136,11.56515002275539 92.2682962421782,11.569064259907748 92.27069234817341,11.576360940804932 92.27101743240885,11.583902954957509 92.26295125469696,11.589810609571998 92.24103295800458,11.592075944249345 92.23536026476464,11.591309070756992 92.23239743749187,11.587881326362265 92.23042225828092,11.587394356964126 92.21868014307418,11.592507600845238 92.21771025662329,11.594952344875026 92.21557033060682,11.594396233799259 92.21687245360104,11.591718316247295 92.21561825278016,11.589259743342652 92.21289587004847,11.586804270400876 92.20827877494551,11.586181879290223 92.20737230778596,11.585180639774748 92.20780765969604,11.583532571870819 92.21200621121787,11.579459071079384 92.21491444154847,11.573604226453824 92.20909440518281,11.558933019343314 92.20811557767186,11.547659516573432 92.21092164501809,11.542283654467028 92.21246314056182,11.534780144787916 92.21514534967824,11.531360148951876 92.2145073409412,11.529483675731157 92.21475040880446,11.52912557108833 92.21573734280449,11.528772950511495 92.21772897241433,11.529463530017878 92.21820414090868,11.526520371817796 92.21934866940572,11.528891444284781 92.22163140776368,11.530077457608684 92.2350956203666,11.525182843413674 92.25036025052523,11.525740146990287 92.25435614611965,11.524175762801349 92.25472080682019,11.52388525030426 92.25948095348363,11.517883658803783 92.26053535911959,11.51763892179899 92.26210200780193,11.51796162103193</coordinates>
                            </LinearRing>
                        </innerBoundaryIs>
                        <innerBoundaryIs>
                            <LinearRing>
                                <tessellate>1</tessellate>
                                <coordinates>92.53191101518135,11.59340584280551 92.53213477100323,11.590606331517037 92.53516125678655,11.582708954754366 92.53516030350536,11.58192205425938 92.53216946145179,11.57187843284349 92.53514885873321,11.567208409040902 92.53515136244565,11.563336610895874 92.5318527220256,11.560665845652238 92.53048825263116,11.554089069355257 92.53854513135306,11.56190824466995 92.54246914413594,11.562355756313067 92.54833853259751,11.560350180016925 92.55347394926346,11.561792254609017 92.55904674491151,11.570365548331608 92.56500267963,11.57293021695601 92.56473684273138,11.575663208990022 92.56233644517093,11.580137252532253 92.5621870758732,11.583339571963663 92.56362795796426,11.58565616619903 92.56406640983735,11.585978746721864 92.56850814793293,11.587826609810179 92.56915307065802,11.588410258126885 92.56935334248274,11.589148163556885 92.56916880609586,11.589992045996098 92.56643104585655,11.592300415032113 92.55412817007957,11.59126114858303 92.55015516313071,11.593309640527465 92.54555880999155,11.591954470122857 92.54522872012953,11.594452023242283 92.54627084732189,11.597483158521058 92.54806125182566,11.599221348386607 92.54793667773603,11.599652647951302 92.54662191836692,11.601562500408988 92.5427026746888,11.601562500408988 92.54140651240098,11.602931380079141 92.53791046179836,11.605418801436471 92.53731596496019,11.605600476181053 92.53585863157096,11.60491275831724 92.53387105430588,11.601562500408988 92.53381204618941,11.601562500408988 92.53205180134992,11.595368147322176 92.53191101518135,11.59340584280551</coordinates>
                            </LinearRing>
                        </innerBoundaryIs>
                        <innerBoundaryIs>
                            <LinearRing>
                                <tessellate>1</tessellate>
                                <coordinates>92.60123491246125,11.585722207913534 92.60087835824984,11.585278869124565 92.600764155142,11.56740224351887 92.60393524201825,11.567911028671105 92.60584414029515,11.57058393969713 92.60614585834477,11.570502161645422 92.6067794559074,11.568733454185733 92.60992765413803,11.568083048294099 92.61152446248403,11.564381718441709 92.61173427072006,11.564178109232486 92.6133135557761,11.563078164625708 92.61478424050077,11.562805056708086 92.6151702403146,11.562942742913194 92.6170001025732,11.565704107658505 92.61849021894855,11.570666432709729 92.61918246759674,11.573304414966728 92.6190756560168,11.577526450485252 92.61721253413114,11.582409262877263 92.61132025702446,11.58777737642481 92.6100592609267,11.588550329334396 92.60123491246125,11.585722207913534</coordinates>
                            </LinearRing>
                        </innerBoundaryIs>
                        <innerBoundaryIs>
                            <LinearRing>
                                <tessellate>1</tessellate>
                                <coordinates>92.61003684982111,11.55918574322753 92.60746347935648,11.563124656877449 92.60608565772733,11.560497164312764 92.60784494838597,11.556553125426532 92.6098591087111,11.555456638713096 92.61001384246518,11.553755641209804 92.60743212719117,11.553795337285123 92.60622584854443,11.55490481830293 92.60484206710797,11.554047464918469 92.60273683064023,11.555217862414551 92.60176944700268,11.553115844620592 92.60580742367384,11.548982859071586 92.60594463323841,11.548650741238802 92.60557842210707,11.543696164746336 92.6064343455686,11.538922071396712 92.60690867859282,11.537168145193775 92.61042642623855,11.532032132277209 92.61075520488899,11.531806349383587 92.6182050709073,11.536116004050413 92.61902141610577,11.541950225422738 92.62036323517546,11.557566642486492 92.61847734425427,11.559664368715744 92.61704516400326,11.559263468034658 92.61657774406805,11.556697248978992 92.61472642398556,11.55714941011722 92.61434400077522,11.559905529117088 92.61277866330502,11.56079745333983 92.61030375961084,11.558603763153258 92.61003684982111,11.55918574322753</coordinates>
                            </LinearRing>
                        </innerBoundaryIs>
                        <innerBoundaryIs>
                            <LinearRing>
                                <tessellate>1</tessellate>
                                <coordinates>92.62734746911073,11.542482375861027 92.62790834929118,11.542231202408232 92.62909960746126,11.542279959153007 92.62946343448985,11.54281115541066 92.62970077996707,11.547921657258584 92.62789142135242,11.549131750829801 92.62668406981427,11.54383075278706 92.62734746911073,11.542482375861027</coordinates>
                            </LinearRing>
                        </innerBoundaryIs>
                        <innerBoundaryIs>
                            <LinearRing>
                                <tessellate>1</tessellate>
                                <coordinates>92.60476207690843,11.534401058961635 92.60254800358749,11.538031459284397 92.60072982352293,11.530265450090539 92.60178315626811,11.524132966763077 92.60643684838212,11.522089243024126 92.6069711446028,11.527762174584893 92.60643136521574,11.534196018931254 92.60598886009822,11.534379601137672 92.60476207690843,11.534401058961635</coordinates>
                            </LinearRing>
                        </innerBoundaryIs>
                        <innerBoundaryIs>
                            <LinearRing>
                                <tessellate>1</tessellate>
                                <coordinates>92.56167864775162,11.53217637543952 92.5605330463633,11.533991575151035 92.56036591545481,11.537945866308846 92.55987155452866,11.53969204395274 92.55841577067164,11.541388631180425 92.5553119180108,11.537951469085044 92.55319285356765,11.538442134696822 92.55221903348169,11.537995219304037 92.55193281165012,11.537550806724411 92.55265665078409,11.531806707313805 92.55281901348692,11.531390309515075 92.5577585695024,11.523314952423263 92.56010055519678,11.521322249921852 92.56148791323679,11.517221212788854 92.56669437904273,11.516976952424557 92.56909215417963,11.527137636792574 92.56894683812644,11.527585148435875 92.56207871476093,11.531648874495886 92.56167864775162,11.53217637543952</coordinates>
                            </LinearRing>
                        </innerBoundaryIs>
                        <innerBoundaryIs>
                            <LinearRing>
                                <tessellate>1</tessellate>
                                <coordinates>92.58324563507833,11.5403120518598 92.5836594104538,11.534436464371254 92.58457815605757,11.53474664684039 92.58624374905017,11.540919542103154 92.58789205527412,11.53861987580666 92.58764731916861,11.53376996511183 92.58796072031114,11.533548474682448 92.59272944920488,11.53591692472628 92.59547030940749,11.532775520873585 92.59637141211115,11.536254524826504 92.59736537970863,11.542176246636572 92.59754705445303,11.542652249701803 92.59750604626711,11.561003446651839 92.59638535969682,11.564361453118508 92.59339034568794,11.567149877564702 92.59465622870235,11.571059941862814 92.59234488021238,11.577328204832824 92.58926355826699,11.574090242570605 92.58792853357531,11.57042253027548 92.58792960646642,11.564878106439608 92.58924746489893,11.56140315573127 92.58767664426207,11.555296778823504 92.58438301126719,11.55049085576853 92.58640778089463,11.543066978358283 92.58610987686953,11.541714072446538 92.58462405205844,11.541792869245498 92.58324563507833,11.5403120518598</coordinates>
                            </LinearRing>
                        </innerBoundaryIs>
                        <innerBoundaryIs>
                            <LinearRing>
                                <tessellate>1</tessellate>
                                <coordinates>92.57676827883327,11.570217370635362 92.57663845989723,11.57079172176077 92.57338655004978,11.566137552106397 92.57304120049096,11.565152763889103 92.57296276072319,11.564064502374876 92.57316851571457,11.563261628121836 92.57386946710253,11.56256020099265 92.57432365441312,11.562591433547865 92.57545423532477,11.56433427290851 92.57676827883327,11.570217370635362</coordinates>
                            </LinearRing>
                        </innerBoundaryIs>
                        <innerBoundaryIs>
                            <LinearRing>
                                <tessellate>1</tessellate>
                                <coordinates>92.56749212716025,11.570574164066599 92.56715381119957,11.571113348102514 92.5654131176216,11.570618748856063 92.56558585130611,11.567910671640263 92.56702876046884,11.568902850486268 92.56749212716025,11.570574164066599</coordinates>
                            </LinearRing>
                        </innerBoundaryIs>
                        <innerBoundaryIs>
                            <LinearRing>
                                <tessellate>1</tessellate>
                                <coordinates>92.57770395237591,11.585319041840464 92.57726681261366,11.585413813296839 92.57657194154186,11.584650874338521 92.57814931913609,11.581925749573657 92.57854545161163,11.582320452127135 92.57954490147634,11.583892345655372 92.57770395237591,11.585319041840464</coordinates>
                            </LinearRing>
                        </innerBoundaryIs>
                        <innerBoundaryIs>
                            <LinearRing>
                                <tessellate>1</tessellate>
                                <coordinates>92.64377450898658,11.513258815142237 92.64485931440586,11.513155222235625 92.64530312983587,11.513355851091816 92.64594364138614,11.514319301094972 92.64553225011346,11.51519727683295 92.64505112181209,11.515448212864825 92.64377450898658,11.513258815142237</coordinates>
                            </LinearRing>
                        </innerBoundaryIs>
                        <innerBoundaryIs>
                            <LinearRing>
                                <tessellate>1</tessellate>
                                <coordinates>92.6705868245223,11.4870767597847 92.67326927195964,11.487069844897462 92.6732460262833,11.487459421315336 92.67206490077481,11.488905549151923 92.67168402709652,11.489159464637723 92.67028152986902,11.488637566470459 92.6705868245223,11.4870767597847</coordinates>
                            </LinearRing>
                        </innerBoundaryIs>
                        <innerBoundaryIs>
                            <LinearRing>
                                <tessellate>1</tessellate>
                                <coordinates>92.5516885521852,11.724958061964912 92.5514092443415,11.725303173202803 92.54945337807138,11.72426807870896 92.55001234989018,11.721853017702756 92.55071067795578,11.721231937803779 92.55119955571521,11.721369743618808 92.55057096467849,11.723647117520613 92.5516885521852,11.724958061964912</coordinates>
                            </LinearRing>
                        </innerBoundaryIs>
                        <innerBoundaryIs>
                            <LinearRing>
                                <tessellate>1</tessellate>
                                <coordinates>92.56799125629144,11.943986535250474 92.56880712484949,11.943736910430104 92.56951737432738,11.945458650796112 92.56950545291446,11.94626760446647 92.56823885404023,11.949658751849995 92.5657379626372,11.949721455281065 92.56492817439576,11.950155019338794 92.56419312970931,11.949645399615392 92.56306791325383,11.947246670297645 92.56799125629144,11.943986535250474</coordinates>
                            </LinearRing>
                        </innerBoundaryIs>
                        <innerBoundaryIs>
                            <LinearRing>
                                <tessellate>1</tessellate>
                                <coordinates>92.59699940689742,11.952013850558671 92.596433639801,11.941982745907126 92.59754371616978,11.941276550572567 92.597594976627,11.938225031260217 92.59609627712169,11.937560319852878 92.59649705909206,11.93059062975378 92.59679210147439,11.929645776831123 92.5988366606837,11.927802324018145 92.59946644332192,11.92817497249689 92.60179054779579,11.93094313162014 92.60181462804283,11.93403315540587 92.60331428082932,11.936404347482878 92.60621011220704,11.93638384383938 92.60746812795176,11.937651276385324 92.60895514526416,11.939971447224423 92.60923063728447,11.942239523035752 92.60683131261513,11.94479870759443 92.60705971703229,11.950655579291478 92.60575175294119,11.951858640164275 92.60578227053534,11.95312499981901 92.60560762848937,11.953329801529094 92.60266613943108,11.963318825103613 92.60343253628284,11.965459466081597 92.60331344625874,11.965809702555646 92.60266494782948,11.967122435752003 92.59643244729997,11.975702643462384 92.59590482674676,11.97612535989748 92.59312677418163,11.976556062312554 92.5901199583698,11.975580811405322 92.5894813533819,11.972579836690272 92.58972465956529,11.971902847738178 92.59531223737,11.9666516784323 92.59542202930359,11.966319441888956 92.59665834890396,11.95312499981901 92.5963732008627,11.95312499981901 92.59699940689742,11.952013850558671</coordinates>
                            </LinearRing>
                        </innerBoundaryIs>
                        <innerBoundaryIs>
                            <LinearRing>
                                <tessellate>1</tessellate>
                                <coordinates>92.58300054104248,11.97587394722494 92.58477807085163,11.977081775403562 92.5848909618488,11.977821231264727 92.58466517895491,11.981442212987815 92.58405601956966,11.982383012665977 92.58353972417913,11.98248481772032 92.58186221157209,11.980931162443355 92.58129191369099,11.979169130650789 92.58130156971177,11.97627246380334 92.58192455797237,11.975914955411028 92.58300054104248,11.97587394722494</coordinates>
                            </LinearRing>
                        </innerBoundaryIs>
                        <innerBoundaryIs>
                            <LinearRing>
                                <tessellate>1</tessellate>
                                <coordinates>92.59605574647574,11.906005621062533 92.59696722016125,11.905598163424585 92.59890270239802,11.906447529929721 92.5990705491669,11.906679153020477 92.5997982023255,11.908082962358932 92.59998321535332,11.909005046245952 92.5991895195809,11.910210848252106 92.59929072838494,11.910614847996882 92.60156774525544,11.913926005181224 92.60200381302562,11.917573452153235 92.60160768055036,11.918530463909747 92.6007968185186,11.918827652973775 92.60012733980525,11.917633771481349 92.5971024035533,11.917459606975513 92.59554994077726,11.914751053118664 92.59605574647574,11.906005621062533</coordinates>
                            </LinearRing>
                        </innerBoundaryIs>
                        <innerBoundaryIs>
                            <LinearRing>
                                <tessellate>1</tessellate>
                                <coordinates>92.63041973128591,12.11621654026122 92.63037765020889,12.116547107662939 92.62871944874385,12.115079879932509 92.6280057431708,12.112434864077898 92.62821567101676,12.112186908399337 92.6288454536548,12.112455606041337 92.63018882315575,12.113054752375035 92.6303148271679,12.11332345001722 92.63041973128591,12.11621654026122</coordinates>
                            </LinearRing>
                        </innerBoundaryIs>
                        <innerBoundaryIs>
                            <LinearRing>
                                <tessellate>1</tessellate>
                                <coordinates>92.63164365283242,12.119793772664579 92.63153862910465,12.120455145788398 92.63055205303502,12.119917750503859 92.63032114490525,12.119463205262775 92.63019514089322,12.117995977532345 92.63061511529568,12.11791324619945 92.63164365283242,12.119793772664579</coordinates>
                            </LinearRing>
                        </innerBoundaryIs>
                        <innerBoundaryIs>
                            <LinearRing>
                                <tessellate>1</tessellate>
                                <coordinates>92.68131744884155,12.215236067690554 92.68268275280698,12.214977144779539 92.68345546739593,12.22278606872213 92.68229150814685,12.224481343839031 92.68023645834595,12.218897104317932 92.68030202431922,12.218539357605323 92.68131744884155,12.215236067690554</coordinates>
                            </LinearRing>
                        </innerBoundaryIs>
                        <innerBoundaryIs>
                            <LinearRing>
                                <tessellate>1</tessellate>
                                <coordinates>92.70997893777772,12.231489300990503 92.7109837529978,12.23048591569254 92.7113672490996,12.230705141629059 92.71230781045713,12.234287619777945 92.71236896525559,12.246495246558425 92.71524405466985,12.254642963102185 92.71910774722508,12.258828521219343 92.71537113157265,12.259588718144926 92.71900892252424,12.262546658501492 92.71666145366314,12.266077637872783 92.72083544739834,12.279191255172393 92.72012126428515,12.282704233713616 92.72201061220008,12.285076379970903 92.72367501269198,12.291207910017178 92.72279870519637,12.295226455036854 92.72035872937195,12.294824958105423 92.71822690984456,12.296574711453772 92.71465361107542,12.295552611264043 92.70889544446939,12.296816468105703 92.70663893214103,12.29848551719283 92.70607161551268,12.298569679347224 92.7046730519202,12.298092365070588 92.70436644515533,12.297591448086791 92.70431804634077,12.293701171571897 92.70242154611768,12.289613842804727 92.70423912993206,12.283748149657526 92.70213747006815,12.275094628314648 92.70353114584603,12.270939112050584 92.70209741606342,12.269254922876414 92.7019292113641,12.26570296322113 92.70186746121456,12.263543725162819 92.70429241656186,12.2537871601495 92.70484685939525,12.24402666060206 92.70748782200556,12.240931749001106 92.70997893777772,12.231489300990503</coordinates>
                            </LinearRing>
                        </innerBoundaryIs>
                        <innerBoundaryIs>
                            <LinearRing>
                                <tessellate>1</tessellate>
                                <coordinates>92.69754183278943,12.250636816136193 92.69700920571037,12.25080060966063 92.69598245602563,12.24803185428668 92.69589972469274,12.246747970442641 92.69712102381644,12.245193243173674 92.69764137245173,12.244829416144725 92.69823884964345,12.244684100091135 92.69898271577986,12.244928121235759 92.69955694639626,12.245724439431498 92.69946682443472,12.24817824323138 92.69916570173612,12.248957753097898 92.69754183278943,12.250636816136193</coordinates>
                            </LinearRing>
                        </innerBoundaryIs>
                        <innerBoundaryIs>
                            <LinearRing>
                                <tessellate>1</tessellate>
                                <coordinates>92.77709853646834,12.29619491066677 92.77499771117542,12.294488549607024 92.77499091589843,12.292830466852465 92.77859365937033,12.291009307333638 92.78190732026698,12.285568475504917 92.78183495991581,12.285224914698006 92.77815484956685,12.279134631158385 92.77492105925964,12.279694437548343 92.77223420154726,12.273349761882159 92.7669334409259,12.268208264899599 92.76478767381221,12.263816833080341 92.75708091285392,12.268520354830557 92.75247240088063,12.274345279011513 92.75040531185604,12.273626446403497 92.74999332433268,12.268621563634213 92.74805164306909,12.265092730944772 92.74866127999454,12.261888742371568 92.7437888385841,12.25156557569079 92.74241602438022,12.245294451977585 92.74237894982869,12.244752049267547 92.74269425843343,12.244464755444241 92.745892762941,12.245011925459934 92.74767017403965,12.243461847686248 92.74879312510299,12.241179824289588 92.74790084384895,12.235562801781938 92.75166237342015,12.23267126106991 92.76102995916565,12.236062526264718 92.75958025472525,12.233346223849182 92.76293253880604,12.232572913009733 92.76587510075555,12.237061858318086 92.76901662331889,12.237998604752022 92.76990687840018,12.236472844646116 92.76949250677401,12.233089446720555 92.7704765800303,12.231157064447075 92.77047336135664,12.230885266841582 92.76842153112878,12.228003978400864 92.76424551032201,12.211209774111751 92.76498806434793,12.207878351604734 92.7696442601746,12.20054995971293 92.76690924196848,12.192903041442321 92.76792025531572,12.189519166876082 92.76738011799844,12.184889912939283 92.76505553688358,12.18181741244365 92.76504874250546,12.175358533669439 92.76148712593036,12.167428016889446 92.75767266765988,12.151868223839529 92.75442361855536,12.146727562327143 92.75422811493567,12.139619827193258 92.75136744974836,12.13494455854459 92.7497209313764,12.128906250423256 92.74977195261377,12.128906250423256 92.7497426275203,12.128519058108154 92.74719095230083,12.123691916448877 92.74689042585274,12.118503451473089 92.74514126785519,12.112734555955 92.74057197531673,12.102494240217126 92.74019388351351,12.101175427154374 92.73953735836281,12.098885417328162 92.73929345592856,12.09490585342256 92.73956131900005,12.083458900208086 92.73971497986301,12.082790016845706 92.74200010322252,12.077401041724713 92.74218451999982,12.077109575047075 92.74401080565437,12.075641274425365 92.7473459243752,12.074578762300064 92.75641930140986,12.074204444679424 92.76385760304603,12.06350445756486 92.76440536931241,12.063389659105596 92.76570451285332,12.06406891344966 92.76761174198859,12.068128466655423 92.77232825714347,12.069065332699097 92.77274191380874,12.069435357855568 92.77421200318182,12.072633147401973 92.77902734303748,12.07516181436624 92.7820897099721,12.079888463082042 92.78644442517029,12.079720616313466 92.7895541189279,12.082019567648999 92.79273664967704,12.08092677624984 92.79147100408377,12.086959958235397 92.7939349414444,12.08998835058189 92.79464757412651,12.095631242088132 92.79089486600563,12.09758234015294 92.78809760297773,12.101175427154288 92.78790605102355,12.10142147582053 92.78845226775823,12.10266923929396 92.79920577982287,12.108752847166272 92.80891382731161,12.105067730291509 92.81249999987531,12.106863856282018 92.81295132644308,12.110372901188498 92.81249999987531,12.111607075006575 92.81142234766358,12.112894057914545 92.81185615094071,12.116681933124752 92.81159102900315,12.117662549387248 92.81074011296587,12.119261025975675 92.80794942402716,12.123685479101596 92.80351841484352,12.1253873111757 92.80252051361086,12.128906250423256 92.80251240712212,12.128906250423256 92.80230033439332,12.13049697845291 92.80530071285776,12.133473157959926 92.81027531635286,12.129622459708912 92.81070995330177,12.129502177183724 92.81249999987531,12.129743337584884 92.81249999987531,12.130301356122843 92.81508111979801,12.1324286457655 92.815199851892,12.132696032196279 92.81536364541628,12.13744616490861 92.81928467784579,12.146720767049828 92.81956231564848,12.147238969902546 92.82148277740842,12.150025368176259 92.82597517971092,12.153272509818407 92.82555055581363,12.154415845814853 92.8200031516242,12.155531167929084 92.8185657265274,12.158406734882874 92.81846225233139,12.158871054855396 92.8230769633316,12.165816068456763 92.8234440090342,12.166088462312757 92.82571995301365,12.166782259593717 92.82812595335011,12.164684057623333 92.83180141420436,12.166915535523742 92.83639204495702,12.167396068473806 92.8384368415872,12.165316343074878 92.83946645291476,12.16125965151177 92.84571313845063,12.160540103942864 92.84756207443016,12.156635761131668 92.85062444226449,12.157619953098262 92.8484071493709,12.161777973074948 92.85048234488468,12.167059659975322 92.85531485099986,12.171154737301364 92.85070014000004,12.176449537216499 92.85295844107961,12.181270003208283 92.85227346434888,12.183652162517305 92.85515511071983,12.185666203232927 92.85521876833164,12.18862724265334 92.85345637770993,12.191375374773699 92.84962224946722,12.189320922122931 92.84676873658807,12.189947009446882 92.84810924534557,12.194432735182716 92.84644496446359,12.197147845996312 92.84875261763924,12.19984471765973 92.85112810128103,12.202219844270573 92.85443115197657,12.203765153838887 92.8560159201987,12.202028632215772 92.86270785288556,12.200151204814404 92.86299383639684,12.197043657738732 92.86944460868185,12.196624756227479 92.87544822725422,12.193143606492342 92.8793807026573,12.19394731531645 92.88067173970941,12.195153951893516 92.88172102010904,12.197511911345828 92.88183724849054,12.19830000434176 92.88125014318004,12.2002787592575 92.87391054663456,12.205607056220785 92.87382400037748,12.215165257770408 92.87221980050347,12.22611725290902 92.86876833469094,12.228844046815425 92.86667191967351,12.233316540825683 92.86266076528241,12.23642385048042 92.85886681065497,12.245643853880821 92.8651021719277,12.251348853466808 92.87326860426296,12.250308513227253 92.8782751561736,12.25115382648788 92.88443911037658,12.257371425251279 92.887868642624,12.25879752608489 92.88648104626353,12.262693524087055 92.88940334289035,12.26556503779635 92.88926887535857,12.266142606695993 92.88709390186224,12.267506479840279 92.88663601833761,12.267315625715511 92.88426017766508,12.263450622848154 92.88302791130937,12.263291716239664 92.88209915175477,12.273854255469416 92.8796180490339,12.277936935641137 92.88278436680534,12.28159534894614 92.88523697810402,12.282204627941312 92.88692080934814,12.285740852158582 92.88680815667126,12.286244154144526 92.88181483738495,12.28996574842057 92.8807567355349,12.289675354633957 92.88021028048033,12.287562966757605 92.87875533119362,12.288317203875962 92.87489116199751,12.28743386278262 92.87217140168892,12.291524052293184 92.86945724505622,12.290392160170128 92.86918842780378,12.292302012628 92.87230193648523,12.295125603264054 92.87185835847677,12.298418044656998 92.87353205705907,12.300367951120222 92.87279164791644,12.301225662434376 92.86588430421736,12.301317810568477 92.86671817270579,12.304687500128125 92.8667621612449,12.304687500128125 92.86638677163236,12.305416345787691 92.86604940895339,12.305463552101216 92.86476314100659,12.304687500128125 92.8641500470874,12.304687500128125 92.86414432560056,12.304272532251716 92.86298084299173,12.303358554853332 92.85872805155859,12.304687500128125 92.85654032207825,12.304950118353347 92.85612225513799,12.304838418957829 92.85003936312629,12.30224204023807 92.8481345180937,12.303953647942706 92.84760463214846,12.304097175244578 92.8456112146861,12.30437123734275 92.84102845210148,12.303820610332977 92.83790445282844,12.30326235257563 92.83548963104172,12.300247311564192 92.82978045950088,12.300238609724147 92.82477045059605,12.304687500128125 92.8244948389657,12.304687500128125 92.81987035233513,12.308374166534506 92.81249999987531,12.311941862527007 92.80954694733416,12.312723755596764 92.80886173228348,12.312715650007405 92.80268466506547,12.310798168600684 92.8010764119471,12.307338118759205 92.79961633652502,12.30570924238782 92.79822027664468,12.304687500128125 92.79766130482554,12.304687500128125 92.79775154549773,12.30456662135252 92.79637181730575,12.304005742071453 92.79536914786789,12.303936243363069 92.79183948060788,12.304546832670098 92.79195404074679,12.304687500128125 92.79165184515674,12.304687500128125 92.79038608085338,12.307383418509914 92.79012203180642,12.3076349498931 92.78530120878386,12.310740709116587 92.77662682496836,12.310047865116985 92.7715835573355,12.31276285632093 92.77139222657033,12.312536358466332 92.76966655256948,12.309236764764862 92.7696613077234,12.304687500128125 92.76744937928575,12.297870516711086 92.77070224241473,12.297428249913764 92.77308642879595,12.30104231854817 92.77498364487965,12.30099654215661 92.77709853646834,12.29619491066677</coordinates>
                            </LinearRing>
                        </innerBoundaryIs>
                        <innerBoundaryIs>
                            <LinearRing>
                                <tessellate>1</tessellate>
                                <coordinates>92.76514792423777,12.297085047037342 92.76510310202687,12.298949480134581 92.76374435411881,12.29774212859654 92.76371383652432,12.297084450786826 92.76471865174469,12.296735525524184 92.76514792423777,12.297085047037342</coordinates>
                            </LinearRing>
                        </innerBoundaryIs>
                        <innerBoundaryIs>
                            <LinearRing>
                                <tessellate>1</tessellate>
                                <coordinates>92.87711036235353,12.29415404767137 92.87853944264131,12.29398632051236 92.88070654886835,12.295629143570224 92.88022112810305,12.29770743814781 92.87968432906851,12.298120021921704 92.87715256214139,12.296008348106795 92.87674307833052,12.295249700713086 92.87711036235353,12.29415404767137</coordinates>
                            </LinearRing>
                        </innerBoundaryIs>
                        <innerBoundaryIs>
                            <LinearRing>
                                <tessellate>1</tessellate>
                                <coordinates>92.89958333929965,12.259860157820114 92.9008789062365,12.258674740746812 92.90109455556964,12.262248754476488 92.90078997587696,12.262472152368048 92.90013825877375,12.262314677480433 92.8995995522778,12.260485052643205 92.89958333929965,12.259860157820114</coordinates>
                            </LinearRing>
                        </innerBoundaryIs>
                        <innerBoundaryIs>
                            <LinearRing>
                                <tessellate>1</tessellate>
                                <coordinates>92.8872733112145,12.251191139359605 92.8853354457743,12.248070120439863 92.88576352576646,12.244374752193082 92.88449811939282,12.239154100481343 92.88114953062646,12.241058707193687 92.88099825386664,12.238905549451545 92.88007616997979,12.2394311429329 92.87947034797824,12.245987653907136 92.87828695797705,12.247999548840184 92.87480664281273,12.248814940757015 92.87392806992474,12.248585104618982 92.8729418517855,12.24776363328509 92.87065506018305,12.244283557340339 92.87048733212467,12.243862628757412 92.86976540045308,12.236957550450768 92.87102866194343,12.23314714452522 92.87439346278845,12.22836864000071 92.87478125135365,12.220669150061312 92.87917363645445,12.208429216934974 92.8817675114615,12.214419842102018 92.8806841377631,12.217169046214565 92.88422882549995,12.22137236594186 92.88434553142147,12.221684575482755 92.88402664621313,12.22245490506998 92.88238644557808,12.224184751924895 92.88447284664474,12.224201440644094 92.88499975223706,12.227483153124979 92.88949465735291,12.231096744219414 92.89049994921325,12.233180880793142 92.89178025735319,12.233879804209707 92.89264416679512,12.233932972129011 92.89482200103484,12.232950568014417 92.89511883216838,12.231619954497361 92.90030336350978,12.22811996936116 92.90093922646443,12.22802293341158 92.90684080166184,12.229762912028761 92.90879237636742,12.231409907041495 92.91121697468375,12.228869438273875 92.91145622762323,12.223013401147625 92.91334414471649,12.222729444708023 92.9142979386992,12.231341242904008 92.91402983640828,12.232528567439587 92.91071176523579,12.239245771974765 92.9097590450439,12.240687251215888 92.90863573515159,12.24518024886946 92.90584135089765,12.247545241919568 92.90580093896224,12.251042961663359 92.90081870561912,12.256417274237705 92.89322471604825,12.255014062049312 92.89254665330557,12.253129005699009 92.8872733112145,12.251191139359605</coordinates>
                            </LinearRing>
                        </innerBoundaryIs>
                        <innerBoundaryIs>
                            <LinearRing>
                                <tessellate>1</tessellate>
                                <coordinates>92.93379390246704,12.225201845588671 92.92722857004284,12.221471547673843 92.92735254788195,12.218547821125242 92.92509853836683,12.211778044920834 92.92514002319368,12.208457112106132 92.92656004461074,12.206204414701958 92.93232035609972,12.202863335274614 92.93303394296211,12.1958297492435 92.9345946309376,12.197353005636785 92.93598937960624,12.202200412619092 92.93447697173539,12.210209846707059 92.9354368451342,12.21278655545511 92.93713092775059,12.211544156437753 92.93853032591383,12.211962938339 92.94158041440502,12.216732621413371 92.9416927100506,12.217418313104801 92.94146704676714,12.21980702847155 92.94018745448764,12.222190976532374 92.93870234463762,12.224345803416327 92.93830835794475,12.224694728678784 92.93705475337438,12.22380352031621 92.93644535566867,12.223874807776326 92.93379390246704,12.225201845588671</coordinates>
                            </LinearRing>
                        </innerBoundaryIs>
                        <innerBoundaryIs>
                            <LinearRing>
                                <tessellate>1</tessellate>
                                <coordinates>93.01953995270665,12.224953055339299 93.01931893801876,12.222707748563764 93.019808650349,12.222638845206617 93.02177894084573,12.223644256677218 93.02198874908166,12.224195361227132 93.02170884588682,12.224953055339299 93.01988971254033,12.225159644901908 93.01953995270665,12.224953055339299</coordinates>
                            </LinearRing>
                        </innerBoundaryIs>
                        <innerBoundaryIs>
                            <LinearRing>
                                <tessellate>1</tessellate>
                                <coordinates>92.8687359096347,12.248118758474163 92.86823701882363,12.249125123226051 92.86566674742286,12.250609159285432 92.86247134197905,12.248160600331346 92.86161184281238,12.245648145445614 92.86143255217067,12.24291253098852 92.86151146857972,12.24263083904195 92.8633226159462,12.238142132952987 92.86514413339532,12.236048221648204 92.86539995634305,12.235910415833175 92.86658835376991,12.236033320781175 92.8674879078408,12.236543655465368 92.86751902078649,12.242110133375988 92.86892294883526,12.246814846727943 92.8687359096347,12.248118758474163</coordinates>
                            </LinearRing>
                        </innerBoundaryIs>
                        <innerBoundaryIs>
                            <LinearRing>
                                <tessellate>1</tessellate>
                                <coordinates>92.87999987599372,12.248888850639943 92.87944436116865,12.24805545789313 92.88111114486381,12.245277643648365 92.8819444180007,12.248888850639943 92.88055551042854,12.249999999900012 92.87999987599372,12.248888850639943</coordinates>
                            </LinearRing>
                        </innerBoundaryIs>
                        <innerBoundaryIs>
                            <LinearRing>
                                <tessellate>1</tessellate>
                                <coordinates>92.84451305883087,12.147704362766078 92.8457275626769,12.147702216983859 92.84628570082495,12.148100971882386 92.84717500172516,12.15018343931439 92.84715890925665,12.150661110621783 92.84631586048877,12.15097177063079 92.84455406701679,12.149709939961951 92.84426355362032,12.14918541937179 92.84451305883087,12.147704362766078</coordinates>
                            </LinearRing>
                        </innerBoundaryIs>
                        <innerBoundaryIs>
                            <LinearRing>
                                <tessellate>1</tessellate>
                                <coordinates>92.94989693189817,12.110913038505942 92.94899962173022,12.101175427154374 92.94879102748408,12.098911762068326 92.94967651346079,12.088324427630297 92.95157504075556,12.084073305338777 92.95203232802956,12.08410704160677 92.95216727220193,12.086028456648066 92.95137214650785,12.091234445813072 92.95702922302033,12.095667362458911 92.95763003849581,12.09974885012933 92.957462201803,12.101175427154374 92.95731615981313,12.10241675373031 92.95648705953076,12.105479359884669 92.95294570917733,12.11143851237756 92.948474049738,12.115718364410952 92.94989693189817,12.110913038505942</coordinates>
                            </LinearRing>
                        </innerBoundaryIs>
                        <innerBoundaryIs>
                            <LinearRing>
                                <tessellate>1</tessellate>
                                <coordinates>92.99257326134708,12.110769033664198 92.99301385900233,12.110281467116181 92.99379944828624,12.110517859311685 92.99368786850059,12.111098646885182 92.99261331535243,12.112018108349048 92.99257326134708,12.110769033664198</coordinates>
                            </LinearRing>
                        </innerBoundaryIs>
                        <innerBoundaryIs>
                            <LinearRing>
                                <tessellate>1</tessellate>
                                <coordinates>92.96947205039524,12.06495666481834 92.9697449208916,12.063944220649475 92.97012281421658,12.064233541544638 92.97108840910303,12.064254045188122 92.97089934372971,12.065287351829895 92.96947205039524,12.06495666481834</coordinates>
                            </LinearRing>
                        </innerBoundaryIs>
                        <innerBoundaryIs>
                            <LinearRing>
                                <tessellate>1</tessellate>
                                <coordinates>92.74216854534231,12.112003802833158 92.74256682360053,12.114806771115525 92.73899137994843,12.110225319742767 92.73884344057231,12.109897256053486 92.73850810496529,12.107524514444776 92.73882246028856,12.106985807049284 92.73946094476676,12.107064246817572 92.74216854534231,12.112003802833158</coordinates>
                            </LinearRing>
                        </innerBoundaryIs>
                        <innerBoundaryIs>
                            <LinearRing>
                                <tessellate>1</tessellate>
                                <coordinates>92.7583549023573,12.181020021356801 92.75716054422386,12.18112075352012 92.75629901888479,12.18039035832851 92.75659573040903,12.179684162094574 92.75936472410328,12.177847504558827 92.75861454022905,12.16853117927063 92.75906586679665,12.166739344844984 92.75931453743593,12.167052149736932 92.76363456218567,12.178389549338291 92.76146650357649,12.180213451789484 92.7583549023573,12.181020021356801</coordinates>
                            </LinearRing>
                        </innerBoundaryIs>
                        <innerBoundaryIs>
                            <LinearRing>
                                <tessellate>1</tessellate>
                                <coordinates>92.74833822283105,12.180890917382087 92.74910843370745,12.182623624980465 92.75129675853876,12.18380880373347 92.75272512476468,12.182258844669889 92.75477314006875,12.183207511617468 92.7639050485794,12.182202339366526 92.76579976095039,12.18474376231488 92.7659467461456,12.18509006515444 92.76679754257279,12.188725232783483 92.76679730425249,12.189177155601314 92.76512944676668,12.190657019705824 92.76515936811049,12.193489551401854 92.76768171823673,12.197227954906225 92.76792430855997,12.2008322479101 92.76514101024983,12.203948617335016 92.76287972971599,12.209141850516104 92.7622766497478,12.229213118690438 92.75747740236048,12.229848623715043 92.755947113269,12.228963375159694 92.75408637548631,12.230432510352045 92.75072300456341,12.228786110690464 92.74733746085528,12.230686664158313 92.74630510839407,12.230334758542199 92.74505865613222,12.226534128247451 92.74339246778848,12.232868432932037 92.74001586424086,12.23573136351176 92.73799097500378,12.228092432120135 92.740465521667,12.224942803067904 92.74426341082821,12.223567247730443 92.74479556126633,12.219894767229945 92.74348723924484,12.213988662147173 92.74429285553097,12.209556937102988 92.74265217825578,12.213785052038745 92.74396860586697,12.220203160947264 92.7390058041747,12.223420858785744 92.73736882221343,12.221331000725101 92.73510396507587,12.220570444970107 92.73308074498047,12.21038913734877 92.73090231449069,12.214471459590342 92.73139715205716,12.220113635236245 92.73013985127344,12.225568533361354 92.73053944074277,12.229018449641828 92.7318172451701,12.229921459807585 92.73176145572674,12.233767629072972 92.73455035681368,12.238883614986989 92.73277330364525,12.241569638128396 92.73249650041319,12.241799354656607 92.73132145432183,12.241832136743696 92.72991931412517,12.242520332147649 92.72861266124531,12.24060535445362 92.72549843760297,12.240080714253722 92.72471344457009,12.235341310453279 92.72244060055354,12.233126521271899 92.72288215149015,12.223761915879876 92.72473561735521,12.221863031553653 92.72238612142237,12.216353773907471 92.72427582726769,12.207867026442159 92.72226774725917,12.204087257720673 92.72400021563763,12.202575206880226 92.72203195131365,12.19545292880963 92.7230979204331,12.189313768915483 92.72320425537228,12.189039468496844 92.72616362565108,12.189209104016967 92.73089051268735,12.192983150352234 92.73328113551636,12.185540557151114 92.74255335355483,12.184118747881868 92.74692046680647,12.180382966800494 92.74833822283105,12.180890917382087</coordinates>
                            </LinearRing>
                        </innerBoundaryIs>
                        <innerBoundaryIs>
                            <LinearRing>
                                <tessellate>1</tessellate>
                                <coordinates>92.73140394643522,12.187904357699935 92.73023104702528,12.189604878562363 92.72529625921507,12.185465574376735 92.72869944582297,12.18489873438925 92.72855520266049,12.18145215549275 92.72887015333518,12.181401133355735 92.73255515060012,12.182364940389661 92.73186600191471,12.184049844524623 92.73038601909983,12.184713125110633 92.73034203056054,12.1850589513096 92.73140394643522,12.187904357699935</coordinates>
                            </LinearRing>
                        </innerBoundaryIs>
                        <innerBoundaryIs>
                            <LinearRing>
                                <tessellate>1</tessellate>
                                <coordinates>92.72117435960925,12.182153820942048 92.72094345057977,12.182319045287713 92.71943211560009,12.181285858255876 92.71886527561216,12.180335164236453 92.7191802262868,12.179281353951467 92.72029280636801,12.180438637533314 92.72117435960925,12.182153820942048</coordinates>
                            </LinearRing>
                        </innerBoundaryIs>
                        <innerBoundaryIs>
                            <LinearRing>
                                <tessellate>1</tessellate>
                                <coordinates>92.74566960336963,12.269997954442204 92.74760115107276,12.279173255241687 92.74752962619155,12.280141710871249 92.74996435627051,12.28703534620449 92.74845015964749,12.288561939981477 92.74636435483151,12.287024140651738 92.74173986909992,12.279091358479604 92.74092304726119,12.279304265779317 92.74056720711124,12.282633900434064 92.7396606203416,12.281792640418189 92.73994553096182,12.272960901324538 92.73863005663193,12.26560246937855 92.73643875144742,12.26401925068808 92.7373507026729,12.26129913334853 92.7350305318337,12.257860660940935 92.73477554345672,12.248350143244622 92.73675870864778,12.251927017717762 92.74288690130984,12.255115270852954 92.74289274240633,12.257488847032832 92.74609577679863,12.267298222035421 92.74622225745125,12.26785171068802 92.74566960336963,12.269997954442204</coordinates>
                            </LinearRing>
                        </innerBoundaryIs>
                        <innerBoundaryIs>
                            <LinearRing>
                                <tessellate>1</tessellate>
                                <coordinates>92.73836624590578,12.275307178583418 92.7381162640543,12.275622367578237 92.73754680164373,12.275248050856973 92.73488342792794,12.269988060100943 92.73531055463874,12.269312262750688 92.735937237314,12.269340514952773 92.73846542853695,12.272474408567163 92.73836624590578,12.275307178583418</coordinates>
                            </LinearRing>
                        </innerBoundaryIs>
                        <innerBoundaryIs>
                            <LinearRing>
                                <tessellate>1</tessellate>
                                <coordinates>92.73662352525591,12.281949043313716 92.73764240767119,12.292445540828965 92.73527717630068,12.288063525811182 92.73520731966235,12.287382841545082 92.73627197757006,12.28440487418571 92.73549044153097,12.281940460184217 92.73614954926265,12.281687140049485 92.73662352525591,12.281949043313716</coordinates>
                            </LinearRing>
                        </innerBoundaryIs>
                        <innerBoundaryIs>
                            <LinearRing>
                                <tessellate>1</tessellate>
                                <coordinates>92.7527778151443,12.292222142038383 92.75305545294682,12.29194450333631 92.75499987624377,12.293611049610362 92.75499987624377,12.294444441457813 92.75444436051922,12.294722080159886 92.7527778151443,12.294166565334805 92.75222206109956,12.292777657762826 92.7527778151443,12.292222142038383</coordinates>
                            </LinearRing>
                        </innerBoundaryIs>
                        <innerBoundaryIs>
                            <LinearRing>
                                <tessellate>1</tessellate>
                                <coordinates>92.76974570729871,12.294473171199954 92.7665765287841,12.289693355463939 92.76698756212639,12.289078235372358 92.76865792242543,12.288564562404645 92.76888632774202,12.289020776787368 92.77029943427172,12.290565729324996 92.77117514641603,12.292701840417635 92.77126073849266,12.293946743147771 92.77049195753838,12.295026301922334 92.76974570729871,12.294473171199954</coordinates>
                            </LinearRing>
                        </innerBoundaryIs>
                        <innerBoundaryIs>
                            <LinearRing>
                                <tessellate>1</tessellate>
                                <coordinates>92.76335656645281,12.294014572714445 92.76256096321825,12.294109821711046 92.76132166416383,12.293137431547379 92.75810587378729,12.286476850126576 92.75484764620214,12.282909273743996 92.75321876983045,12.277757644999426 92.75322353803622,12.277469039064897 92.7588781117357,12.269439101333433 92.76195526082708,12.269643545113567 92.76319575328179,12.266296625489005 92.76367843111487,12.266161442096788 92.76496005046604,12.266598343538746 92.76522624529517,12.267042159867685 92.76662254349586,12.270151972335668 92.7673821450704,12.272511720539441 92.76790904976306,12.2842711207158 92.76475775246885,12.288927078222102 92.76533150644403,12.291612148082152 92.76501882116193,12.292734027153571 92.76453638074966,12.293636202748687 92.76335656645281,12.294014572714445</coordinates>
                            </LinearRing>
                        </innerBoundaryIs>
                        <innerBoundaryIs>
                            <LinearRing>
                                <tessellate>1</tessellate>
                                <coordinates>92.77453112581102,12.018501758249712 92.77346956696718,12.01733791861021 92.77140951154004,12.01782894125266 92.77093815796982,12.017108560012218 92.77155423134312,12.01426935174942 92.77208161357558,12.013515352951174 92.7737765316617,12.012738824337404 92.77498567105195,12.013091444914153 92.77683162667861,12.01599025754426 92.7760986090639,12.017448544215142 92.77453112581102,12.018501758249712</coordinates>
                            </LinearRing>
                        </innerBoundaryIs>
                        <innerBoundaryIs>
                            <LinearRing>
                                <tessellate>1</tessellate>
                                <coordinates>92.75019335783773,11.9684280157404 92.74960982823123,11.963537454789787 92.74930822889186,11.96322607981989 92.74645245062041,11.962095856838289 92.74309480208368,11.962904572188265 92.73969745657237,11.961206674648452 92.7360856533306,11.95312499981901 92.73654222474411,11.951187014769062 92.74082911037547,11.95096874211373 92.74112176865495,11.950781822523254 92.74327564225737,11.946534633866221 92.74624073492217,11.944847822269423 92.75278615995367,11.946495533142581 92.75620722778163,11.949051976567532 92.76098513605544,11.948557853961859 92.76187646402795,11.949062943799731 92.76602005977819,11.95267260036023 92.76602423173298,11.95312499981901 92.76630914235332,11.95312499981901 92.76697242293906,11.95526730993845 92.7670898438216,11.956323742646688 92.76599514496016,11.964159369259491 92.76564204684328,11.964742540935674 92.76272714174448,11.966913462086708 92.75738263090366,11.966827034540245 92.75700950578405,11.966995119629118 92.75019335783773,11.9684280157404</coordinates>
                            </LinearRing>
                        </innerBoundaryIs>
                        <innerBoundaryIs>
                            <LinearRing>
                                <tessellate>1</tessellate>
                                <coordinates>92.73363018038864,11.956680059437346 92.7329107524296,11.959254026152493 92.72781324398616,11.956958055170091 92.72352445089305,11.95363473915198 92.72354006762035,11.95312499981901 92.72362375223443,11.950630664473806 92.72658205052122,11.952522874031558 92.72418856605006,11.94718444350734 92.72418391745404,11.946480632275552 92.72565925077393,11.941626548726319 92.72607374200985,11.941240906842381 92.72663450258071,11.94115746054841 92.7315082552021,11.943828821143185 92.72960400552043,11.948079943434706 92.73101651669938,11.952726006599832 92.73123860337901,11.95312499981901 92.73152375231965,11.95312499981901 92.73363018038864,11.956680059437346</coordinates>
                            </LinearRing>
                        </innerBoundaryIs>
                        <innerBoundaryIs>
                            <LinearRing>
                                <tessellate>1</tessellate>
                                <coordinates>92.74485397313234,11.96723985663418 92.74391853791033,11.967668414166042 92.74207806545084,11.966646552296694 92.74179494358205,11.965766668197247 92.74236536017352,11.9646352527148 92.7438688278842,11.96470284486037 92.74459397822957,11.965210915051614 92.74508523919278,11.966805577615219 92.74485397313234,11.96723985663418</coordinates>
                            </LinearRing>
                        </innerBoundaryIs>
                        <innerBoundaryIs>
                            <LinearRing>
                                <tessellate>1</tessellate>
                                <coordinates>92.67520034302171,12.542348861410844 92.67440760142998,12.542448520682612 92.67227196697766,12.541479467903343 92.67197787787703,12.54119205446976 92.66944324930662,12.537059903491752 92.66923975970755,12.536681055985852 92.66873800725361,12.531709074913849 92.67487597464688,12.524025559631866 92.67828750606381,12.522327661192605 92.67869663194418,12.522464633336355 92.68105161194265,12.531309723764807 92.68463051348763,12.539344429701828 92.68168973939024,12.541287302567 92.67520034302171,12.542348861410844</coordinates>
                            </LinearRing>
                        </innerBoundaryIs>
                        <innerBoundaryIs>
                            <LinearRing>
                                <tessellate>1</tessellate>
                                <coordinates>92.70249152146667,12.64053845398655 92.70185875937435,12.640692829810234 92.70071887947293,12.639614462637425 92.70103955253367,12.638359665566199 92.70147132873913,12.637997627288883 92.70288515112892,12.637971043328875 92.70317172999191,12.638167738550237 92.70315957025824,12.639894365832276 92.70249152146667,12.64053845398655</coordinates>
                            </LinearRing>
                        </innerBoundaryIs>
                        <innerBoundaryIs>
                            <LinearRing>
                                <tessellate>1</tessellate>
                                <coordinates>92.7322715520908,12.70332002619817 92.73118555506963,12.704436302493477 92.73088097537678,12.703261256401944 92.73087286978748,12.702537059337757 92.7311803102236,12.70272433775817 92.7322715520908,12.70332002619817</coordinates>
                            </LinearRing>
                        </innerBoundaryIs>
                        <innerBoundaryIs>
                            <LinearRing>
                                <tessellate>1</tessellate>
                                <coordinates>92.71973001962502,12.721965313148743 92.71974313263988,12.729103564977663 92.71814703925477,12.733461738068783 92.71903872515705,12.750210046356585 92.72041964495085,12.751021146708624 92.72160112838955,12.745143533047596 92.72316825371198,12.74255835988042 92.72546625176622,12.748212337329662 92.72471463707117,12.754522800087258 92.72166717010398,12.761589527035127 92.71866607667866,12.767287731343629 92.71326875674785,12.773400902629689 92.71216857472032,12.777146458442402 92.71378052225364,12.786240815761175 92.7126969102346,12.794304251440153 92.71269667191385,12.817580819399197 92.71515250188648,12.827021956198394 92.71350836761704,12.82955253152413 92.71082937717458,12.829159379401972 92.70811510093134,12.829672932759593 92.7065769436712,12.819051265803395 92.70490360301912,12.81604635745343 92.70154142369793,12.813753843465008 92.7014801501891,12.81096494237822 92.69887447337842,12.804901123188344 92.70060527351453,12.80037450797714 92.69639933136423,12.801156520656818 92.69443273528279,12.79680705030512 92.69953775396417,12.786646247226642 92.70658421558929,12.77998614334598 92.70973110170925,12.772401213545209 92.70902156809134,12.7686613801187 92.71091985706616,12.76150643867112 92.71111238033237,12.747088908726369 92.71257305110586,12.737271547743816 92.70871984914194,12.73088800877457 92.7094991206881,12.727500557604685 92.71118426314345,12.727948665498673 92.71026432503882,12.723384857025678 92.70799207727262,12.719993948861813 92.71546256564514,12.720369339373562 92.7180962563377,12.719220876342305 92.71973001962502,12.721965313148743</coordinates>
                            </LinearRing>
                        </innerBoundaryIs>
                        <innerBoundaryIs>
                            <LinearRing>
                                <tessellate>1</tessellate>
                                <coordinates>92.65646564996993,12.773946166082666 92.65616214316876,12.774029255345951 92.65414881741455,12.771315217423464 92.65493190298534,12.769183516606176 92.65527915910607,12.769009232490063 92.65585291398108,12.769147514946027 92.65730762494698,12.772755742483682 92.65646564996993,12.773946166082666</coordinates>
                            </LinearRing>
                        </innerBoundaryIs>
                        <innerBoundaryIs>
                            <LinearRing>
                                <tessellate>1</tessellate>
                                <coordinates>92.67270374318312,12.798730135387402 92.67486047752917,12.802753210292437 92.67516541515195,12.80762183677841 92.67726445169333,12.809067368364481 92.6827825307893,12.809150457627595 92.68331301208624,12.811644673363148 92.68730235072334,12.81285822392789 92.68841147381076,12.814580440934591 92.68768215151036,12.816026807091646 92.68888974226789,12.817107438757319 92.68874132625152,12.818159818221147 92.68580877825278,12.823781371513178 92.68712520586396,12.826323151492375 92.68699097665237,12.826694012119034 92.6851576565007,12.828762054425326 92.6844383481517,12.829239845342727 92.68327331511156,12.829379558619678 92.68257892158041,12.82891941060221 92.67951345468217,12.825405478779984 92.67615687813762,12.823454141495517 92.67742085458886,12.827668308845531 92.67643320562811,12.830286145389252 92.67805385590103,12.832031250142037 92.6752709146214,12.835313320553311 92.6763975618982,12.836983919172482 92.68003523323969,12.838369726781423 92.68364977851459,12.835729480031475 92.68947267562388,12.834575414223934 92.68996381787625,12.835697651225573 92.69335937463566,12.835757613523185 92.6939003465238,12.837569951592059 92.69695591908058,12.838351845561178 92.70117247143267,12.841427445120573 92.7037427428339,12.846198439406692 92.70212364209269,12.848165870059049 92.70308935658878,12.852566480358846 92.7068560122955,12.854425906930146 92.71310591740442,12.86095356945168 92.71583831318802,12.86881184549037 92.71948623680069,12.874578118585461 92.71807563308411,12.877523779598889 92.71309196981875,12.877424121226227 92.71192944049145,12.882236957369798 92.7086584569224,12.883769869783862 92.71311557252588,12.883346915028199 92.71460354311924,12.881428956980798 92.71755325827652,12.88073325133864 92.71934211234876,12.881220102026134 92.7207081321749,12.883222818478188 92.7220447063983,12.895575642601784 92.72099173068395,12.899646520970236 92.72268474130809,12.90165746172272 92.72268164134485,12.905273318209126 92.72082185774295,12.907185673480157 92.71988105806454,12.91070485104801 92.71953845053909,12.920614600283614 92.71550917660753,12.922638654950148 92.72048807166729,12.924137353556077 92.72148716450138,12.926913737878792 92.72064614280563,12.938745379695476 92.72148442246865,12.939235210736442 92.72071754897584,12.942401647218432 92.72177064430005,12.944749474908392 92.72030854180585,12.946954846389119 92.71762585604867,12.94256794445522 92.71444380283944,12.942429542389505 92.7145930525277,12.94490897686785 92.71737420595511,12.949860930037858 92.71816551672535,12.959541558995781 92.71976625960545,12.961405038811662 92.71892976779489,12.96341800663582 92.72034990792216,12.968387246574196 92.71937501404605,12.971431970608876 92.72065770628834,12.975822806177689 92.71919405426243,12.976418614227612 92.72004020209388,12.978239774645814 92.71758103383772,12.981066823175581 92.71682226683444,12.980567455723573 92.7132433652894,12.982601523441645 92.71446895597754,12.98404300178305 92.71099925011552,12.984872579605849 92.71081662208977,12.988025069401544 92.70871925379063,12.988036632884516 92.70944905273191,12.986579656526018 92.70684957494811,12.98590457413701 92.7057793142645,12.987346530018371 92.70355391488161,12.987273931347033 92.70285904380981,12.988765955184576 92.70096790804271,12.988074064466616 92.69725263150403,12.989302754218784 92.69534015662308,12.991843342596141 92.69466495552334,12.992136001775165 92.68928051028743,12.990609407098361 92.68814575652155,12.987831115313824 92.6871409413018,12.988172531237524 92.68656146494007,12.986951947074814 92.68489205882148,12.987653851743957 92.6782559155782,12.973710537011627 92.6741734746266,12.969370246040114 92.6746745112197,12.966849446344824 92.67352974440254,12.965159416074243 92.67085373431249,12.964260459152896 92.67111170304295,12.96288514123637 92.66963064643724,12.962020635544093 92.66929054262474,12.956049203707707 92.67022967316117,12.952234625827302 92.66862642746784,12.950799941863849 92.67076504227308,12.949836849790913 92.67607152438157,12.950266241893587 92.67682313907667,12.950026154383622 92.6771842240727,12.949699878546696 92.67664480171632,12.948577404124123 92.67771720908226,12.947359561994404 92.67971754053215,12.948070406823987 92.68008685072792,12.948053478885114 92.68029606361236,12.947285413790837 92.67966485015299,12.94410967831891 92.67853724959437,12.943413972676922 92.67972385916889,12.941643953105924 92.67720997346183,12.94000351415076 92.67697215044453,12.937772273671442 92.67538166073544,12.936737418397342 92.67660427107037,12.934580922371595 92.67638790587759,12.934222340188896 92.6737177368843,12.932742953624526 92.6735711096193,12.932355046348448 92.67395722904294,12.928182959176354 92.67228007346674,12.92643976188566 92.67240715036988,12.923438548850058 92.67096686362996,12.922758579545018 92.67026793931419,12.918582916668399 92.66834175606752,12.918579936314927 92.66932821252706,12.911574244555766 92.6705807451057,12.91177976122701 92.67126596015626,12.907108068282696 92.67023766004033,12.904849052242056 92.6657508614135,12.902480363877586 92.66581702273774,12.89885175230664 92.66741240026246,12.896474004172077 92.66553473454067,12.893571138297375 92.66655600105858,12.887962579309658 92.66440725359215,12.882841468159313 92.6650674342151,12.881842851966198 92.6641744371008,12.880529045878902 92.66046130634462,12.880196452304347 92.66314756870534,12.878290176450648 92.65448021848752,12.867220759530412 92.65237784366255,12.866679429712008 92.65113842499866,12.867684244932022 92.65107715148955,12.861534953275438 92.64837706115256,12.861655831151765 92.651164531418,12.853934049716699 92.6511595248925,12.845836759059338 92.65326344924884,12.841430306763229 92.65365374062779,12.837626338184961 92.65688562437222,12.832031250142037 92.65640687927427,12.83161580562512 92.65897881981667,12.830305337821073 92.66061210646367,12.827407717691983 92.66108405628441,12.818230152399721 92.66565620866723,12.811788320274843 92.66598784896016,12.810338258803768 92.66653990769098,12.803890228551367 92.66654014601127,12.80321121252733 92.66567754778092,12.799963116704632 92.66351604433035,12.79580044723302 92.66033923596731,12.796263337283392 92.66189825570021,12.795036077453105 92.66092526928574,12.79455554450287 92.66787230995922,12.790099740111017 92.66803634180386,12.782659649723144 92.67186641680209,12.792095661285757 92.67270374318312,12.798730135387402</coordinates>
                            </LinearRing>
                        </innerBoundaryIs>
                        <innerBoundaryIs>
                            <LinearRing>
                                <tessellate>1</tessellate>
                                <coordinates>92.67244577445334,12.94916295990275 92.67055463778681,12.949540734517356 92.6699165103386,12.949208736294054 92.67057085076434,12.948411464817298 92.67165863473824,12.948531031482048 92.67244577445334,12.94916295990275</coordinates>
                            </LinearRing>
                        </innerBoundaryIs>
                        <innerBoundaryIs>
                            <LinearRing>
                                <tessellate>1</tessellate>
                                <coordinates>92.66966032946092,12.952619910680298 92.66815304772533,12.953740358031197 92.66867184682829,12.9520380493165 92.66931450326186,12.951826929868886 92.66966032946092,12.952619910680298</coordinates>
                            </LinearRing>
                        </innerBoundaryIs>
                        <innerBoundaryIs>
                            <LinearRing>
                                <tessellate>1</tessellate>
                                <coordinates>92.76338446162382,12.925538420861628 92.7638012173525,12.925533771366347 92.76479268033816,12.926470637410205 92.7663899662243,12.928791761530576 92.7652764319619,12.932478904577906 92.76272714174448,12.935045957305178 92.76120924980737,12.932693958559454 92.76079916974643,12.929787159050193 92.76091814016004,12.929219841522567 92.76220583892862,12.926233053612506 92.76338446162382,12.925538420861628</coordinates>
                            </LinearRing>
                        </innerBoundaryIs>
                        <innerBoundaryIs>
                            <LinearRing>
                                <tessellate>1</tessellate>
                                <coordinates>92.77067041360928,12.926157474587683 92.76942861084191,12.92279636815789 92.77294957626194,12.918002962766522 92.77439355831612,12.91953241818669 92.77518737279925,12.922598243014576 92.77582895724092,12.927960753785825 92.77530145629746,12.930506944939566 92.77274405959096,12.931128740698895 92.77156555650524,12.930645465715756 92.76990377933615,12.928496956569333 92.77067041360928,12.926157474587683</coordinates>
                            </LinearRing>
                        </innerBoundaryIs>
                        <innerBoundaryIs>
                            <LinearRing>
                                <tessellate>1</tessellate>
                                <coordinates>92.76723885518928,12.92025876013382 92.76667690301676,12.924642563004042 92.76220297818517,12.921509027319686 92.76260387886592,12.919594764586918 92.76488423312085,12.917878031645785 92.76723885518928,12.92025876013382</coordinates>
                            </LinearRing>
                        </innerBoundaryIs>
                        <innerBoundaryIs>
                            <LinearRing>
                                <tessellate>1</tessellate>
                                <coordinates>92.76669514216704,12.91779184331891 92.76800775485438,12.91662955321128 92.76815795872292,12.916898607884491 92.76764893525038,12.91781544692553 92.76669514216704,12.91779184331891</coordinates>
                            </LinearRing>
                        </innerBoundaryIs>
                        <innerBoundaryIs>
                            <LinearRing>
                                <tessellate>1</tessellate>
                                <coordinates>92.79130697223931,12.916635870948639 92.78734076056801,12.912595629784434 92.780971050474,12.911344766347952 92.7758127451622,12.912336468553107 92.77502691755834,12.911956429445809 92.77423107600353,12.910601258141753 92.77431154284366,12.90584397312108 92.77437973034054,12.90553092990848 92.7762597801649,12.903218865558287 92.78022837683832,12.901855707375148 92.78293454659232,12.902282357444832 92.78719234455158,12.90525591362966 92.78866124142345,12.904774427397896 92.78958630566368,12.902794003340702 92.7884230613756,12.900415301025404 92.78279530995596,12.896138906885184 92.78460955638619,12.893694043245645 92.78892266714755,12.893611669842869 92.79270493958145,12.891806721503016 92.79319942011736,12.891878008963133 92.7981454134804,12.894024372326882 92.80041933038788,12.897660374526652 92.79813170421485,12.900819659599676 92.79796755276075,12.901242613455793 92.79709172280516,12.907952070331746 92.79681754109694,12.908531546693482 92.79489910640862,12.911489963690812 92.79130697223931,12.916635870948639</coordinates>
                            </LinearRing>
                        </innerBoundaryIs>
                        <innerBoundaryIs>
                            <LinearRing>
                                <tessellate>1</tessellate>
                                <coordinates>92.78627634008117,12.89306175689454 92.78346526620945,12.893136143418417 92.78165674216532,12.891343354812136 92.78190767729765,12.884381651591923 92.78554892524303,12.882047772386827 92.79008102451988,12.884104609140365 92.79033064844097,12.88458955326523 92.79167783286587,12.890976906259297 92.78999316705116,12.892546415684748 92.78886401696096,12.892939806127103 92.78627634008117,12.89306175689454</coordinates>
                            </LinearRing>
                        </innerBoundaryIs>
                        <innerBoundaryIs>
                            <LinearRing>
                                <tessellate>1</tessellate>
                                <coordinates>92.756234526702,12.892677902862872 92.75708675395086,12.903220653410642 92.75755310099495,12.90778315067206 92.7540587186352,12.913297056913606 92.75335621861493,12.90129435055377 92.75377452387514,12.900434256036121 92.75524270578629,12.900909304920617 92.75522744698966,12.898257970429015 92.75328195080161,12.895925522045331 92.75356495395991,12.892975449857204 92.75123167010545,12.896721958951446 92.75021755679515,12.89710390552085 92.74939382096821,12.896690011434998 92.74847126044043,12.892802000312074 92.74975085271959,12.890632629592218 92.75024557157613,12.890410899942992 92.75252747536277,12.891406774103459 92.75318026535709,12.889320730967185 92.75566554093203,12.891258955236538 92.756234526702,12.892677902862872</coordinates>
                            </LinearRing>
                        </innerBoundaryIs>
                        <innerBoundaryIs>
                            <LinearRing>
                                <tessellate>1</tessellate>
                                <coordinates>92.75685584582064,12.877850175045467 92.75710213145848,12.876711368934636 92.75761473153497,12.876137375739347 92.75887453513215,12.876315355169481 92.76037025428397,12.87717282816368 92.76011514629735,12.87758576896799 92.75712382760256,12.878378272239615 92.75685584582064,12.877850175045467</coordinates>
                            </LinearRing>
                        </innerBoundaryIs>
                        <innerBoundaryIs>
                            <LinearRing>
                                <tessellate>1</tessellate>
                                <coordinates>92.76228761697999,12.865313410785333 92.76298284508263,12.863079071242339 92.76337790466684,12.855844855455928 92.76540124437216,12.854958176978187 92.76599323749807,12.855087041733498 92.76664745831354,12.855537653340193 92.76722860291781,12.857630133823648 92.7655942442793,12.863450169290104 92.76567053826531,12.868196368367862 92.76694333526686,12.871315836856354 92.76602041680914,12.872598052458144 92.76129555684489,12.868618250232146 92.76115965849178,12.867605805163919 92.76228761697999,12.865313410785333</coordinates>
                            </LinearRing>
                        </innerBoundaryIs>
                        <innerBoundaryIs>
                            <LinearRing>
                                <tessellate>1</tessellate>
                                <coordinates>92.77774202837193,12.864696621551772 92.77843475366106,12.864655256335183 92.7786445618971,12.864985823736902 92.77774202837193,12.86665964102967 92.77593684171214,12.866039752732533 92.77606272701317,12.865130543539976 92.77774202837193,12.864696621551772</coordinates>
                            </LinearRing>
                        </innerBoundaryIs>
                        <innerBoundaryIs>
                            <LinearRing>
                                <tessellate>1</tessellate>
                                <coordinates>92.72701990614391,12.865191578728442 92.72624075420768,12.865266203572432 92.72421431543845,12.863517403505455 92.72047007083725,12.86409234998193 92.71994090075216,12.862360358244075 92.72105264626302,12.85970115648324 92.7199132439014,12.858597517461646 92.71769404444493,12.8587955238944 92.71849071967134,12.857212663134078 92.71483302132705,12.85255885140991 92.7129788396019,12.846441030629009 92.71321463554708,12.843739151540717 92.7112921476145,12.84388792548748 92.70808541790811,12.837987065250957 92.7103750702536,12.83375251296826 92.71218597929979,12.834421634650866 92.71559035750934,12.832653045901282 92.71897256383298,12.835820555274552 92.72528100041782,12.85128533854764 92.725134373153,12.854295253423288 92.7252677677935,12.85462617875514 92.72982394731756,12.861056924037996 92.72995340832321,12.862589836451889 92.72973895059224,12.862979531580322 92.7285273074896,12.863941669472695 92.72701990614391,12.865191578728442</coordinates>
                            </LinearRing>
                        </innerBoundaryIs>
                        <innerBoundaryIs>
                            <LinearRing>
                                <tessellate>1</tessellate>
                                <coordinates>92.72922086734937,12.85585153112315 92.72986221347074,12.85507071004514 92.7307384013566,12.855279445390053 92.73150241410534,12.856402754383609 92.72922086734937,12.85585153112315</coordinates>
                            </LinearRing>
                        </innerBoundaryIs>
                        <innerBoundaryIs>
                            <LinearRing>
                                <tessellate>1</tessellate>
                                <coordinates>92.72475242658325,12.83378243431207 92.7249766590459,12.832505106525502 92.72527170142806,12.832357525978964 92.72579634162807,12.83258235469195 92.727806448709,12.835512280267608 92.72719252111804,12.8383039233874 92.72585225068119,12.836798071573924 92.72475242658325,12.83378243431207</coordinates>
                            </LinearRing>
                        </innerBoundaryIs>
                        <innerBoundaryIs>
                            <LinearRing>
                                <tessellate>1</tessellate>
                                <coordinates>92.71603524672955,12.802782654995653 92.71698260336476,12.802577971995944 92.71740067030501,12.802975058652123 92.71711885964763,12.803987145790302 92.71661615391272,12.804245710771113 92.71603524672955,12.802782654995653</coordinates>
                            </LinearRing>
                        </innerBoundaryIs>
                        <innerBoundaryIs>
                            <LinearRing>
                                <tessellate>1</tessellate>
                                <coordinates>92.71556174737694,12.799343705048088 92.71616697312763,12.798396229702348 92.71689712999867,12.798750400710603 92.71627295013693,12.800849676471387 92.71556174737694,12.799343705048088</coordinates>
                            </LinearRing>
                        </innerBoundaryIs>
                        <innerBoundaryIs>
                            <LinearRing>
                                <tessellate>1</tessellate>
                                <coordinates>92.71533596538288,12.796155571522377 92.71511304413164,12.795037626984978 92.71590387826146,12.795057653987712 92.71651244139619,12.795896053260208 92.71618795431064,12.797293662672402 92.71533596538288,12.796155571522377</coordinates>
                            </LinearRing>
                        </innerBoundaryIs>
                        <innerBoundaryIs>
                            <LinearRing>
                                <tessellate>1</tessellate>
                                <coordinates>92.719951271734,12.777845859398838 92.71816182141131,12.771142601549784 92.72099685682,12.765615820613846 92.72456443320257,12.761633277253964 92.72464013093756,12.766601443401953 92.72187554841841,12.778816103780215 92.72032082114916,12.784802317772801 92.71804094353499,12.787895440622037 92.71753275373365,12.788002848452834 92.71698677531961,12.786967038997659 92.71761107479156,12.78270065790906 92.71571040171406,12.781203747155402 92.71528327500326,12.778573632167465 92.71533620370317,12.778052448961361 92.719951271734,12.777845859398838</coordinates>
                            </LinearRing>
                        </innerBoundaryIs>
                        <innerBoundaryIs>
                            <LinearRing>
                                <tessellate>1</tessellate>
                                <coordinates>92.71597695357363,12.777027726348464 92.71560490134553,12.777107835258377 92.71579873582314,12.775439262811844 92.71719360320245,12.77502393700513 92.71759402724277,12.776088118272057 92.71597695357363,12.777027726348464</coordinates>
                            </LinearRing>
                        </innerBoundaryIs>
                        <innerBoundaryIs>
                            <LinearRing>
                                <tessellate>1</tessellate>
                                <coordinates>92.7262380121746,12.75146746675017 92.72682583334554,12.751405477381056 92.72680485216253,12.752934574870935 92.72648990148801,12.753678560617104 92.7257342335482,12.753823160810256 92.72541940248371,12.753678560617104 92.7262380121746,12.75146746675017</coordinates>
                            </LinearRing>
                        </innerBoundaryIs>
                        <innerBoundaryIs>
                            <LinearRing>
                                <tessellate>1</tessellate>
                                <coordinates>92.7228796477776,12.735257506129173 92.7247122529686,12.733154058412993 92.72561144820995,12.733229637437987 92.7261545658807,12.728439449820755 92.72630715385222,12.728029251049179 92.7278374429441,12.726951360516964 92.7296613453947,12.72889351842133 92.7296582463313,12.73091483105469 92.72673141981974,12.73596632478619 92.72419524171707,12.736022948800198 92.72371447044648,12.736668348165708 92.7228796477776,12.735257506129173</coordinates>
                            </LinearRing>
                        </innerBoundaryIs>
                        <innerBoundaryIs>
                            <LinearRing>
                                <tessellate>1</tessellate>
                                <coordinates>92.8937039377868,12.89856493512383 92.89263343788289,12.899866819798035 92.89204573632188,12.899825453681729 92.89166784299678,12.89939153169405 92.89156293887905,12.8975728749882 92.89173090435773,12.897345542562775 92.89353597140823,12.897449016758742 92.89391374602283,12.897986173722984 92.8937039377868,12.89856493512383</coordinates>
                            </LinearRing>
                        </innerBoundaryIs>
                        <innerBoundaryIs>
                            <LinearRing>
                                <tessellate>1</tessellate>
                                <coordinates>92.86473321876306,12.913238048797083 92.86339294922564,12.914754271592571 92.86334240462818,12.913470149428065 92.86473321876306,12.913238048797083</coordinates>
                            </LinearRing>
                        </innerBoundaryIs>
                        <innerBoundaryIs>
                            <LinearRing>
                                <tessellate>1</tessellate>
                                <coordinates>92.8912785048993,12.937437057674174 92.89072084429156,12.937527537565757 92.8902118208193,12.937165736709275 92.8894816639478,12.935928345117063 92.88960635674826,12.935066461847782 92.89013648011488,12.935153841776582 92.8928600553476,12.936662912263557 92.89285385632061,12.936952949019414 92.8912785048993,12.937437057674174</coordinates>
                            </LinearRing>
                        </innerBoundaryIs>
                        <innerBoundaryIs>
                            <LinearRing>
                                <tessellate>1</tessellate>
                                <coordinates>92.90270614607229,12.939839005665519 92.9011141059315,12.941629410169114 92.89968883966836,12.940978646347432 92.90271496752197,12.938704251899807 92.9028675554936,12.938938856243325 92.90270614607229,12.939839005665519</coordinates>
                            </LinearRing>
                        </innerBoundaryIs>
                        <innerBoundaryIs>
                            <LinearRing>
                                <tessellate>1</tessellate>
                                <coordinates>92.91165864433137,13.0049216749955 92.91136395897959,13.005305767347295 92.91078603304894,13.004688978113833 92.91119885424385,13.003542303834308 92.9122253656083,13.002568006208705 92.91252601166636,13.00278854335663 92.91165864433137,13.0049216749955</coordinates>
                            </LinearRing>
                        </innerBoundaryIs>
                        <innerBoundaryIs>
                            <LinearRing>
                                <tessellate>1</tessellate>
                                <coordinates>92.94532716271894,13.025209427073364 92.94928324262773,13.021236658444977 92.94933784046938,13.024649739394135 92.94676244293291,13.025598049310688 92.94532716271894,13.025209427073364</coordinates>
                            </LinearRing>
                        </innerBoundaryIs>
                        <innerBoundaryIs>
                            <LinearRing>
                                <tessellate>1</tessellate>
                                <coordinates>92.9170364138997,13.046962380709246 92.91614234479366,13.047238350269694 92.91501891619018,13.04567205861865 92.91479945193353,13.045195936843129 92.9147982594325,13.042134999830395 92.91697084882597,13.040142416939076 92.91828322409194,13.040210724045892 92.91897642602149,13.040340542981767 92.9192698001614,13.040807247056975 92.91878330740386,13.04358661173272 92.91811883431726,13.045826077411661 92.9170364138997,13.046962380709246</coordinates>
                            </LinearRing>
                        </innerBoundaryIs>
                        <innerBoundaryIs>
                            <LinearRing>
                                <tessellate>1</tessellate>
                                <coordinates>92.93450295944436,13.051237701958541 92.93288433534408,13.052734255681443 92.93231165425985,13.052734255681443 92.9318523408131,13.052214741617135 92.93248093095056,13.049998759934894 92.93287026904787,13.049512863428049 92.93357431860014,13.049589276124308 92.93450295944436,13.051237701958541</coordinates>
                            </LinearRing>
                        </innerBoundaryIs>
                        <innerBoundaryIs>
                            <LinearRing>
                                <tessellate>1</tessellate>
                                <coordinates>92.91409385194984,13.066689848857536 92.91346287770997,13.066896200099677 92.91311240201591,13.065864920529577 92.91325247322325,13.061534047258462 92.91612684767611,13.057890534820487 92.91682803648482,13.057890534820487 92.91717851127933,13.057959318567711 92.91682803648482,13.06256520721864 92.91409385194984,13.066689848857536</coordinates>
                            </LinearRing>
                        </innerBoundaryIs>
                        <innerBoundaryIs>
                            <LinearRing>
                                <tessellate>1</tessellate>
                                <coordinates>92.71125590763441,13.08979654297599 92.71918952437736,13.093135833651786 92.72038006758626,13.094413638079118 92.7208851574243,13.09537625351146 92.72089505176521,13.09735155143305 92.7190268037443,13.09905135643487 92.71845412265978,13.09905135643487 92.71664917432017,13.098278641845923 92.71284043753636,13.095918178681003 92.71240997344151,13.095759153362224 92.70759534854656,13.094941854882663 92.70465946226457,13.095159649998024 92.70225691802253,13.097815275154957 92.69987475871343,13.0982496737834 92.6962311266656,13.095189929271783 92.69590222840534,13.094762206310733 92.69548892967046,13.090521455001237 92.69906175179867,13.079293370692696 92.69905972472682,13.07579505469812 92.70094740350001,13.071066856450443 92.70143914200301,13.070784211222417 92.70473456374933,13.069826841535516 92.70659041371655,13.070299506317312 92.70643615750296,13.073346853674522 92.70412504643414,13.077996254223805 92.70746266886741,13.086024642423467 92.71125590763441,13.08979654297599</coordinates>
                            </LinearRing>
                        </innerBoundaryIs>
                        <innerBoundaryIs>
                            <LinearRing>
                                <tessellate>1</tessellate>
                                <coordinates>92.7282750602458,13.09050512331288 92.72891294937327,13.090313672937768 92.73071944724481,13.091830253663304 92.73168826080487,13.093414425635217 92.73188996345127,13.09399712067055 92.73075544800597,13.095863580839818 92.72836732888933,13.093399643478833 92.7278759483165,13.090837836496902 92.7282750602458,13.09050512331288</coordinates>
                            </LinearRing>
                        </innerBoundaryIs>
                        <innerBoundaryIs>
                            <LinearRing>
                                <tessellate>1</tessellate>
                                <coordinates>92.79490292043354,13.170965313798149 92.79458415483506,13.171067953423389 92.79327583281358,13.169690251403992 92.79378843288978,13.168248057202149 92.79420995682429,13.167751908423824 92.7975080009937,13.167819857600236 92.79634726041778,13.170449852978422 92.79490292043354,13.170965313798149</coordinates>
                            </LinearRing>
                        </innerBoundaryIs>
                        <innerBoundaryIs>
                            <LinearRing>
                                <tessellate>1</tessellate>
                                <coordinates>92.81819295843846,13.41166663180961 92.8177777531412,13.414444446953823 92.81888890240091,13.41583335362651 92.81888890240091,13.416388749741131 92.81305551559959,13.419722080609517 92.81277775728793,13.419722080609517 92.81166660802788,13.419166564885074 92.81249999987531,13.417500019510314 92.81249999987531,13.417222142487944 92.81354510742116,13.413572907663578 92.81349265536201,13.40994000452757 92.81254410712526,13.4072147610525 92.81193125242547,13.40587341772418 92.81249999987531,13.40528595448319 92.81444442317192,13.403055548574784 92.81500005760662,13.403055548574784 92.81611406761041,13.404292941066544 92.81594610213088,13.406494260202052 92.81819295843846,13.41166663180961</coordinates>
                            </LinearRing>
                        </innerBoundaryIs>
                        <innerBoundaryIs>
                            <LinearRing>
                                <tessellate>1</tessellate>
                                <coordinates>92.82722222822329,13.421111106892226 92.83194434615464,13.418611050059823 92.8350000383214,13.42027783375515 92.83972215625275,13.425277829608149 92.841388940847,13.425555467411115 92.84194445567235,13.425833344433315 92.84638893580089,13.430833339387206 92.8448649644466,13.433611154531249 92.84333324453385,13.440833330194096 92.84305560583178,13.441110968895984 92.84333324453385,13.44416654145283 92.84249985178687,13.444722056277996 92.84027767197736,13.440277814469468 92.83888876440548,13.440833330194096 92.8350000383214,13.438611149485041 92.83111095430738,13.438055515050053 92.82555544362904,13.439166545599662 92.82333326381936,13.43638885006554 92.82166671754513,13.436666607477989 92.82138884052259,13.43638885006554 92.82249987107255,13.433333158798405 92.82055544867521,13.426944374983009 92.8219443562472,13.420833349479594 92.82222223237048,13.420555472457224 92.82333326381936,13.419722080609517 92.82722222822329,13.421111106892226</coordinates>
                            </LinearRing>
                        </innerBoundaryIs>
                        <innerBoundaryIs>
                            <LinearRing>
                                <tessellate>1</tessellate>
                                <coordinates>92.86500000984287,13.411944270511682 92.86583185215844,13.41139555006464 92.86751437219053,13.4116016629864 92.86583316337001,13.41361105420701 92.86500000984287,13.41250002365723 92.86500000984287,13.411944270511682</coordinates>
                            </LinearRing>
                        </innerBoundaryIs>
                        <innerBoundaryIs>
                            <LinearRing>
                                <tessellate>1</tessellate>
                                <coordinates>92.87472224233775,13.506666541327988 92.8730554577435,13.509722232595024 92.87444436531521,13.512222052006223 92.87472224233775,13.512500047739067 92.87416660790294,13.513055443853759 92.8724999429185,13.512222052006223 92.87000000479676,13.513055443853759 92.86944437036166,13.512777805151686 92.86666655521779,13.509166717769858 92.86722207094235,13.505277752466384 92.87111115495603,13.50194442249709 92.87472224233775,13.504444360618933 92.87472224233775,13.506666541327988</coordinates>
                            </LinearRing>
                        </innerBoundaryIs>
                        <innerBoundaryIs>
                            <LinearRing>
                                <tessellate>1</tessellate>
                                <coordinates>92.91349327569455,13.508230447976871 92.91559004774254,13.506759047392208 92.9161554578084,13.506863474869462 92.92146706605232,13.512695312138916 92.92012286198107,13.515036940802418 92.91798961163161,13.515655040348008 92.91518771624047,13.513601780198016 92.91349327569455,13.508230447976871</coordinates>
                            </LinearRing>
                        </innerBoundaryIs>
                        <innerBoundaryIs>
                            <LinearRing>
                                <tessellate>1</tessellate>
                                <coordinates>92.9119442699126,13.535156249861004 92.9099998475152,13.537222147284183 92.9069442749587,13.536944270261813 92.90555560570684,13.535156249861004 92.90472221385923,13.53388893602579 92.90472221385923,13.533611059003249 92.90611112143111,13.530277729033955 92.90777766680597,13.530277729033955 92.91166663210961,13.532500028453725 92.91250002395734,13.533333301590801 92.91277766265941,13.53388893602579 92.9119442699126,13.535156249861004</coordinates>
                            </LinearRing>
                        </innerBoundaryIs>
                        <innerBoundaryIs>
                            <LinearRing>
                                <tessellate>1</tessellate>
                                <coordinates>92.87649857964576,13.535156249861004 92.87862980382263,13.537755727644694 92.87489175824814,13.54061365169882 92.8739947078897,13.537164211159563 92.87405574307823,13.536696672513457 92.87506365736218,13.535156249861004 92.87591385843822,13.534912109106628 92.87649857964576,13.535156249861004</coordinates>
                            </LinearRing>
                        </innerBoundaryIs>
                        <innerBoundaryIs>
                            <LinearRing>
                                <tessellate>1</tessellate>
                                <coordinates>93.00631821171615,13.555431961815643 93.00722944708153,13.555294632641392 93.0078605409316,13.555363416388715 93.00777781049797,13.55638885486195 93.00646555394255,13.559977531138188 93.00618505449668,13.559977531138188 93.00520372417301,13.55860257115188 93.00555551017877,13.556944370586393 93.00631821171615,13.555431961815643</coordinates>
                            </LinearRing>
                        </innerBoundaryIs>
                        <innerBoundaryIs>
                            <LinearRing>
                                <tessellate>1</tessellate>
                                <coordinates>92.71500003352477,11.316944360493835 92.7123601438058,11.310624480035756 92.71284282163916,11.309025049266594 92.71472215650252,11.308055519846562 92.71583330666223,11.309166550396071 92.71777772905901,11.316110968646385 92.72138893605083,11.314444422372333 92.72305560103544,11.316388845668754 92.72400248013068,11.317806243763116 92.72393274310198,11.319255471562755 92.72253584865067,11.32318890114702 92.72249984699036,11.32500004761431 92.72410643096705,11.329830407946915 92.72399997731716,11.331951379852228 92.72344124291939,11.332779526853685 92.72166657475302,11.33305537680421 92.72111105902846,11.332777739001514 92.71735870793819,11.328476547854436 92.71833324388436,11.326110959453445 92.71833324388436,11.325277805026758 92.71756815914355,11.323680043399392 92.71388876465491,11.32055544877511 92.71500003352477,11.316944360493835</coordinates>
                            </LinearRing>
                        </innerBoundaryIs>
                        <innerBoundaryIs>
                            <LinearRing>
                                <tessellate>1</tessellate>
                                <coordinates>92.71056926266189,11.308004856539057 92.71027874926509,11.308398961942657 92.70595836658592,11.308274745782896 92.70285010364964,11.308593749701913 92.70028996491041,11.311383843289818 92.697800874411,11.30927443486739 92.69836854896974,11.308075308528814 92.70140385620303,11.308094024319857 92.70426881295558,11.30633544952137 92.70615255809466,11.303440451815447 92.7087873216777,11.301339149881926 92.70950627299626,11.301145553724425 92.711742043361,11.302544712668507 92.71195364034853,11.302984357042476 92.71056926266189,11.308004856539057</coordinates>
                            </LinearRing>
                        </innerBoundaryIs>
                        <innerBoundaryIs>
                            <LinearRing>
                                <tessellate>1</tessellate>
                                <coordinates>92.69222235637719,11.255661844818448 92.69019258022345,11.250000000099874 92.69029152363512,11.250000000099874 92.68969261652128,11.248443245759404 92.68741142769542,11.246171712954094 92.68768060197849,11.241933226137462 92.69332742711921,11.243102907772922 92.69505035908688,11.24760830437991 92.69455444772993,11.250000000099874 92.69474363361198,11.250000000099874 92.69475805783807,11.252062677950263 92.69982254497475,11.258123755107235 92.70580136743925,11.263130545338356 92.70622992497121,11.264696240738886 92.70532381574205,11.269758940023038 92.70662665369761,11.272509217026865 92.70590960984103,11.275959968777599 92.7074700594957,11.282929300946577 92.70746493336017,11.283445000985964 92.7070611719358,11.286689877235972 92.70629417883353,11.28860616704111 92.70537495568979,11.289258242074368 92.70283782520576,11.288704157171253 92.69610166565977,11.285259366127022 92.69543230565674,11.284899115701535 92.69276750111933,11.281413674401776 92.6938066479589,11.275319457227226 92.6932122707299,11.270462751254911 92.69696664799275,11.26158165916614 92.69222235637719,11.255661844818448</coordinates>
                            </LinearRing>
                        </innerBoundaryIs>
                        <innerBoundaryIs>
                            <LinearRing>
                                <tessellate>1</tessellate>
                                <coordinates>92.6755554673114,11.17805552514254 92.67750000931804,11.176944374982838 92.68111097798922,11.18111097808928 92.67694437488322,11.183611154531249 92.67666661747066,11.188055515049882 92.67472207546368,11.189444422622202 92.67305552918967,11.185555458218005 92.67611110174633,11.1797220705173 92.6755554673114,11.17805552514254</coordinates>
                            </LinearRing>
                        </innerBoundaryIs>
                        <innerBoundaryIs>
                            <LinearRing>
                                <tessellate>1</tessellate>
                                <coordinates>92.72703182665762,11.145507812935364 92.72901010493243,11.142349242823329 92.7301615474178,11.141695857477941 92.73128652555297,11.141821145629521 92.73170471210321,11.142040252855494 92.73485755892935,11.145782232064562 92.73132395713506,11.149898410183539 92.72703182665762,11.145507812935364</coordinates>
                            </LinearRing>
                        </innerBoundaryIs>
                        <innerBoundaryIs>
                            <LinearRing>
                                <tessellate>1</tessellate>
                                <coordinates>92.72527766213457,11.141388774072752 92.72576057918766,11.144159555618998 92.72333335844777,11.14388883090497 92.7227777240129,11.141388774072752 92.72416663158506,11.140277743523143 92.72527766213457,11.141111135370679 92.72527766213457,11.141388774072752</coordinates>
                            </LinearRing>
                        </innerBoundaryIs>
                        <innerBoundaryIs>
                            <LinearRing>
                                <tessellate>1</tessellate>
                                <coordinates>92.65853405020655,10.985808848899353 92.6608370538872,10.98159944975491 92.66348600427611,10.98149597645822 92.66570687287393,10.982451319972654 92.66922771958357,10.985324859854344 92.66948664159523,10.98592030997439 92.66964173327952,10.989344477765655 92.6695296768535,10.990148424909805 92.66826570040192,10.991320848578354 92.66484725499706,10.992715955177403 92.6620130541593,10.99274551859098 92.65931451335442,10.99062383172452 92.65853405020655,10.985808848899353</coordinates>
                            </LinearRing>
                        </innerBoundaryIs>
                        <innerBoundaryIs>
                            <LinearRing>
                                <tessellate>1</tessellate>
                                <coordinates>92.2247679238009,10.982558846513484 92.2226032016766,10.983017563709708 92.22122812297974,10.982500910388865 92.21526122102907,10.97875797789844 92.21502220640994,10.976992249892575 92.21758234514917,10.973217129766837 92.21829676658271,10.972741604241833 92.2217011447922,10.97264087207877 92.22833847963724,10.976177811257116 92.2287217374184,10.98173773310998 92.22860300532446,10.982250928537653 92.2247679238009,10.982558846513484</coordinates>
                            </LinearRing>
                        </innerBoundaryIs>
                        <innerBoundaryIs>
                            <LinearRing>
                                <tessellate>1</tessellate>
                                <coordinates>92.61022055163735,10.929375171926708 92.61402654638826,10.927206277847517 92.61742854139433,10.927387356341498 92.61941897850332,10.927764177674746 92.6206548214632,10.92898154226451 92.62085664282014,10.929559350383727 92.61794495549586,10.93404090416442 92.61423814337584,10.935035705433606 92.60924053162543,10.938398957645973 92.60882174972394,10.938608050021571 92.60585176924391,10.936690926544983 92.60648143317192,10.933968543813293 92.60963356503706,10.929854750696379 92.61022055163735,10.929375171926708</coordinates>
                            </LinearRing>
                        </innerBoundaryIs>
                        <innerBoundaryIs>
                            <LinearRing>
                                <tessellate>1</tessellate>
                                <coordinates>92.50975346555018,10.894852042188106 92.50704133508978,10.889801263417596 92.50680315504192,10.888974428527092 92.50841271847261,10.88147485248247 92.51289713389596,10.877070545969104 92.51212406137657,10.871002554824088 92.51053965108437,10.8690682650885 92.50987660881853,10.868756651798037 92.50796592268952,10.868782759117195 92.50753045116952,10.868996262667494 92.50260972965535,10.872398734314231 92.50944554847345,10.869651556374265 92.51133382349727,10.87240505205142 92.51135385050017,10.877809167259372 92.50640356557224,10.88155412682164 92.50495374242146,10.889090418588111 92.50198185447906,10.890830278494477 92.50087261178172,10.89083135138577 92.49257934086407,10.88920044884155 92.47966122628478,10.871556163086424 92.47045123593617,10.87125432452757 92.4686757322996,10.867181062955794 92.46306133311433,10.864054917900262 92.46093749956626,10.86356031865391 92.4587851763952,10.862972259162404 92.45699465318106,10.861186742474388 92.45646107192093,10.86009883889038 92.4565742012384,10.859364152134049 92.46005547058397,10.85278725622679 92.460002541884,10.846354603482098 92.45676243294,10.838818669646116 92.45655274431388,10.838546157079563 92.45483791793575,10.837676763571892 92.44745600199306,10.837579369692264 92.44129645806524,10.82911550997278 92.43353235723285,10.821735143561966 92.43043172324545,10.821711539955686 92.42688417476487,10.823210954422152 92.42713522950729,10.816845774213107 92.42552196986301,10.810712456315002 92.42230164960151,10.80778121952784 92.4221024515671,10.802531957683797 92.41838252553342,10.795319914682338 92.41307604342492,10.788838267771936 92.40737652790469,10.784370541967064 92.39746654034869,10.780714273545001 92.39533901238556,10.773298025083704 92.39394915063312,10.771971702232335 92.3958246705723,10.763095021318279 92.39766216267893,10.761942624652363 92.39925694485228,10.762970208907916 92.39813280128809,10.761058211567203 92.3954942227804,10.76097226156071 92.39335835000807,10.768960237824714 92.39293146161819,10.775529742203787 92.39456105205127,10.77920317688529 92.38611412027066,10.78384113356151 92.38608634470907,10.788293838889786 92.38489222489645,10.79043805557177 92.38162064507677,10.7887618541764 92.37665593592303,10.782788157847335 92.37637817851046,10.782280206366636 92.37608253987744,10.773198843351892 92.38133597367644,10.762545347589707 92.37833690642324,10.755730628665603 92.37779891488836,10.739613532938336 92.37779676910597,10.738957524270333 92.38022005531153,10.728319048984915 92.3819921019543,10.722656250085876 92.38233947768495,10.722656250085876 92.38262331451475,10.722237706504927 92.38259255859973,10.71976375609239 92.38069713126797,10.714962362922847 92.38022220109409,10.70631313314469 92.38113105325564,10.699357271021242 92.37992644285114,10.694097876515727 92.38092815900748,10.683755636113688 92.3823101516924,10.681500315387254 92.38237166442073,10.678981304443596 92.38127362727622,10.678175806868111 92.38340032066864,10.673937677981598 92.3825503588121,10.669730424619544 92.38043081772813,10.666962623426514 92.38859474635049,10.66548705088671 92.39512372008389,10.66593945034549 92.40167474789158,10.65842735753671 92.40888977034697,10.647544741496745 92.41755437853195,10.628195643314314 92.42057061204414,10.614271760233734 92.42004191859999,10.611468315310603 92.41558742541966,10.609488009963783 92.412840842831,10.605753302672895 92.41207277773654,10.59804451464258 92.40977585347278,10.592112779781061 92.40929567845276,10.582274556325956 92.4048525095358,10.575917601316448 92.40053832498424,10.572362780917615 92.39876723252203,10.567413329661392 92.39613413808027,10.56481420980792 92.39365160453806,10.560239910743235 92.39244163057677,10.55759835278171 92.392357349712,10.557080745280132 92.39376234975302,10.553545475243425 92.38801455502804,10.546875000381078 92.38414824004983,10.543762922520955 92.3821082116248,10.540514946307823 92.38165140189093,10.539240360554174 92.38178324699933,10.537452340153365 92.38350355654396,10.533928632700167 92.38512802084185,10.532404303415944 92.38578450704941,10.532263755567826 92.39112412917555,10.530999541695664 92.39496624429725,10.530970930664068 92.40258967857088,10.531875967901499 92.404613256597,10.532709955999891 92.40869557883823,10.535057425759803 92.4091049430389,10.535464048826938 92.41865921005476,10.546875000381078 92.4186235663249,10.547018051042357 92.42701077502741,10.549136162204192 92.43469202491715,10.548240542667088 92.43738651247779,10.546875000381078 92.43795394871577,10.546875000381078 92.44049096138903,10.545554518626304 92.4502259489685,10.543196201243674 92.45182466477641,10.54458296303335 92.45338153872731,10.540895342446149 92.45713317395698,10.539869904872361 92.46093749956626,10.537109255987488 92.46093749956626,10.536830306073739 92.4688059091657,10.527908802049751 92.48133194451387,10.518444656995356 92.49290895498442,10.515543341552075 92.49935340863337,10.510969162097226 92.50505065876112,10.510874271030843 92.50871443742167,10.512204647126893 92.51327145061722,10.5118695498399 92.52557706842734,10.516905426844104 92.53122007864377,10.518153667857504 92.5341248510812,10.523508072140032 92.53418064142377,10.529605865918128 92.53817927815155,10.534961938442905 92.5406801704535,10.535763264063519 92.54091143651377,10.53606545965323 92.543449044538,10.541222452853887 92.54464280642051,10.546875000381078 92.54554545865622,10.550843119514454 92.54590010630542,10.55154025597794 92.54753065091924,10.5537166593964 92.54787075563084,10.554059743562377 92.55287361132864,10.555854916271343 92.55426502261278,10.557123302998022 92.55474996583862,10.559106111158258 92.55820286247248,10.561565756954266 92.56826365014771,10.576317310395538 92.56843555016096,10.576690912155911 92.56925094117824,10.58027744264983 92.56912076431198,10.581185578951462 92.56373560411501,10.58702397317785 92.54587590734721,10.592114209703198 92.5443891283559,10.593331456481508 92.54069936288542,10.601777911621525 92.54018402077625,10.604332804615225 92.5400309561638,10.611119628368257 92.5409612652501,10.61700415601689 92.54328310523127,10.622620225243267 92.54819416982528,10.631354928387324 92.54987514032567,10.633844852558 92.55429017575094,10.639369249391322 92.56140756600658,10.646297216343442 92.5665624143243,10.650542020897774 92.56995415705879,10.65251171604308 92.57152605058675,10.653112650228692 92.57633352317353,10.652983069612944 92.58292555826793,10.657269716024814 92.58139133464263,10.659258246570914 92.57916486236863,10.658350467300224 92.57815790136604,10.660605311386163 92.575924754324,10.67006313780358 92.57807040182794,10.674396634397326 92.58627724609815,10.679376721059043 92.5887329582595,10.6793930527474 92.59270465399678,10.676977157170029 92.59526514976702,10.67688870435039 92.59663355369557,10.678126931412862 92.59680461913811,10.678570270201746 92.59738826745487,10.681025743143607 92.59670066830174,10.692703842808328 92.59836161179888,10.698659062565739 92.59822654711766,10.702987432124417 92.59736692924051,10.706097125881854 92.59433400610956,10.709162116138828 92.59199905401354,10.715534448656044 92.59035611134576,10.717168569873579 92.58919095959547,10.722656250085876 92.58901071567246,10.722656250085876 92.58869504913744,10.731119513554845 92.58811116250033,10.733144402792107 92.58279275897885,10.742335557739906 92.58262753463319,10.74540841616539 92.58358526225058,10.748494028776506 92.58341968087362,10.75858175744223 92.58352875694695,10.759275436012729 92.58703780185343,10.769338011539958 92.58830451943808,10.779181719061057 92.58786237225107,10.78682601490884 92.58534681830136,10.789620042131318 92.57864546791407,10.792410731070547 92.57623183682992,10.794782399787877 92.57181084159734,10.802748918228005 92.56360995803348,10.803913116697004 92.56191086799251,10.80313575261306 92.56179654617395,10.799985170279456 92.56051588100368,10.801382422660637 92.56008422350843,10.805569649020057 92.56102871850086,10.803329945021162 92.56471335873468,10.806930541811127 92.56165707121718,10.811555147152475 92.5609271526661,10.820531725658768 92.56341755347754,10.827808857093189 92.55663752590127,10.844168544043029 92.55749475967573,10.853909850259456 92.55997037922978,10.8583564761705 92.55884003663871,10.861946225337931 92.55831134319394,10.863142729253696 92.55093765245098,10.870908379618228 92.5472625495274,10.872101545250302 92.53692257361828,10.882761001719004 92.53178381956766,10.884908676294515 92.52945780763181,10.88326942894092 92.53145623251939,10.881260752681726 92.53125131119899,10.878195047463691 92.53327310047362,10.873511076075246 92.53026175477649,10.869883060754816 92.52978694421265,10.867397427249486 92.53145611290947,10.86569345029244 92.53708100358577,10.865514040040978 92.53152787700995,10.864706158362708 92.53006315209294,10.865264176900311 92.52883911093616,10.866572022280934 92.52838027503,10.868431925493084 92.52843987939721,10.868708849233997 92.52939605748239,10.870921015992039 92.53166782860754,10.872762918373951 92.53187072285553,10.87355005718949 92.53191125350182,10.874795556169985 92.52838385073423,10.881946444372986 92.52960944142293,10.886771201929477 92.52764403784207,10.890204667811304 92.52082812821604,10.897060871562005 92.51557254773527,10.897524118643148 92.51274538049549,10.897117733896309 92.51030147103623,10.895387172979781 92.50975346555018,10.894852042188106</coordinates>
                            </LinearRing>
                        </innerBoundaryIs>
                        <innerBoundaryIs>
                            <LinearRing>
                                <tessellate>1</tessellate>
                                <coordinates>92.77888894097194,9.24444437021151 92.77685737606728,9.239236235264286 92.77497744585267,9.238890052034478 92.77497744585267,9.240412950497372 92.7737240787034,9.240620732560828 92.77277767624904,9.23833334470811 92.77277767624904,9.23805546768574 92.77555561100283,9.23611104528868 92.77611112582773,9.234444379404806 92.77416670343067,9.229166627038282 92.77111113087417,9.227222204641066 92.77046895018228,9.2237360474806 92.77166664569953,9.221111059527729 92.76805555831734,9.2161109449641 92.76666665074563,9.215277671827025 92.76527774317347,9.214722156102582 92.75250005683219,9.215000033124952 92.7469444274436,9.211944341858086 92.74416661229955,9.215833306262027 92.7419444324897,9.216666579399089 92.74055552491771,9.216666579399089 92.73627233550027,9.215322375327489 92.73444437980439,9.217777728659428 92.72944450356133,9.21972215195585 92.72805547727884,9.21972215195585 92.72646427170909,9.21931755506101 92.72393071692952,9.218267559700223 92.72111105902846,9.214166641277515 92.72083330161612,9.213611125553072 92.71972215145607,9.207777738751815 92.71972215145607,9.207499861729445 92.72055554420322,9.205833315455308 92.72027766718068,9.20027780567635 92.72138893605083,9.198333263669198 92.72138893605083,9.197222233119689 92.7194442753333,9.194444417975646 92.7194442753333,9.193333267816115 92.72116255780608,9.176067233316289 92.71816873539902,9.159799933719952 92.71833324388436,9.152777671951966 92.71972584766971,9.146072626250813 92.722222209188,9.143055558167532 92.72271847757591,9.140625000043698 92.72539234188312,9.138381004479754 92.7262278795134,9.136235117756598 92.72657597020529,9.130212664682674 92.72692430011628,9.129659056420323 92.7316665646608,9.124376058308542 92.73437464277586,9.123473524783478 92.73888564125988,9.12320661589267 92.73986053423644,9.123345017058838 92.74416661229955,9.125277757262722 92.7527778151443,9.12499999985009 92.75549316427819,9.126799822054338 92.7636109594786,9.123610973567736 92.7659914496459,9.126094222070662 92.7680802348149,9.125540375487844 92.76891565283543,9.127617120533898 92.77741026846937,9.12111020087508 92.78361105890363,9.117777824187328 92.78583335832306,9.116944432339892 92.78944444660439,9.116944432339892 92.78999781564701,9.117777824187328 92.78499984776485,9.118055462889401 92.78233385072681,9.120182156281643 92.78870141503856,9.118965148722737 92.79343605063352,9.119242072463734 92.79398655893297,9.119652629165614 92.80200040329603,9.120349646019449 92.80332314954413,9.12076497092663 92.80805551974677,9.124166608002653 92.81138885061543,9.123610973567736 92.81083333489087,9.125555515574533 92.81138885061543,9.125555515574533 92.81223547418799,9.126787424000554 92.81188750310602,9.131079077837228 92.8143243789672,9.131702065198212 92.816831111467,9.1355093720599 92.81850206891559,9.135370850384618 92.82233154766303,9.137724519171329 92.82414185955932,9.138347626141979 92.83012986140406,9.138278246144225 92.83054757131387,9.138693571051576 92.8306869266606,9.139732002929577 92.82934641880254,9.140625000043698 92.82915520674774,9.140977859840461 92.82811081416278,9.149907707774545 92.83096551864386,9.158006668473078 92.83173143885503,9.166521072789337 92.83152234557988,9.167559504667338 92.82880687683624,9.176281451827663 92.82553446334512,9.179535031716284 92.82650935632196,9.187703251903713 92.82083332569752,9.209166646323624 92.81916451493069,9.213243842429335 92.81388890744748,9.220277666780916 92.81249999987531,9.221388935650907 92.80099225069196,9.231130957727416 92.79138875029074,9.241944432089937 92.78777766200963,9.244166612798892 92.7819311621939,9.249128818240465 92.7781933549397,9.256362676996105 92.77472221825602,9.256944417850704 92.77388894601805,9.256111144713643 92.77388894601805,9.255277752865936 92.77888894097194,9.24444437021151</coordinates>
                            </LinearRing>
                        </innerBoundaryIs>
                        <innerBoundaryIs>
                            <LinearRing>
                                <tessellate>1</tessellate>
                                <coordinates>92.81166660802788,9.125555515574533 92.81166660802788,9.124444365415101 92.81249999987531,9.124719858334956 92.81472206097445,9.125833272987165 92.81472206097445,9.126111150009535 92.81416654614955,9.126944423146597 92.81361115003475,9.126944423146597 92.8133332730122,9.125833272987165 92.81166660802788,9.125555515574533</coordinates>
                            </LinearRing>
                        </innerBoundaryIs>
                        <innerBoundaryIs>
                            <LinearRing>
                                <tessellate>1</tessellate>
                                <coordinates>92.8038028479231,9.120586156925512 92.79989361729687,9.118699311823931 92.80361175547822,9.11933684392038 92.80386257190051,9.119449019057114 92.80389845395055,9.120841979873589 92.8038028479231,9.120586156925512</coordinates>
                            </LinearRing>
                        </innerBoundaryIs>
                        <innerBoundaryIs>
                            <LinearRing>
                                <tessellate>1</tessellate>
                                <coordinates>92.79421830163349,9.118610977714397 92.79333317268785,9.118888854736937 92.79305553398572,9.118888854736937 92.79222214213829,9.117777824187328 92.79440724829581,9.117761254178674 92.79861104466389,9.118333339911871 92.79861104466389,9.118610977714397 92.79444444155806,9.118333339911871 92.79421830163349,9.118610977714397</coordinates>
                            </LinearRing>
                        </innerBoundaryIs>
                        <innerBoundaryIs>
                            <LinearRing>
                                <tessellate>1</tessellate>
                                <coordinates>92.85379076003576,8.819646358792497 92.8573460579743,8.81907212727701 92.86217284170354,8.822478652168158 92.86256241812148,8.823135852437645 92.86305737529781,8.824751615794355 92.86313784123863,8.830713629930074 92.86226296456445,8.833811760204796 92.86188662077134,8.834684849026573 92.85923385635752,8.837332606015082 92.85810434833698,8.837332606015082 92.85802197493447,8.837251067183217 92.85434424868836,8.833611250059164 92.85322844993337,8.831115961432587 92.85267066971588,8.828176140616563 92.85216927519221,8.821558356133309 92.85379076003576,8.819646358792497</coordinates>
                            </LinearRing>
                        </innerBoundaryIs>
                        <innerBoundaryIs>
                            <LinearRing>
                                <tessellate>1</tessellate>
                                <coordinates>93.60688114205115,8.581204056821761 93.60803055746422,8.578055620270732 93.60834670063994,8.578230738957572 93.6091417076241,8.579268455874498 93.60916960279533,8.581679344026554 93.6089755299968,8.58203065429143 93.60688114205115,8.581204056821761</coordinates>
                            </LinearRing>
                        </innerBoundaryIs>
                        <innerBoundaryIs>
                            <LinearRing>
                                <tessellate>1</tessellate>
                                <coordinates>93.62812507131505,8.48773241022262 93.62470662591025,8.482501625849508 93.62009835225754,8.481810211771958 93.61842656113694,8.479990243854786 93.62033021456787,8.47580504456738 93.61877572561937,8.473500609165683 93.6219482424178,8.473070978742712 93.62269532722772,8.471963405186997 93.62253975890283,8.470869540896658 93.62049245856034,8.469849944419366 93.62280523787152,8.461078643364814 93.62048411375096,8.459321379777904 93.61898040771987,8.456418037262708 93.61555516703768,8.45633554425011 93.6203813554155,8.45239829974173 93.62050890895924,8.451817750488871 93.62002146202113,8.44628894337994 93.61693966433441,8.443184852399156 93.62049293520093,8.439929842588228 93.62058591880512,8.437500000324917 93.62050175665073,8.437500000324917 93.61648392659211,8.434273958576512 93.61947154997236,8.43156588046115 93.62159895922494,8.427036762436714 93.62152981754721,8.422873139683745 93.62280964814713,8.421678543230428 93.62718450995735,8.430940151067077 93.62783181678506,8.437500000324917 93.62763965144896,8.437500000324917 93.62626600267416,8.439673542999557 93.62742984321304,8.44136202373852 93.62484824664958,8.44403505347509 93.62291395691355,8.448742747180177 93.62522721286567,8.455794453651194 93.62529122840752,8.461205959487529 93.62676787383842,8.466823458635687 93.62947070620842,8.469387769330055 93.63347244289915,8.470611453455817 93.63568294051558,8.46978831298047 93.6372034548755,8.468375801801969 93.63873147947433,8.465314864789136 93.63969731358057,8.464877725027051 93.64112615554771,8.464598775113402 93.6414146427716,8.464718818418916 93.64251697058197,8.467426300283748 93.64244413359003,8.468511819764728 93.64055597817608,8.47712194881899 93.63875210272758,8.4801083805974 93.63934075846944,8.483195066099526 93.63784766174061,8.487780570716879 93.63701784649643,8.497050046722393 93.63177704817215,8.505732059487116 93.63351655014893,8.508461475816418 93.6373555662066,8.510486364154573 93.63690304713825,8.513078331699887 93.63342857396961,8.517776250673464 93.63388061549816,8.519972920314217 93.63603055456682,8.522158861042655 93.63512635190003,8.523913741426142 93.63226640257236,8.524055957516609 93.63093447694487,8.525764346547291 93.62693417107548,8.526815653120025 93.62580573594627,8.527373552047877 93.62375295153745,8.529224753419712 93.62218904488864,8.531398773634507 93.6221212144226,8.531673312373627 93.62321197964937,8.533432364711985 93.62217271320029,8.534754753029503 93.62143444984034,8.54106736156966 93.61965131725466,8.542526722030672 93.61997914352284,8.54478216146758 93.61865532438387,8.545679211826197 93.62043261497345,8.548072815008524 93.61837697072067,8.55184781552417 93.62062394663818,8.557170152680499 93.62038493111979,8.56413733996618 93.62024712530493,8.564758539474994 93.61955785790897,8.566537857136552 93.61776721508491,8.567833542783774 93.61778306923347,8.57175397896303 93.61273252968263,8.575843811442823 93.61340725414149,8.57346451287701 93.61121034618091,8.571471452445735 93.61446273356867,8.564608215996529 93.61257135858173,8.561614036558623 93.61045575113215,8.560541152552275 93.61176967592999,8.559030652142994 93.60965514227135,8.552522659593066 93.61150443528172,8.54654431376916 93.61022424675187,8.544240236297867 93.61356782899233,8.537844658104689 93.61688327774115,8.535245060710892 93.61741220950594,8.533671141010458 93.6163852215009,8.532931804758945 93.6185529230793,8.530537843646584 93.61823713783363,8.529151916427722 93.61924445586706,8.528350711316406 93.61840164631931,8.52776432006742 93.6213507652258,8.52724826299692 93.62224495394148,8.525046944760604 93.62223565585103,8.52308905141858 93.62055230124795,8.520567059222344 93.62285244508448,8.519347071310492 93.62480974217627,8.515157222527819 93.62484836535995,8.503699541300918 93.62561833881526,8.502765655610617 93.62434697173538,8.49698495828936 93.625496745079,8.492254257228339 93.62812507131505,8.48773241022262</coordinates>
                            </LinearRing>
                        </innerBoundaryIs>
                        <innerBoundaryIs>
                            <LinearRing>
                                <tessellate>1</tessellate>
                                <coordinates>93.05201899987733,8.438468217634181 93.05388164512195,8.439423441538679 93.0573804377573,8.439192653018651 93.05959212787448,8.441221117960183 93.06055355080602,8.442666411226057 93.06051290055015,8.443111538766573 93.05632185926666,8.448040247159895 93.05732524366525,8.457268238338642 93.05568587760146,8.46219313180751 93.04344213045036,8.473493337247689 93.04131376701687,8.471189975636818 93.03983604869487,8.46915721913058 93.03575050867906,8.459810376247887 93.0345823765758,8.455496669235856 93.03458452235796,8.45021104780163 93.03514885863328,8.448624968367696 93.03769624228804,8.444937944030926 93.04209315817312,8.441138744557506 93.04287052135786,8.440598725950437 93.05140387978523,8.438409447837941 93.05201899987733,8.438468217634181</coordinates>
                            </LinearRing>
                        </innerBoundaryIs>
                        <innerBoundaryIs>
                            <LinearRing>
                                <tessellate>1</tessellate>
                                <coordinates>93.61339962519267,8.485992431605425 93.61208713031695,8.486356377345018 93.61117315291884,8.485740065651598 93.61074674116944,8.48505520853125 93.61131894561302,8.48449265920884 93.61251294581618,8.48454832994166 93.61338031315111,8.484994173342614 93.61352813201759,8.485699415395729 93.61339962519267,8.485992431605425</coordinates>
                            </LinearRing>
                        </innerBoundaryIs>
                        <innerBoundaryIs>
                            <LinearRing>
                                <tessellate>1</tessellate>
                                <coordinates>93.6338322166836,8.395123362753111 93.63492953796802,8.394811511142436 93.63538253277787,8.395024061411377 93.63561773337207,8.39629185188754 93.6333661079598,8.398245453664956 93.6338322166836,8.395123362753111</coordinates>
                            </LinearRing>
                        </innerBoundaryIs>
                        <innerBoundaryIs>
                            <LinearRing>
                                <tessellate>1</tessellate>
                                <coordinates>93.64544773072853,8.39484190912701 93.64427971823474,8.394341945424571 93.64375662846604,8.393336057313192 93.64580452415967,8.392465114273818 93.64775311941096,8.389727950284666 93.65036582981944,8.390148520038267 93.6533038618841,8.387796640002918 93.65698993203969,8.39040482052603 93.65701007865252,8.390788316627663 93.65173983562508,8.394619942056863 93.65129470808441,8.39476954967499 93.6463459726888,8.394449353255027 93.64544773072853,8.39484190912701</coordinates>
                            </LinearRing>
                        </innerBoundaryIs>
                        <innerBoundaryIs>
                            <LinearRing>
                                <tessellate>1</tessellate>
                                <coordinates>93.12552714316317,8.355281114531863 93.11939346823405,8.349503040533136 93.11846721149303,8.349097252036643 93.11469924457467,8.350100756044966 93.11516118044457,8.34849631785093 93.11276185487569,8.347524642648054 93.1118437055226,8.347317576445036 93.10653352720092,8.349866866662623 93.10575664065667,8.34983372664513 93.10492634787263,8.34865951512458 93.10436654058375,8.347359537912311 93.10098576508133,8.345371126975962 93.10025453531884,8.34228384522332 93.0951514240991,8.34000360967893 93.09502756586974,8.33973610363823 93.09386265243947,8.335798025458686 93.09462380444509,8.325728654653787 93.08593094315901,8.309199809723424 93.08434295626282,8.303818464450657 93.08351457094088,8.294407248096078 93.08475434753532,8.286521076886146 93.08378267323226,8.282441854608052 93.0848939421019,8.2751836772848 93.08533370518651,8.273574710104683 93.08815765375297,8.267697573084703 93.0883405209984,8.267411112932479 93.09301686253835,8.261718749720671 93.0952425002412,8.259068131089322 93.09811866254657,8.253592014360095 93.10057997748439,8.25339055093336 93.09984564775883,8.250858426075567 93.10137200321546,8.24571144592646 93.10490322090712,8.239840746253662 93.11186063256261,8.232401132506297 93.11585462069442,8.232347845876433 93.11544775930682,8.226487755505431 93.11798977850569,8.226021051430493 93.12314534178446,8.220958948396856 93.12533903107155,8.221331357656197 93.12862062484234,8.219495534691177 93.13142180437316,8.219275832114064 93.13240611594975,8.218825340117377 93.1343969109889,8.217333435889316 93.13592994211339,8.214784741022953 93.13880860813109,8.215212821914221 93.14585244643322,8.210685610452785 93.15263450108168,8.209134459787535 93.15320622888456,8.206589460235449 93.15858221060088,8.205755948778176 93.16101753693002,8.200992346019973 93.16406250018443,8.200613856444292 93.1674772502752,8.199840307284546 93.17185235040594,8.20112824437308 93.17308616629353,8.198960900725055 93.17547035177554,8.200134158065055 93.17712390464484,8.199183702365929 93.17664504083606,8.19841384852019 93.17826676400026,8.198262453049892 93.17906951864356,8.195894241326286 93.18519723376554,8.194709658823797 93.1877603528583,8.19264531093232 93.19168043110719,8.193864941813757 93.19523620568648,8.193108320592444 93.19947886445826,8.193899154722175 93.19950234845479,8.19392275832881 93.20181083710045,8.196244239480023 93.20346462739067,8.201888442197856 93.20535337905542,8.212965965606813 93.20461845397844,8.21554124353355 93.20197391476452,8.218163728673176 93.19763267051147,8.220065474642055 93.19432413575046,8.224767803891154 93.18249976675125,8.228301167365132 93.17406284802226,8.233778953236254 93.16406250018443,8.238281249879762 93.16406250018443,8.238560318503787 93.15486085374542,8.242514848881257 93.13586974149578,8.261718749720671 93.1355879308384,8.261718749720671 93.13341426855382,8.26403892055967 93.13093364247399,8.267647505128352 93.12647795679251,8.276069045450072 93.12621247782366,8.276899456944577 93.12579357631282,8.28044951003686 93.12663424007829,8.284149646489126 93.1307146548576,8.29198932634641 93.13384032237335,8.30149841322121 93.13255620020865,8.30415773369252 93.13339173783893,8.305958747498252 93.13130235641862,8.309849142723863 93.13138890267604,8.310161948515173 93.13394474985049,8.317314624570358 93.13413000119888,8.317688345940468 93.13950502873453,8.32547342795641 93.14044845083569,8.327731251496004 93.14119660853711,8.330566763545434 93.14075064642535,8.337042331938221 93.14293336848036,8.341144204541408 93.1425513032004,8.347619057073842 93.14224684221838,8.347987056057761 93.13243854010679,8.348275304061971 93.13178622765227,8.348429560276088 93.13098216089847,8.349539875864622 93.12872600560101,8.352275729541475 93.12867104982936,8.354899644602966 93.12707042655936,8.355418443706299 93.12552714316317,8.355281114531863</coordinates>
                            </LinearRing>
                        </innerBoundaryIs>
                        <innerBoundaryIs>
                            <LinearRing>
                                <tessellate>1</tessellate>
                                <coordinates>93.22805976874375,8.261718749720671 93.22317671803117,8.258627653043817 93.22160494321375,8.256576537777036 93.22003424128755,8.24888217487262 93.2199659350799,8.247566461323217 93.22036755072216,8.244591832247181 93.221323370877,8.24187397940085 93.22472286217047,8.236147403280071 93.23351252108628,8.229850649787863 93.2344135041802,8.224198579800714 93.2387734651235,8.220865011511123 93.23999500256767,8.223602652140684 93.24282145484662,8.222750306181808 93.24884402753005,8.223773122231975 93.25188505625036,8.228648066455207 93.25058424446755,8.232831477890613 93.25171077213477,8.233388066506166 93.24933624267359,8.23700094263954 93.24977946275223,8.240571856406177 93.23877310719345,8.261718749720671 93.23849105821594,8.261718749720671 93.23806452775611,8.262430429120968 93.23508894449915,8.265402913313892 93.2344167228537,8.264127611700061 93.22862374798777,8.261718749720671 93.22805976874375,8.261718749720671</coordinates>
                            </LinearRing>
                        </innerBoundaryIs>
                        <innerBoundaryIs>
                            <LinearRing>
                                <tessellate>1</tessellate>
                                <coordinates>93.51562499959428,8.229631543460911 93.51316165938314,8.227943420652352 93.50925135586576,8.22847104030636 93.50868630373,8.22831082338574 93.50614154339777,8.226200223361658 93.5055309531912,8.225946426586319 93.49631440678459,8.22356462520753 93.49490690213204,8.222905636186226 93.49298453291001,8.22124624222026 93.49131584175294,8.217666745324209 93.4924299713663,8.208834052050008 93.49030435086544,8.203507423329143 93.49053335153312,8.19880020626465 93.48125934564248,8.192318916384835 93.47634255866225,8.184106231017864 93.46920466386447,8.181034445483405 93.46014952687935,8.179201126231078 93.4550323484643,8.175321101987493 93.45408034323364,8.173761010262439 93.45402705660379,8.173416018634555 93.45496344600625,8.168722867866279 93.45396864383801,8.168319941012527 93.45377993549576,8.165685654069634 93.45653665074624,8.158388137702545 93.4549350741946,8.151157378910113 93.4556044341974,8.145808935333989 93.4582637546687,8.141392946627192 93.46200156192279,8.14344906841994 93.46462595452434,8.139346957496286 93.45845103218974,8.13392436481766 93.45841455478816,8.130767106816492 93.46003782748383,8.127346753949425 93.45902073382004,8.124216556548944 93.45983314538367,8.12151157839672 93.46144473588598,8.118438720870245 93.46819710751075,8.118192910974074 93.46481573575775,8.116347908629038 93.46369850618143,8.114492535302233 93.4659916164201,8.1123737100787 93.46579694737139,8.108935236771728 93.46663534664415,8.10622847076732 93.46873295326358,8.10238063325977 93.47170102628152,8.098048210456682 93.47759735573365,8.0911240575293 93.47887134523663,8.090464830187884 93.47922325175185,8.09075605854531 93.48105466354198,8.096426844323602 93.48132932189085,8.096601963010173 93.48536276777773,8.094814538859794 93.48943567231848,8.091552376740694 93.48740100834996,8.08764600775703 93.4847066403996,8.08722054928893 93.48348534127584,8.085937500015618 93.4803842306479,8.085937500015618 93.48319947737403,8.077389121111139 93.48428344732346,8.070013404195251 93.48330950762775,8.06706643107087 93.48457121868702,8.063201308593506 93.48386597663355,8.05593204532778 93.48484146586125,8.052028417477388 93.48515915856834,8.051466703625692 93.48572194621104,8.051071524431265 93.48825275895788,8.051385163894281 93.4905039068299,8.049044132380843 93.49301421683279,8.051435351460384 93.49442803832343,8.053724050524522 93.49433445936788,8.05886244754413 93.49425554295922,8.059561013929851 93.4920339585004,8.060928463677769 93.49205195933067,8.062119364816894 93.49616730197945,8.06599736198882 93.49793362623606,8.06468927828773 93.49945282938504,8.064942836742574 93.50266635436904,8.069043159814143 93.50478422631105,8.068639517100223 93.50637614684209,8.072417020429384 93.51248931902708,8.07358384132111 93.5126974581215,8.076600551474357 93.51387274253332,8.077665209382047 93.51316332852517,8.080806731945302 93.51328134565759,8.081292629351523 93.5145304203426,8.083936452705359 93.51562499959428,8.083984256168591 93.5196572538795,8.081443071540718 93.52261233349279,8.083774924573333 93.52401912228473,8.082202076864277 93.52418851858536,8.078623056608919 93.52980470652219,8.07849061524989 93.5234811307495,8.073527217307458 93.5247963667592,8.067064523608778 93.5249427557039,8.066805362377636 93.52843296520936,8.06836414379029 93.53014445330385,8.06625103915404 93.52763712365461,8.063650131448568 93.52407145473413,8.0637612345933 93.52393114610575,8.063493013591795 93.52410387979037,8.057617902744028 93.52555251133955,8.055364370769126 93.52549886677949,8.053131461148013 93.52139735210645,8.051034212458987 93.51801943734725,8.04687499998127 93.51399612412192,8.049934149141848 93.51562499959428,8.057477712826312 93.51407146482634,8.060305834246819 93.5143085719831,8.06372094136836 93.51203155511249,8.068466544195687 93.50848984682912,8.063894152593022 93.50885117014573,8.057574510455424 93.50664794444722,8.05759346456685 93.50328075860037,8.055361152095713 93.50743555990337,8.053208351384512 93.50870120549641,8.050828337857453 93.50559067716816,8.040394902602586 93.5037003759717,8.047438979225646 93.50286865236652,8.04713737988628 93.50136625754712,8.040913939126924 93.49958717820576,8.039379954721284 93.49691367182865,8.04182314831965 93.49296951333261,8.043088435982483 93.49021852046852,8.046628356413748 93.48748636210613,8.046172618671534 93.48573756203896,8.045023203258197 93.48538100692818,8.04450237708322 93.48624134066543,8.038327574357993 93.4852707383541,8.034706950565393 93.48521018070542,8.022832512710352 93.48553180704752,8.016771078522353 93.4923442605793,7.999620556543675 93.49332392176186,7.998942375090536 93.49670815425807,8.000151037840155 93.50069224804926,7.997356414367175 93.50210487883729,7.998050450867524 93.50227272470684,7.998640656141433 93.50128543367614,8.000093459645598 93.50141036479661,8.000267743761356 93.50203263719644,8.000503063066105 93.50504934824923,7.998469352378692 93.50631105930822,8.001198530388066 93.50738191624257,8.005319357102678 93.50716650523023,8.007910370467343 93.50922262702281,8.009909271995284 93.50663065947768,8.0130939485271 93.50687205819932,8.014528751201112 93.50816094856921,8.015876054336388 93.51004755535067,8.015143632972297 93.51201391221261,8.016558050713442 93.51006543657073,8.020062804055215 93.5062505007601,8.023584842366787 93.50817954564971,8.0332503321373 93.50834846530975,8.03373265293952 93.51562499959428,8.03431904328913 93.51722312005106,8.034399867160104 93.52013945597119,8.037134170405622 93.52210485955177,8.033138156101188 93.52231395282675,8.03292536751178 93.52410304521973,8.03186154327561 93.5250295402814,8.031932234485112 93.52555227301937,8.032359957446076 93.5286588668134,8.037962555727376 93.5287778381269,8.03833973409148 93.52808761565112,8.044982671713058 93.53061103776949,8.048525333277425 93.53602004079258,8.04626905926989 93.53590166572965,8.044483900511565 93.53927326185195,8.042059421804879 93.53904080418968,8.039237022770394 93.54140055149426,8.037388443821726 93.54966187489563,8.035480141795276 93.54998171338562,8.035584449662593 93.55022060839465,8.03610265251558 93.54972565211736,8.041897058202764 93.54853141269453,8.045001507113938 93.54514074285115,8.048697233290852 93.54884231102383,8.05040824384551 93.54866075499015,8.056033969092411 93.54988276997395,8.057027459149921 93.55106735247662,8.063472747369588 93.55304014668556,8.066372036640303 93.55219435678444,8.073640704554975 93.55045855012204,8.076362729356617 93.55076456063594,8.080358147410536 93.54861366738683,8.084681749662934 93.54858386475368,8.085937500015618 93.5486104487135,8.085937500015618 93.54834723513707,8.087918520323498 93.54593205452093,8.090680837450805 93.54054534479198,8.091555475804725 93.53169465068791,8.09946990011575 93.53218650790134,8.104512810717836 93.5288182500623,8.110311150938955 93.52572655713502,8.118932843476102 93.52378141887746,8.12247443214936 93.52083277661151,8.124807238463347 93.51562499959428,8.133091449610902 93.51562499959428,8.133649468148505 93.51341760194092,8.13701951473891 93.51283550225699,8.137593269613816 93.50455117239906,8.144013524304725 93.50329256040337,8.148082137280937 93.50326013534712,8.148465275452267 93.5070830580369,8.149114131811743 93.50814855141462,8.156356454087245 93.51069116596446,8.156250000437169 93.51192963134756,8.157872676882732 93.5126276014827,8.162225246298107 93.51014971743578,8.163321018050553 93.5097192524419,8.164327621122922 93.50975632699303,8.16519105392409 93.51098024853994,8.168230772332365 93.51407444517955,8.169642805970724 93.51562499959428,8.169642805970724 93.51807665851132,8.172560214782152 93.52158582212834,8.172121762908944 93.52899384538992,8.18103146512992 93.53267395483945,8.183084726179104 93.533824444043,8.18354701997906 93.53420364857985,8.183451652272083 93.53305196777441,8.180640220469783 93.52961730939168,8.177206277947278 93.52667176708846,8.17658817750241 93.52440524080944,8.174291014918524 93.52418124666727,8.17388534513276 93.52424550052959,8.17197024782864 93.52531325840042,8.171209812582845 93.5333141084594,8.178111315185134 93.53502571616414,8.179807066942644 93.53767120865953,8.185037851315755 93.53783833956803,8.185575246600294 93.53819584885971,8.190627455292756 93.53923165831472,8.19206225886613 93.54219627343949,8.192826866966342 93.54451656298923,8.196097731824949 93.54516136610445,8.19789814938018 93.54681801803727,8.209436655377417 93.54547142986289,8.21289515478756 93.54547953635185,8.221657753103045 93.54444324935682,8.224021553651852 93.54358685015328,8.225173473677089 93.53922414807633,8.228176236244394 93.53770947481271,8.228933453715968 93.53068375605065,8.231393933183696 93.53011024039543,8.231524467080632 93.5268911126349,8.231093645055722 93.52641642078143,8.231200456635847 93.52196216592145,8.233118534292814 93.52098906079644,8.23292994466135 93.51562499959428,8.229631543460911</coordinates>
                            </LinearRing>
                        </innerBoundaryIs>
                        <innerBoundaryIs>
                            <LinearRing>
                                <tessellate>1</tessellate>
                                <coordinates>93.56469631188557,8.113615632455364 93.5705014464846,8.10594260686598 93.57284855831458,8.108704924892464 93.57509684544331,8.109412551048365 93.57382786246606,8.10783457720406 93.57197630406327,8.100371480359456 93.56936752818902,8.096447348866192 93.56926500817397,8.095436811260072 93.56997597261338,8.091408371898865 93.57042312632646,8.090582132359586 93.57124900793534,8.089926719942184 93.57185220751344,8.08988666503754 93.57263815382797,8.090718746572946 93.57567524891388,8.085937500015618 93.57619070973377,8.085937500015618 93.5775389670496,8.083457350576282 93.58109247713642,8.080449461873286 93.5796759127135,8.078353643106126 93.58127880137582,8.077384471616313 93.58149325820759,8.07680821392789 93.58149743106165,8.075985550992527 93.58123385865585,8.073539972391913 93.58100533462871,8.07291424299784 93.58065593272548,8.072802543602506 93.57755780245103,8.073868036081194 93.57415044298878,8.07256054863062 93.5732163189783,8.07152235507283 93.5717133288073,8.067106008435644 93.57171320919738,8.06627404651016 93.57275235693598,8.063666463136926 93.57580935941454,8.058316111199517 93.57619535922859,8.057925343179974 93.57998263818817,8.056527375837831 93.5822383168452,8.049167513969792 93.58387470255562,8.049640655392011 93.58554387125301,8.048529863162614 93.59160625962139,8.038593769187287 93.59190535524814,8.038198947923249 93.59326505643756,8.037729025174528 93.59395194062975,8.037828445226808 93.60101282558159,8.043920874548917 93.60119914982127,8.049339175662382 93.60115194350774,8.049784541523465 93.59945225721586,8.050906777625912 93.59966444955492,8.052994846934837 93.59698963196618,8.05916464313384 93.59541165812144,8.061826825247977 93.59199547810923,8.064592242338051 93.59147191080032,8.06591975679143 93.5907627342132,8.069169521755938 93.5907627342132,8.07023155724066 93.59301614747736,8.076591730024376 93.59058785474585,8.083059906889247 93.59055733715152,8.085937500015618 93.59089934842612,8.085937500015618 93.5905877351361,8.101393103908592 93.5888347622147,8.108840823245302 93.58869624143861,8.109286427426866 93.58016622039489,8.124818920656693 93.578933239078,8.12491202387099 93.57830035647649,8.125308513377192 93.57266151911384,8.124081373157082 93.56393361124717,8.121059060227466 93.56348097346844,8.120876550912072 93.56170976139643,8.119526505743622 93.56137454539916,8.118381857636649 93.56137406785902,8.11793923380867 93.56225573981047,8.115320920624 93.56469631188557,8.113615632455364</coordinates>
                            </LinearRing>
                        </innerBoundaryIs>
                        <innerBoundaryIs>
                            <LinearRing>
                                <tessellate>1</tessellate>
                                <coordinates>93.54529643078567,8.028104901520067 93.543271779869,8.025126457520102 93.54882860175874,8.020089030084733 93.5479545596555,8.016602277573128 93.548765659108,8.014245509722386 93.55051231429186,8.013406157168617 93.54961395272167,8.012447952910719 93.55031537985118,8.009392857894113 93.55235922319977,8.007173657538189 93.55052614226761,8.005307435689758 93.5518912079132,7.999794006088436 93.55107092818096,7.996291637748911 93.54867494089595,7.997391343136201 93.5477093460095,8.00153613048802 93.54299354581568,8.0063525441347 93.5418957469914,8.011264801229558 93.5423865322131,8.014927506099454 93.5367684368139,8.018347263615368 93.53695166109046,8.021136045092405 93.53498172762468,8.024181246667226 93.5329504010405,8.025141000456912 93.53011512731146,8.023511648343941 93.5282716753974,8.018230914725024 93.53024434999722,8.015485047996549 93.53078162657104,8.005991459138656 93.52765417120341,8.004744529336492 93.52537643937129,7.99982833860696 93.52365350740368,7.999162912238646 93.52210414369134,7.99762833158222 93.51926493632791,7.993734717683012 93.51837301210517,7.993160128237307 93.51794767414609,7.993166327264291 93.51562499959428,7.994419574803544 93.51562499959428,7.994698643427839 93.5149561162319,7.995013355781879 93.51478123676489,7.997202754403574 93.51322984688008,7.998965263735826 93.50717806781384,7.996416449259726 93.50508773311284,7.993805765923469 93.50811874878164,7.9888395072375715 93.50721514236491,7.984960555885095 93.50736355748242,7.984486937822112 93.51562499959428,7.9790736441333365 93.51562499959428,7.978794574609935 93.51722216587032,7.975916743163282 93.51624774953407,7.974719405576067 93.52051675304611,7.971370339269924 93.52109873312028,7.971037149444939 93.52465534227022,7.970559358527709 93.52439773057122,7.968561529890607 93.53547906890404,7.963698864111507 93.53756713911233,7.961622953636436 93.53788006271483,7.958426951942201 93.53910243472987,7.957082509550389 93.5425486565953,7.955305814311998 93.54545152157053,7.9516067507509405 93.55187594911595,7.949030518643653 93.56210684805288,7.938983440233699 93.56248390680688,7.9373265508797175 93.56878781350699,7.93350255529873 93.57380485511018,7.928812503594301 93.57540345220767,7.929337143794385 93.5774433610226,7.92828857925457 93.57688927611949,7.931547761020553 93.57930755579926,7.933394909147978 93.57928931754819,7.936523437406834 93.58114635911741,7.9383205175778215 93.58119535418248,7.9388365746484055 93.58020305662583,7.942321300088167 93.58179485754695,7.949356556160282 93.58179175848309,7.95100665113614 93.58150887493466,7.9519584180464875 93.57963621573899,7.954360366038188 93.57963836152138,7.954695821255129 93.58155751206979,7.95780897110717 93.58181345462745,7.962709546008782 93.57969892006943,7.964068770557432 93.57934284249816,7.965567946703501 93.58206093276604,7.968563079422495 93.5827592608313,7.970398664067133 93.58272647874443,7.971279144417096 93.58195614825777,7.975418448602554 93.57986760140889,7.976911425721823 93.57964670633058,7.978443265244607 93.58024442184276,7.980681776742628 93.58295142616774,7.983119249753713 93.58153092900935,7.9851746556858245 93.58269941814396,7.9914370775589845 93.5767903327077,7.9993995427548015 93.57257914571099,8.007030129337224 93.57129871886085,8.011616706845672 93.56660687930415,8.015628218267565 93.56461107773933,8.023622631879107 93.56307327751003,8.024921179169255 93.56106305081934,8.023463011209088 93.55989205797218,8.024737357742808 93.5566076043576,8.025035143057536 93.55439531798979,8.02647674100885 93.54779434183561,8.026957512279566 93.54697763960664,8.028660059314376 93.54602432226486,8.028434038100372 93.54529643078567,8.028104901520067</coordinates>
                            </LinearRing>
                        </innerBoundaryIs>
                        <innerBoundaryIs>
                            <LinearRing>
                                <tessellate>1</tessellate>
                                <coordinates>93.46554994587339,7.9280220273946895 93.46515202554568,7.929278850638397 93.46235382546885,7.9342912436461575 93.45942556813546,7.937500000424848 93.43970644479688,7.954490661614827 93.43598806829479,7.956315755667788 93.43277561620195,7.964931726718007 93.43012881249481,7.967633843227304 93.42254924804948,7.96004664893394 93.42082571983153,7.959295153848402 93.41635644449443,7.959292531425135 93.4122705456493,7.9619147773451004 93.4102391003544,7.967789531162111 93.4053647514825,7.971297025637156 93.40269517873972,7.974493861002827 93.40217375721332,7.9766286608841455 93.4022685286698,7.978302955716785 93.40449285516141,7.983899712901504 93.40303957501644,7.98997986288046 93.40302514989102,7.99439954780091 93.40359044034679,7.997871041515268 93.405791521162,8.003510117198118 93.40959882712431,8.005332470117352 93.40974581231953,8.006595254067918 93.40773355945655,8.00906813158916 93.40613174458443,8.010573148831895 93.40249991433987,8.012328267535608 93.39801502227564,8.017548441707191 93.38564240946991,8.021212458688126 93.38253164282119,8.022815346450997 93.37945115544667,8.024785518237067 93.37708210915238,8.023195863098792 93.37156045435157,8.02205145331213 93.37084043014212,8.02154481394193 93.36578822144949,8.014191031491038 93.36524546170878,8.01365315956582 93.36111044908787,8.01035320793413 93.354800820002,8.007885455649301 93.35057890409328,8.00897061809961 93.34956765152609,8.013564705846633 93.3488190171843,8.014934659307173 93.34731936439746,8.016546964770711 93.3467209339241,8.01608407472024 93.34208083146521,8.01063454195075 93.33673155331891,8.012150406816033 93.32671511211285,8.002409338920074 93.32212233557723,7.991127848371491 93.32408285134287,7.9767899515949665 93.32143700091709,7.972986459657477 93.31704902609201,7.970484257042855 93.31501531630406,7.965915441144801 93.31059050524792,7.961621404104548 93.31234240527803,7.950029611477532 93.31812334091958,7.943030834605267 93.31896853457047,7.93981504422905 93.31891334047842,7.93649315813272 93.31740725034447,7.9336431022473874 93.32206141909958,7.926785349864005 93.322546363224,7.9265544417342255 93.330824255735,7.923303961808571 93.33126974120583,7.923431753672503 93.33275270437392,7.925235032870461 93.33061492413984,7.9285676478788645 93.33394157844137,7.93556463689842 93.33768665761332,7.936054825869618 93.34294736422979,7.931715249858996 93.34776735268142,7.935450434689841 93.34845173316128,7.939351677537999 93.34656524688901,7.940443753976169 93.34330534926269,7.9387439489740785 93.34319102744419,7.939454555483451 93.34978365878894,7.945081353621532 93.35074424714944,7.944862842646273 93.3509885075139,7.9430868623689435 93.35437464747227,7.9410023687645435 93.35772025588508,7.9418298008047685 93.35231912103077,7.935559153732058 93.34493196024212,7.930681467475651 93.34479916095259,7.928259729902777 93.34600210221564,7.927217841030711 93.35104024371233,7.931896447962799 93.35160315006559,7.93105304216418 93.34472811181311,7.92240226285422 93.34261214733314,7.917890548510044 93.34513771523373,7.914749265166378 93.34660446632338,7.910156250310649 93.34702134166199,7.910156250310649 93.3465138677208,7.907366633363424 93.34381616148667,7.906521916353583 93.34448766727232,7.901706218567256 93.34899175176818,7.898856043971364 93.35016906235231,7.893465519318312 93.35235416851046,7.891422152610218 93.35556781310427,7.889300942384523 93.36450791330972,7.886516451573172 93.36741805110253,7.885964870382679 93.37068176275332,7.88648354987599 93.3721692558066,7.88372600095407 93.37248647187326,7.883565426103587 93.37709343431473,7.881655454935341 93.37752854790435,7.881735920876096 93.38004207568153,7.882263660140026 93.38193857680417,7.885319352306254 93.38670170292144,7.887270569980899 93.38867795502384,7.8887717722995205 93.39215731600771,7.892328858090238 93.39241003989176,7.892690062696204 93.39462041879742,7.89829981328586 93.39754664905891,7.902035236437001 93.40506672874668,7.90339422266527 93.40805077552321,7.902237415724187 93.41448461986946,7.906101941951121 93.41508257370205,7.906307101591423 93.42064344883627,7.907293439340947 93.42262101215036,7.9071766138096535 93.4287978410479,7.905450344457833 93.43955945960167,7.899972915617738 93.44120585926325,7.898935079990167 93.44318163382562,7.896976470787692 93.44691514951458,7.892151474910634 93.44829440106597,7.888240456431959 93.45113456260995,7.884904265719385 93.45153701282302,7.884075164537364 93.45123732094575,7.88151073423289 93.45316720040617,7.8754192590915295 93.4616402386063,7.872180342648832 93.4644875524589,7.874464153897748 93.46675765534187,7.879111647884287 93.47047555430365,7.882876277418262 93.4724189047088,7.89000225080342 93.47483861431081,7.89259314545744 93.468055725092,7.910156250310649 93.46773576699232,7.910156250310649 93.46567344707208,7.915444969909444 93.46555614490055,7.915928363603314 93.46629762693416,7.923536658690068 93.46554994587339,7.9280220273946895</coordinates>
                            </LinearRing>
                        </innerBoundaryIs>
                        <innerBoundaryIs>
                            <LinearRing>
                                <tessellate>1</tessellate>
                                <coordinates>93.34187197651082,7.906015038663085 93.34161913391623,7.9063512088413574 93.34079563640975,7.9057595727463195 93.3407077789411,7.905041575608308 93.34241712125313,7.904373765137208 93.34260416045387,7.904687762530443 93.34187197651082,7.906015038663085</coordinates>
                            </LinearRing>
                        </innerBoundaryIs>
                        <innerBoundaryIs>
                            <LinearRing>
                                <tessellate>1</tessellate>
                                <coordinates>93.3401920798008,7.910156250310649 93.33962774262639,7.911148547867398 93.33878886671314,7.910156250310649 93.3388081787547,7.909191608705825 93.33937764206453,7.908650160176791 93.33987784408745,7.908650160176791 93.34046125408375,7.909732818914392 93.3401920798008,7.910156250310649</coordinates>
                            </LinearRing>
                        </innerBoundaryIs>
                        <innerBoundaryIs>
                            <LinearRing>
                                <tessellate>1</tessellate>
                                <coordinates>93.54013156851707,7.5138120653746086 93.54248166070025,7.5100562572904295 93.54774844673366,7.511976837760912 93.54998183209628,7.51629066438278 93.54964375535516,7.518391370965162 93.54916644107837,7.519062638430142 93.54579913652114,7.522580504786674 93.54332804685217,7.525111555853627 93.54058063059179,7.5239217285049875 93.53978204700391,7.519417643109932 93.54160177750035,7.517790436779364 93.54013156851707,7.5138120653746086</coordinates>
                            </LinearRing>
                        </innerBoundaryIs>
                        <innerBoundaryIs>
                            <LinearRing>
                                <tessellate>1</tessellate>
                                <coordinates>93.63025951416543,7.478062152446498 93.63300800331697,7.475594401060761 93.63383758024023,7.475796342027465 93.63429415255317,7.476237058393451 93.63429415255317,7.47808873640615 93.63220310199173,7.47991073139525 93.6305154558236,7.47991073139525 93.63025951416543,7.478062152446498</coordinates>
                            </LinearRing>
                        </innerBoundaryIs>
                        <innerBoundaryIs>
                            <LinearRing>
                                <tessellate>1</tessellate>
                                <coordinates>93.64734637763345,7.476871370917024 93.64406061190792,7.474207758881107 93.64407920808921,7.471057653188197 93.64426124076377,7.470757126740111 93.65189981422535,7.4703389401901035 93.6525641677022,7.470785140621899 93.6525937320155,7.473632812404546 93.64986181287256,7.47625350969173 93.64767444132266,7.4767688509017916 93.64734637763345,7.476871370917024</coordinates>
                            </LinearRing>
                        </innerBoundaryIs>
                        <innerBoundaryIs>
                            <LinearRing>
                                <tessellate>1</tessellate>
                                <coordinates>93.710998058314,7.445048570735011 93.70834255186745,7.443420410223709 93.70571613309326,7.444661974670609 93.70482444719053,7.443396806617443 93.70499956587756,7.440555930112112 93.70680510956848,7.437448858777941 93.70659947418667,7.426902174595682 93.70929610752935,7.423692702855931 93.70898962037492,7.417522549626071 93.70611357678055,7.411698341305382 93.70680964035276,7.409400462861058 93.70572042465804,7.404628157363604 93.70310556846735,7.402088761487093 93.70372331098193,7.401057600627823 93.70804536370278,7.399997115574536 93.70928907393173,7.397040963070069 93.7134480471897,7.396224021621265 93.714496970559,7.39459836482267 93.71433055371213,7.393158554723513 93.71405434583156,7.39292442792015 93.70961344230673,7.392560839211498 93.7072705033311,7.393854975326832 93.70045995726142,7.392566442887244 93.69890701784473,7.393986344694127 93.69376122929728,7.389754653154725 93.69154155230095,7.3901128765081125 93.68414616541352,7.38738095736538 93.68152487277476,7.384001016433714 93.68156254267743,7.382812500296652 93.68005216097859,7.37649822261487 93.67446231868112,7.373340248753607 93.67158162559187,7.373636841566935 93.66570794556563,7.380845307964691 93.66373860835037,7.3810584544841475 93.66208374516893,7.380845307964691 93.65628254420434,7.373569846571343 93.64987933616268,7.368764638477245 93.64738774285021,7.369172572756142 93.64069533352321,7.373550534529784 93.63950097538995,7.373798727629179 93.63519680478888,7.373152971232557 93.63413965711939,7.3727284669451905 93.6323739291137,7.370396256881719 93.63101065132074,7.361270427788071 93.63101065132074,7.36060297524719 93.6318118573316,7.351488351706209 93.63339674516388,7.3476256133315445 93.63213694066766,7.337133765311123 93.63647413257527,7.331784247944697 93.63596975769829,7.3212889429304795 93.62971055539808,7.314283847421663 93.62941431961534,7.314059257928349 93.62533652815821,7.311765551439166 93.62231206854747,7.311499237899497 93.62193524811315,7.31119906938163 93.62114691769628,7.309079528297659 93.62115097004133,7.308374643275215 93.62223672874214,7.3062750104833185 93.62629675858895,7.305803537303447 93.628660202107,7.303030013724197 93.63422524919602,7.286136508093364 93.63395607491324,7.283249616876262 93.63114070857708,7.2788853643680795 93.63373494151463,7.276991844498113 93.63385164743582,7.275008916728041 93.62947475945273,7.269666552569433 93.62897884809561,7.265810131932199 93.62938117959769,7.264766573918337 93.63013255597266,7.263640880822081 93.63245141470125,7.263347268361869 93.63649284836637,7.259665727191646 93.63848185555335,7.256322502881275 93.63805115223917,7.252931952647543 93.64484965818556,7.245018959157846 93.64823520189319,7.242610454209199 93.6486711500535,7.242707252737603 93.65328812554688,7.244827747102846 93.65364956847296,7.245120524992245 93.66056954854619,7.252956032894758 93.6688765287291,7.257675051762348 93.6713025569675,7.268314957869094 93.67365765567652,7.271065712412607 93.67512345348464,7.275597334149765 93.6775089501779,7.2775924207536775 93.67698562118957,7.28093302264088 93.67943024650882,7.284847616824095 93.68333935752557,7.286175965848287 93.68670034434561,7.290696859572378 93.69829690427892,7.293556213548641 93.70527815786082,7.299160241751906 93.7072489258974,7.304117441566717 93.71355295220727,7.305274843858953 93.71545314774463,7.306772947113913 93.71846163269848,7.3050123452435685 93.72484517076819,7.30987954180749 93.72912383119993,7.321032047091293 93.73272776627365,7.323320150804463 93.73437035101088,7.326303959260429 93.73746395140043,7.33886885611291 93.74262225671194,7.347537755862774 93.74881017245175,7.35226023172433 93.74773955383753,7.354770780047517 93.74884617321234,7.356763243328999 93.7555303573404,7.35992562746587 93.75502896281662,7.363056540726959 93.75715696831972,7.367145538635768 93.75637495474078,7.374302506255816 93.75430297879964,7.376618147209825 93.75157344375961,7.376781940733991 93.74808216136265,7.38194537128183 93.74421632302526,7.382876754158971 93.74104917068277,7.384792804744279 93.7297384737519,7.393949508463265 93.72574675101171,7.396019459130855 93.721330642695,7.4021315575254505 93.72100925467348,7.416980862776654 93.7220921517318,7.420842409549479 93.720393657941,7.422814249578082 93.719870447663,7.4303268190274565 93.7160570622838,7.433872580555132 93.71325266317993,7.4438190464118605 93.71312725541887,7.444213748066147 93.710998058314,7.445048570735011</coordinates>
                            </LinearRing>
                        </innerBoundaryIs>
                        <innerBoundaryIs>
                            <LinearRing>
                                <tessellate>1</tessellate>
                                <coordinates>93.76594662633599,7.394145012082788 93.77021944567113,7.39386224724484 93.77095425113791,7.394177555849751 93.77182984367269,7.395082831407464 93.77227056003849,7.398397445585886 93.76760900065509,7.403826952252103 93.76719176738644,7.404102563882333 93.76256430130164,7.3985927108851115 93.76258134885043,7.397081613325753 93.765339732343,7.394359708134118 93.76594662633599,7.394145012082788</coordinates>
                            </LinearRing>
                        </innerBoundaryIs>
                        <innerBoundaryIs>
                            <LinearRing>
                                <tessellate>1</tessellate>
                                <coordinates>93.84471535662865,7.286087631738937 93.8457334044734,7.285770654891934 93.84621393652421,7.286191820895965 93.84839773147033,7.290058374194572 93.84421765831863,7.288158178656943 93.84471535662865,7.286087631738937</coordinates>
                            </LinearRing>
                        </innerBoundaryIs>
                        <innerBoundaryIs>
                            <LinearRing>
                                <tessellate>1</tessellate>
                                <coordinates>93.84735751173989,7.243617176891405 93.84568822343275,7.240267157303535 93.84331285940132,7.2397279741668115 93.8367631437043,7.241778254862709 93.83633744691602,7.241009235587782 93.83816790542451,7.238464951896049 93.83620750926914,7.239352821975189 93.83112657083498,7.236164331418806 93.82636606714053,7.237845301919208 93.81640970694255,7.235070109198247 93.81591296191377,7.232557177671822 93.81058514159119,7.231389165177902 93.80666434748198,7.232898950626293 93.8053770066438,7.227783441352869 93.80890822433528,7.228660703028979 93.80898594824313,7.223281979280088 93.81032884110331,7.219766736246015 93.8092554804563,7.21888875960866 93.80632317077803,7.219311118113808 93.80675172830976,7.216842055516494 93.80795025839805,7.214847564263806 93.81164860699775,7.214063048770797 93.80743587046916,7.21029090899826 93.80413234223394,7.212427616341401 93.80325734594996,7.211761235792537 93.80277621764859,7.21117794540605 93.80278480077791,7.209126710529347 93.80446875073224,7.207031249692406 93.80451893829834,7.207031249692406 93.80282592767483,7.201567531016963 93.80152475796135,7.20301616166671 93.80182301991684,7.205414533953785 93.7991055250001,7.206602931380303 93.7991794348832,7.207031249692406 93.79884374134579,7.207031249692406 93.7969765662157,7.209441900423343 93.79449081399983,7.210098147411472 93.79309344290837,7.212642907744154 93.78758752354551,7.210909128153773 93.78468370438972,7.2132929566046755 93.77723836915564,7.2118753192907405 93.777681231304,7.209673762733857 93.77745306520703,7.208897948181971 93.77619910270656,7.2076152559393165 93.77521872476453,7.207031249692406 93.77015614509028,7.207031249692406 93.76470804224257,7.209637046112817 93.76430952566434,7.211014270592088 93.76603996787051,7.214244842225838 93.76349902156275,7.213530540402104 93.76083755530922,7.21451330154764 93.75420081581527,7.210676550882283 93.75187504309898,7.207031249692406 93.75168597682645,7.207031249692406 93.75428867328392,7.203929424103762 93.75444400328834,7.203572154031917 93.75430965446722,7.202536224966806 93.75375521163389,7.202248811533579 93.75057244256416,7.202955126477974 93.7461434604526,7.200308919021538 93.73666644070366,7.189499378293675 93.7334519624383,7.18726921070548 93.7328269480054,7.187129855358577 93.7293074134067,7.187420845395707 93.72541904435346,7.1858552696049145 93.71918666343393,7.187686443075108 93.71842706185967,7.190081358368218 93.71289110154336,7.192171216428591 93.70693755182688,7.191699862858371 93.7014552351711,7.188598870941348 93.69373023506253,7.19020223624419 93.69219124323152,7.191645025797527 93.68607664112429,7.189909100424572 93.68349278006806,7.183082938526795 93.6814578768797,7.182496308957511 93.67298960688495,7.175569176576204 93.67573225493985,7.172253847437261 93.67447912701007,7.160202741363577 93.67774641526503,7.156839608761047 93.67854404467201,7.1539592745008775 93.67669594326313,7.141622424135505 93.67269515985393,7.1376296285044845 93.66927111167277,7.139389037873798 93.6673971412653,7.139050960233689 93.66706800468481,7.1346483228617785 93.66535055678278,7.13152682820072 93.66358470916728,7.129743337684815 93.65791976448557,7.129155278193579 93.65564847000107,7.125228404667141 93.65613615525965,7.1150976416427625 93.65826296826154,7.11190640905356 93.66280925254532,7.111621141402537 93.66749835006877,7.117435335772228 93.67262923685004,7.114919305181786 93.67461097211904,7.112242340911266 93.67409074309367,7.1100268367691655 93.6679979558414,7.1060390476638275 93.66601121404645,7.103577852335931 93.65923821916877,7.1022721527377115 93.65734624883069,7.099315166561894 93.6574311259458,7.094517469605464 93.65872287705909,7.091061949649244 93.66035294503232,7.089704155922277 93.66052496465548,7.08603572866609 93.6623903510339,7.085175752858902 93.66610372101005,7.086711168085955 93.6664011474954,7.086576104303845 93.66959440715638,7.083860158919251 93.6698503497141,7.082769632012955 93.67011427915062,7.081561445904114 93.66950082820094,7.079577326532373 93.66889166791643,7.0787208077192645 93.66379916689814,7.07365500937135 93.6620881554442,7.069334149151857 93.66291415666316,7.066953658984119 93.66797614098627,7.067105650705457 93.6683038476447,7.065836072376953 93.66717040509039,7.06012284759133 93.6676306727177,7.054289579500548 93.66451215751047,7.0483411550202675 93.6643774507589,7.047583102977896 93.66473472083075,7.044021367692068 93.66515970265837,7.042154908422262 93.66667616377427,7.040486454686203 93.67060935503778,7.039034127822902 93.67299914329598,7.036690830917138 93.67292404181106,7.033528566390373 93.67273664468044,7.033156633771711 93.67147171494801,7.031834006234533 93.66990780829886,7.031249999987523 93.66912925261298,7.0292824506246205 93.66966557500658,7.02746903876519 93.67416691746936,7.023608804103134 93.67409574961917,7.022558569522332 93.6736425164892,7.021440028734418 93.67008876808237,7.019718647197735 93.66944754157109,7.012303113697769 93.6638159752271,7.010515809157312 93.66353201878783,7.010113358944338 93.66272604457131,7.0074013471943175 93.66299593471487,7.006560206788194 93.66450297813034,7.004462360949276 93.66695702115001,7.003069043101775 93.67332684995452,7.003329634255238 93.6746854782522,7.0049705507503575 93.67713224845457,7.015686750843088 93.68118023907701,7.0175459381946155 93.68670952282659,7.017946600555248 93.69460225099337,7.014654517092254 93.7009096146871,7.009443521401565 93.70623755461966,6.999879836685224 93.70593667024136,6.997032761153093 93.70348715800614,6.994078159079876 93.7047727109921,6.990414023388482 93.70847964272141,6.990055680425527 93.71160042242175,6.992599606186957 93.7161905765341,6.99352026015184 93.72271907362656,6.991856932551386 93.72929835363632,6.9846514465072005 93.73367083044477,6.977262258646235 93.73139607896613,6.969377279038156 93.7321665290622,6.967358946758097 93.73511862742274,6.965674757583926 93.73515796646737,6.959897518156012 93.73830306563426,6.959636449462593 93.7426288127696,6.963379144531913 93.74529337898642,6.961660147098186 93.74846613410514,6.9562518599355485 93.74640214414379,6.951827048879224 93.7496546502422,6.948492407698538 93.75079715256678,6.944840430841438 93.74933755378535,6.941691755969757 93.75135421782309,6.940056443150468 93.75208246723233,6.937226533877407 93.75124454460033,6.929469943283408 93.74889624116886,6.9283534286679895 93.74313128018483,6.9289176462324775 93.74182355441391,6.927855134107347 93.74188065506834,6.924802660614361 93.74670255188133,6.918093919598846 93.74910330737183,6.910485625411468 93.75233352197463,6.907430529495386 93.75414645629402,6.907057404375607 93.75643622914882,6.909091711313451 93.75796175003487,6.913124203918969 93.76208412628162,6.916055440706131 93.76377022291754,6.9165338278739625 93.7657072546863,6.915038943292515 93.76626980310917,6.911443353028233 93.76543903368454,6.909217119074867 93.76315855981969,6.907835721741193 93.76508021318128,6.904055953019892 93.7678084370099,6.901970148203731 93.7669696807063,6.89885544792071 93.76804125350114,6.895246505422094 93.76881980918702,6.89485895607605 93.7708649637473,6.897102236678833 93.77166032776213,6.893749832988462 93.7762080428669,6.890918732114017 93.77935397660477,6.891368150319863 93.78063952959079,6.890260338443852 93.78052115452786,6.888700246718983 93.77728617171974,6.884686946545273 93.7802666427913,6.883585453305997 93.77921032879388,6.880785107446968 93.77169144160715,6.876524925384999 93.77549624475611,6.869848847746297 93.77332460864378,6.866498708548676 93.77337443827983,6.865177154801984 93.7735245225389,6.864826560397361 93.7792996170837,6.857234954929183 93.78091275711805,6.855468750282739 93.78147482890049,6.855468750282739 93.78243613222199,6.854678631113984 93.78597104522791,6.855468750282739 93.78597104522791,6.8556082252393935 93.78791034238876,6.857068419372112 93.78847217585044,6.856882453062823 93.78990554770323,6.855468750282739 93.79018664339893,6.855468750282739 93.79086124914753,6.852749347904165 93.7939324375321,6.851021647730931 93.79421973225513,6.85057485104862 93.79435360443532,6.84923744225415 93.79350388089952,6.847491502930538 93.7913308139662,6.844826221752825 93.78780400744895,6.842309355692109 93.7857544426137,6.83536946732697 93.78665053879158,6.830695151959674 93.79490506691567,6.823851347161948 93.79610002039979,6.818742751876584 93.80353295847922,6.812254548009079 93.80634832391618,6.8125319483908555 93.81054472965596,6.818065762924661 93.81331872897644,6.818023443527167 93.81395745267437,6.817769170111234 93.81527364286435,6.816242813754911 93.81542086638004,6.815461277715826 93.8155914542825,6.811275005537141 93.813119411332,6.807572722403208 93.8084701303923,6.8067029718648655 93.80829584627637,6.8059984447725554 93.80922615536284,6.802919148999692 93.80769395790983,6.798131346384707 93.80789005778004,6.797325373067551 93.80836975615946,6.796612143236004 93.81144726318095,6.794852614256953 93.81177926050461,6.7933470007634185 93.8087377551436,6.789876341619873 93.80760943872477,6.783887743524687 93.81220424143285,6.780678629715155 93.81286990612145,6.77936077128264 93.81280374569624,6.778896451310203 93.81133925909981,6.776798844690958 93.80567026117379,6.772685766535119 93.80401074849752,6.7689629797576885 93.80472886524493,6.765241742512501 93.80485534679698,6.764906167685467 93.80661654491794,6.762745738025501 93.8097162247241,6.762142658057314 93.81080436662833,6.7599500416610425 93.82041132492273,6.755792260004824 93.82629597218173,6.754214644090482 93.82890033688133,6.754269719471893 93.8311289549375,6.755753755531529 93.83480322329027,6.755342245548192 93.83494997016535,6.755537152018007 93.83922195403014,6.770360827490194 93.84725344219291,6.779120207131996 93.8468538518238,6.786453962580424 93.84894943227064,6.790403962173173 93.84616673021068,6.8000948425030145 93.84877157245026,6.8083355426512355 93.85151147847213,6.813141226486465 93.85073924052372,6.815691947525394 93.85094737961813,6.815947651762642 93.8529111149563,6.816372752300694 93.85498082640422,6.815374851068469 93.8671874999034,6.815011143649542 93.86822605139142,6.814994811961185 93.86975514888118,6.812071919083849 93.87764024719982,6.803746700649739 93.87890553486275,6.801391958971919 93.87959313401606,6.7950958017298575 93.88029587235704,6.793385744456472 93.88071727758054,6.793270111426395 93.88190853575034,6.793022632388599 93.88286137555232,6.793116450563957 93.8827877048889,6.794593930565597 93.88301205606174,6.794747113888235 93.88739144775744,6.796730876229034 93.88920855493123,6.803775549102255 93.89399445098323,6.803601503306709 93.89630901814692,6.8045046330825585 93.89787232854522,6.806612372363006 93.90200102342871,6.8127144577062495 93.90178441991534,6.820191621746176 93.90874934180889,6.828544258710565 93.91017627721376,6.835768103515306 93.90754580519516,6.839247942038853 93.90523505205627,6.840394973349419 93.90109396001853,6.840431213329936 93.8961067201491,6.841690420676329 93.89574933046751,6.84212851551851 93.89379191376591,6.846559048061664 93.89339697379168,6.849258303827867 93.89339661586146,6.850236415478378 93.89472794523877,6.855468750282739 93.89444684954262,6.855468750282739 93.89307141291565,6.865349053915679 93.89335978052978,6.8661172386198785 93.8943959470158,6.867489934113337 93.90071380130107,6.871125936313007 93.90167856251563,6.872814417051799 93.90166044207572,6.881101131012414 93.90009164851094,6.88303053383224 93.90015244448003,6.886018157212305 93.89756774885282,6.888511538376775 93.89658057653267,6.8911825419408785 93.89698457717671,6.893219113371487 93.89970862905002,6.894778848065513 93.9003076557739,6.896656632497724 93.8973323108377,6.902134418368675 93.902137160102,6.907395601625723 93.90918612454013,6.905045151512695 93.91263401464803,6.9071191545253185 93.9132788177632,6.909972072053492 93.91645050089008,6.9125230314128885 93.91577434560989,6.917129159283206 93.91059494040454,6.922500610214897 93.90913414912202,6.927288532439803 93.91115713089707,6.931936145136987 93.91742944711152,6.932936549182557 93.91729640950169,6.943420767354482 93.91826844173559,6.946885347081235 93.91843557354301,6.947132468188812 93.92752075238096,6.954924344582878 93.94002103834046,6.950107336484436 93.94330012839842,6.951095223765478 93.94562327869156,6.954844951533502 93.94432055944654,6.95936834807074 93.93550705950352,6.962887048998169 93.93313884777982,6.970145702062652 93.92837154880831,6.973902344717473 93.92797386680073,6.9783302548375445 93.92920053038043,6.983183264596221 93.92785882912179,6.986136555457776 93.91886794599898,6.99304306548521 93.91566431535622,6.993303537028652 93.91386783143562,6.996277332433166 93.91386795014617,6.99983155748059 93.91584193685608,7.004032253885541 93.91926753546866,7.0074533226127755 93.92478024920936,7.01077294331661 93.92649674382986,7.01107835758026 93.92722845113232,7.0109803674501165 93.93005847911556,7.009454608243502 93.93382894974641,7.000687718363494 93.93913555146472,6.997716069641115 93.94127571580194,6.99418652019169 93.94266355048254,6.992898941033374 93.944025516165,6.992580652075432 93.94458234310085,6.992957710829785 93.94787180414076,6.997938752571429 93.94781196145314,7.002368330933663 93.94629907604181,7.008011341150549 93.94578051525869,7.0090322497385245 93.94517493247733,7.009574174908423 93.93984425051181,7.010548352924104 93.93944466104247,7.01074886306975 93.93663930865725,7.0132445096265315 93.93494510643163,7.0163216587178 93.93489444222493,7.019654631655882 93.92858135704435,7.026898265142961 93.92810952683354,7.027212142926018 93.92692232100833,7.027161240399025 93.92069065594924,7.02346611047254 93.91802477852085,7.023586153778055 93.91746294505904,7.023958325616206 93.91611695313506,7.02516281641077 93.91573202621228,7.026876330678235 93.91664791107243,7.031249999987523 93.91664791107243,7.031668543568571 93.91413664778835,7.033911466241136 93.91404724078777,7.037157535891637 93.91222596165895,7.039404630519343 93.91223084947453,7.040071249388689 93.91244745298778,7.0411727426280635 93.91649794552373,7.044371843385875 93.91668105108974,7.047612905611047 93.91171324287197,7.052719712145233 93.91097104587735,7.0560040470491 93.90851795703836,7.059757947671358 93.90576374550076,7.061840057172887 93.90656065904747,7.069125175486647 93.90591347182934,7.070443630169493 93.90156745937097,7.077545761627718 93.89849960837037,7.078932046776615 93.8933950663293,7.078987837119001 93.89231050012958,7.079486608320508 93.89068603493277,7.080668926329778 93.88807773569911,7.085931539508962 93.88785481444839,7.08665311325062 93.88767087431168,7.096122979791858 93.88578712917305,7.099506139396951 93.88546025708561,7.105026840915897 93.88859415069956,7.110102057863855 93.88883554942137,7.114450454425082 93.89020264123914,7.1158869262407904 93.8912922139647,7.121417403390453 93.88974547357489,7.123800635590939 93.88570892772489,7.125694036750531 93.88411474270143,7.13152182077549 93.88678431544403,7.139518141848768 93.88658535483026,7.1459349395458815 93.88788247129926,7.15027940247262 93.88404691223539,7.161506653109711 93.88505327698718,7.1660765409995975 93.88158071038154,7.168648123612044 93.87979495537306,7.172785878265628 93.88341510252533,7.1828479762532425 93.88345813778281,7.188755154226953 93.87986242790888,7.1932189463971525 93.88202905659588,7.197806358476782 93.88247525702789,7.203566909185497 93.87770724309516,7.203428507120037 93.87720835228382,7.203724980323543 93.87618017177775,7.207031249692406 93.87590622928943,7.207031249692406 93.87451565257547,7.210269212854087 93.87159764751371,7.212620854568783 93.87025141726909,7.215820431967458 93.86884677425937,7.217094540181051 93.8671874999034,7.217354774303487 93.86335873611702,7.216596841870668 93.85906946638298,7.2172298431826505 93.85780191422694,7.214954018812989 93.85411965809581,7.213699817992278 93.85099172608736,7.214212775099639 93.84614431820577,7.218031644544666 93.8424072268123,7.228521466392621 93.84816181681467,7.233089208500289 93.84828305262116,7.233379244356684 93.84757161154087,7.235911845855242 93.84815442528665,7.240098953504116 93.8482669592531,7.241262912753186 93.84735751173989,7.243617176891405</coordinates>
                            </LinearRing>
                        </innerBoundaryIs>
                        <innerBoundaryIs>
                            <LinearRing>
                                <tessellate>1</tessellate>
                                <coordinates>93.78861796854463,6.852610349588119 93.78772676018198,6.852704644403715 93.78718411915182,6.852221846960717 93.78427386264858,6.849099158899065 93.78444921965607,6.848781347481179 93.78703236575123,6.847992301203789 93.78751492487399,6.848104715560282 93.79038274326919,6.850528359696156 93.7902165647429,6.851924061646173 93.78984284427216,6.852196454602719 93.78861796854463,6.852610349588119</coordinates>
                            </LinearRing>
                        </innerBoundaryIs>
                        <innerBoundaryIs>
                            <LinearRing>
                                <tessellate>1</tessellate>
                                <coordinates>93.72153663600719,7.213096380093873 93.71362495462816,7.221958756391402 93.71356284654834,7.224801659968762 93.71081244903567,7.229771256038788 93.70954072492466,7.2310502529667104 93.70898497087992,7.23084354379472 93.70636463152269,7.226525425608145 93.7082244160242,7.223470449301814 93.70856237405431,7.2200056312550345 93.71114253979661,7.216930508336418 93.71132338086957,7.2164144512660044 93.71169733966079,7.20942044259948 93.71242451707784,7.208031416316771 93.71334373932237,7.207031249692406 93.71503114716987,7.207031249692406 93.71503114716987,7.207170724649416 93.71525621420315,7.207301020226055 93.71542501425327,7.207282424044749 93.71553754821949,7.20720791791112 93.71559357598281,7.207031249692406 93.7197643519435,7.20656466522712 93.71981251243758,7.207031249692406 93.71977591542648,7.210731625364232 93.72153663600719,7.213096380093873</coordinates>
                            </LinearRing>
                        </innerBoundaryIs>
                        <innerBoundaryIs>
                            <LinearRing>
                                <tessellate>1</tessellate>
                                <coordinates>93.69211244553301,7.408367753369362 93.68901491150913,7.409907579770945 93.68333077439607,7.406419634758308 93.68308424953872,7.405961752133152 93.68358767023497,7.402509212530148 93.68440473039416,7.400253415163206 93.68725585917096,7.397353529641805 93.68967676127366,7.396836877220238 93.69123816510947,7.396952271030486 93.69499802553875,7.399306654778272 93.69143736404337,7.40421545487942 93.69211244553301,7.408367753369362</coordinates>
                            </LinearRing>
                        </innerBoundaryIs>
                    </Polygon>
                </MultiGeometry>
            </Placemark>
        </Folder>
    </Document>
</kml>
